"Step","DQN_EQL_CliffWalking_100 - eval/avg_reward","DQN_EQL_CliffWalking_100 - eval/avg_reward__MIN","DQN_EQL_CliffWalking_100 - eval/avg_reward__MAX","DQN_EQL_CliffWalking_90 - eval/avg_reward","DQN_EQL_CliffWalking_90 - eval/avg_reward__MIN","DQN_EQL_CliffWalking_90 - eval/avg_reward__MAX","DQN_EQL_CliffWalking_80 - eval/avg_reward","DQN_EQL_CliffWalking_80 - eval/avg_reward__MIN","DQN_EQL_CliffWalking_80 - eval/avg_reward__MAX","DQN_EQL_CliffWalking_70 - eval/avg_reward","DQN_EQL_CliffWalking_70 - eval/avg_reward__MIN","DQN_EQL_CliffWalking_70 - eval/avg_reward__MAX","DQN_EQL_CliffWalking_60 - eval/avg_reward","DQN_EQL_CliffWalking_60 - eval/avg_reward__MIN","DQN_EQL_CliffWalking_60 - eval/avg_reward__MAX","DQN_EQL_CliffWalking_50 - eval/avg_reward","DQN_EQL_CliffWalking_50 - eval/avg_reward__MIN","DQN_EQL_CliffWalking_50 - eval/avg_reward__MAX","DQN_EQL_CliffWalking_40 - eval/avg_reward","DQN_EQL_CliffWalking_40 - eval/avg_reward__MIN","DQN_EQL_CliffWalking_40 - eval/avg_reward__MAX","DQN_EQL_CliffWalking_30 - eval/avg_reward","DQN_EQL_CliffWalking_30 - eval/avg_reward__MIN","DQN_EQL_CliffWalking_30 - eval/avg_reward__MAX","DQN_EQL_CliffWalking_20 - eval/avg_reward","DQN_EQL_CliffWalking_20 - eval/avg_reward__MIN","DQN_EQL_CliffWalking_20 - eval/avg_reward__MAX","DQN_EQL_CliffWalking_10 - eval/avg_reward","DQN_EQL_CliffWalking_10 - eval/avg_reward__MIN","DQN_EQL_CliffWalking_10 - eval/avg_reward__MAX"
"0","-100","-100","-100","-100","-100","-100","-100","-100","-100","-100","-100","-100","-100","-100","-100","-100","-100","-100","-100","-100","-100","-100","-100","-100","-100","-100","-100","-100","-100","-100"
"500","-100","-100","-100","-100","-100","-100","-100","-100","-100","-100","-100","-100","-100","-100","-100","-100","-100","-100","-100","-100","-100","-100","-100","-100","-100","-100","-100","-100","-100","-100"
"1000","-100","-100","-100","-100","-100","-100","-100","-100","-100","-100","-100","-100","-100","-100","-100","-100","-100","-100","-100","-100","-100","-100","-100","-100","-100","-100","-100","-100","-100","-100"
"1500","-100","-100","-100","-100","-100","-100","-100","-100","-100","-100","-100","-100","-100","-100","-100","-100","-100","-100","-100","-100","-100","-100","-100","-100","-100","-100","-100","-100","-100","-100"
"2000","-100","-100","-100","-100","-100","-100","-100","-100","-100","-100","-100","-100","-100","-100","-100","-100","-100","-100","-100","-100","-100","-100","-100","-100","-100","-100","-100","-100","-100","-100"
"2500","-100","-100","-100","-100","-100","-100","-100","-100","-100","-100","-100","-100","-100","-100","-100","-100","-100","-100","-100","-100","-100","-100","-100","-100","-100","-100","-100","-100","-100","-100"
"3000","-100","-100","-100","-100","-100","-100","-100","-100","-100","-100","-100","-100","-100","-100","-100","-100","-100","-100","-100","-100","-100","-100","-100","-100","-100","-100","-100","-100","-100","-100"
"3500","-13","-13","-13","-100","-100","-100","-100","-100","-100","-15","-15","-15","-100","-100","-100","-100","-100","-100","-14","-14","-14","-13","-13","-13","-100","-100","-100","-100","-100","-100"
"4000","-14","-14","-14","-13","-13","-13","-100","-100","-100","-14","-14","-14","-100","-100","-100","-15","-15","-15","-14","-14","-14","-15","-15","-15","-15","-15","-15","-13","-13","-13"
"4500","-15","-15","-15","-13","-13","-13","-100","-100","-100","-13","-13","-13","-100","-100","-100","-17","-17","-17","-13","-13","-13","-13","-13","-13","-13","-13","-13","-13","-13","-13"
"5000","-16","-16","-16","-13","-13","-13","-100","-100","-100","-13","-13","-13","-13","-13","-13","-100","-100","-100","-13","-13","-13","-16","-16","-16","-13","-13","-13","-13","-13","-13"
"5500","-16","-16","-16","-13","-13","-13","-100","-100","-100","-13","-13","-13","-13","-13","-13","-15","-15","-15","-13","-13","-13","-13","-13","-13","-13","-13","-13","-13","-13","-13"
"6000","-16","-16","-16","-100","-100","-100","-100","-100","-100","-13","-13","-13","-13","-13","-13","-14","-14","-14","-13","-13","-13","-13","-13","-13","-13","-13","-13","-100","-100","-100"
"6500","-15","-15","-15","-100","-100","-100","-100","-100","-100","-13","-13","-13","-13","-13","-13","-15","-15","-15","-15","-15","-15","-13","-13","-13","-13","-13","-13","-100","-100","-100"
"7000","-13","-13","-13","-100","-100","-100","-19","-19","-19","-13","-13","-13","-13","-13","-13","-15","-15","-15","-13","-13","-13","-13","-13","-13","-13","-13","-13","-100","-100","-100"
"7500","-100","-100","-100","-100","-100","-100","-13","-13","-13","-13","-13","-13","-13","-13","-13","-14","-14","-14","-13","-13","-13","-13","-13","-13","-13","-13","-13","-100","-100","-100"
"8000","-100","-100","-100","-13","-13","-13","-13","-13","-13","-13","-13","-13","-13","-13","-13","-13","-13","-13","-13","-13","-13","-13","-13","-13","-13","-13","-13","-13","-13","-13"
"8500","-100","-100","-100","-13","-13","-13","-13","-13","-13","-13","-13","-13","-13","-13","-13","-13","-13","-13","-13","-13","-13","-13","-13","-13","-13","-13","-13","-13","-13","-13"
"9000","-13","-13","-13","-13","-13","-13","-13","-13","-13","-13","-13","-13","-13","-13","-13","-13","-13","-13","-13","-13","-13","-13","-13","-13","-13","-13","-13","-13","-13","-13"
"9500","-13","-13","-13","-13","-13","-13","-13","-13","-13","-13","-13","-13","-13","-13","-13","-13","-13","-13","-13","-13","-13","-13","-13","-13","-13","-13","-13","-13","-13","-13"
"10000","-13","-13","-13","-13","-13","-13","-13","-13","-13","-13","-13","-13","-13","-13","-13","-13","-13","-13","-13","-13","-13","-13","-13","-13","-13","-13","-13","-13","-13","-13"
"10500","-13","-13","-13","-13","-13","-13","-13","-13","-13","-13","-13","-13","-13","-13","-13","-13","-13","-13","-13","-13","-13","-13","-13","-13","-13","-13","-13","-13","-13","-13"
"11000","-13","-13","-13","-13","-13","-13","-13","-13","-13","-13","-13","-13","-13","-13","-13","-13","-13","-13","-13","-13","-13","-13","-13","-13","-13","-13","-13","-13","-13","-13"
"11500","-13","-13","-13","-13","-13","-13","-13","-13","-13","-13","-13","-13","-13","-13","-13","-13","-13","-13","-13","-13","-13","-13","-13","-13","-13","-13","-13","-13","-13","-13"
"12000","-13","-13","-13","-13","-13","-13","-13","-13","-13","-13","-13","-13","-13","-13","-13","-13","-13","-13","-13","-13","-13","-13","-13","-13","-13","-13","-13","-13","-13","-13"
"12500","-13","-13","-13","-13","-13","-13","-13","-13","-13","-13","-13","-13","-13","-13","-13","-13","-13","-13","-13","-13","-13","-13","-13","-13","-13","-13","-13","-13","-13","-13"
"13000","-13","-13","-13","-13","-13","-13","-13","-13","-13","-13","-13","-13","-13","-13","-13","-13","-13","-13","-13","-13","-13","-13","-13","-13","-13","-13","-13","-13","-13","-13"
"13500","-13","-13","-13","-13","-13","-13","-13","-13","-13","-13","-13","-13","-13","-13","-13","-13","-13","-13","-13","-13","-13","-13","-13","-13","-13","-13","-13","-13","-13","-13"
"14000","-13","-13","-13","-13","-13","-13","-13","-13","-13","-13","-13","-13","-13","-13","-13","-13","-13","-13","-13","-13","-13","-13","-13","-13","-13","-13","-13","-13","-13","-13"
"14500","-13","-13","-13","-13","-13","-13","-13","-13","-13","-13","-13","-13","-13","-13","-13","-13","-13","-13","-13","-13","-13","-13","-13","-13","-13","-13","-13","-13","-13","-13"
"15000","-13","-13","-13","-13","-13","-13","-13","-13","-13","-13","-13","-13","-13","-13","-13","-13","-13","-13","-13","-13","-13","-13","-13","-13","-13","-13","-13","-13","-13","-13"
"15500","-13","-13","-13","-13","-13","-13","-13","-13","-13","-13","-13","-13","-13","-13","-13","-13","-13","-13","-13","-13","-13","-13","-13","-13","-13","-13","-13","-13","-13","-13"
"16000","-13","-13","-13","-13","-13","-13","-13","-13","-13","-13","-13","-13","-13","-13","-13","-13","-13","-13","-13","-13","-13","-13","-13","-13","-13","-13","-13","-13","-13","-13"
"16500","-13","-13","-13","-13","-13","-13","-13","-13","-13","-13","-13","-13","-13","-13","-13","-13","-13","-13","-13","-13","-13","-13","-13","-13","-13","-13","-13","-13","-13","-13"
"17000","-13","-13","-13","-13","-13","-13","-13","-13","-13","-13","-13","-13","-13","-13","-13","-13","-13","-13","-13","-13","-13","-13","-13","-13","-13","-13","-13","-13","-13","-13"
"17500","-13","-13","-13","-13","-13","-13","-13","-13","-13","-13","-13","-13","-13","-13","-13","-13","-13","-13","-13","-13","-13","-13","-13","-13","-13","-13","-13","-13","-13","-13"
"18000","-13","-13","-13","-13","-13","-13","-13","-13","-13","-13","-13","-13","-13","-13","-13","-13","-13","-13","-13","-13","-13","-13","-13","-13","-13","-13","-13","-13","-13","-13"
"18500","-13","-13","-13","-13","-13","-13","-13","-13","-13","-13","-13","-13","-13","-13","-13","-13","-13","-13","-13","-13","-13","-13","-13","-13","-13","-13","-13","-13","-13","-13"
"19000","-13","-13","-13","-13","-13","-13","-13","-13","-13","-13","-13","-13","-13","-13","-13","-13","-13","-13","-13","-13","-13","-13","-13","-13","-13","-13","-13","-13","-13","-13"
"19500","-13","-13","-13","-13","-13","-13","-13","-13","-13","-13","-13","-13","-13","-13","-13","-13","-13","-13","-13","-13","-13","-13","-13","-13","-13","-13","-13","-13","-13","-13"
"20000","-13","-13","-13","-13","-13","-13","-13","-13","-13","-13","-13","-13","-13","-13","-13","-13","-13","-13","-13","-13","-13","-13","-13","-13","-13","-13","-13","-13","-13","-13"
"20500","-13","-13","-13","-13","-13","-13","-13","-13","-13","-13","-13","-13","-13","-13","-13","-13","-13","-13","-13","-13","-13","-13","-13","-13","-13","-13","-13","-13","-13","-13"
"21000","-13","-13","-13","-13","-13","-13","-13","-13","-13","-13","-13","-13","-13","-13","-13","-13","-13","-13","-13","-13","-13","-13","-13","-13","-13","-13","-13","-13","-13","-13"
"21500","-13","-13","-13","-13","-13","-13","-13","-13","-13","-13","-13","-13","-13","-13","-13","-13","-13","-13","-13","-13","-13","-13","-13","-13","-13","-13","-13","-13","-13","-13"
"22000","-13","-13","-13","-13","-13","-13","-13","-13","-13","-13","-13","-13","-13","-13","-13","-13","-13","-13","-13","-13","-13","-13","-13","-13","-13","-13","-13","-13","-13","-13"
"22500","-13","-13","-13","-13","-13","-13","-13","-13","-13","-13","-13","-13","-13","-13","-13","-13","-13","-13","-13","-13","-13","-13","-13","-13","-13","-13","-13","-13","-13","-13"
"23000","-13","-13","-13","-13","-13","-13","-13","-13","-13","-13","-13","-13","-13","-13","-13","-13","-13","-13","-13","-13","-13","-13","-13","-13","-13","-13","-13","-13","-13","-13"
"23500","-13","-13","-13","-13","-13","-13","-13","-13","-13","-13","-13","-13","-13","-13","-13","-13","-13","-13","-13","-13","-13","-13","-13","-13","-13","-13","-13","-13","-13","-13"
"24000","-13","-13","-13","-13","-13","-13","-13","-13","-13","-13","-13","-13","-13","-13","-13","-13","-13","-13","-13","-13","-13","-13","-13","-13","-13","-13","-13","-13","-13","-13"
"24500","-13","-13","-13","-13","-13","-13","-13","-13","-13","-13","-13","-13","-13","-13","-13","-13","-13","-13","-13","-13","-13","-13","-13","-13","-13","-13","-13","-13","-13","-13"
"25000","-13","-13","-13","-13","-13","-13","-13","-13","-13","-13","-13","-13","-13","-13","-13","-13","-13","-13","-13","-13","-13","-13","-13","-13","-13","-13","-13","-13","-13","-13"
"25500","-13","-13","-13","-13","-13","-13","-13","-13","-13","-13","-13","-13","-13","-13","-13","-13","-13","-13","-13","-13","-13","-13","-13","-13","-13","-13","-13","-13","-13","-13"
"26000","-13","-13","-13","-13","-13","-13","-13","-13","-13","-13","-13","-13","-13","-13","-13","-13","-13","-13","-13","-13","-13","-13","-13","-13","-13","-13","-13","-13","-13","-13"
"26500","-13","-13","-13","-13","-13","-13","-13","-13","-13","-13","-13","-13","-13","-13","-13","-13","-13","-13","-13","-13","-13","-13","-13","-13","-13","-13","-13","-13","-13","-13"
"27000","-13","-13","-13","-13","-13","-13","-13","-13","-13","-13","-13","-13","-13","-13","-13","-13","-13","-13","-13","-13","-13","-13","-13","-13","-13","-13","-13","-13","-13","-13"
"27500","-13","-13","-13","-13","-13","-13","-13","-13","-13","-13","-13","-13","-13","-13","-13","-13","-13","-13","-13","-13","-13","-13","-13","-13","-13","-13","-13","-13","-13","-13"
"28000","-13","-13","-13","-13","-13","-13","-13","-13","-13","-13","-13","-13","-13","-13","-13","-13","-13","-13","-13","-13","-13","-13","-13","-13","-13","-13","-13","-13","-13","-13"
"28500","-13","-13","-13","-13","-13","-13","-13","-13","-13","-13","-13","-13","-13","-13","-13","-13","-13","-13","-13","-13","-13","-13","-13","-13","-13","-13","-13","-13","-13","-13"
"29000","-13","-13","-13","-13","-13","-13","-13","-13","-13","-13","-13","-13","-13","-13","-13","-13","-13","-13","-13","-13","-13","-13","-13","-13","-13","-13","-13","-13","-13","-13"
"29500","-13","-13","-13","-13","-13","-13","-13","-13","-13","-13","-13","-13","-13","-13","-13","-13","-13","-13","-13","-13","-13","-13","-13","-13","-13","-13","-13","-13","-13","-13"
"30000","-13","-13","-13","-13","-13","-13","-13","-13","-13","-13","-13","-13","-13","-13","-13","-13","-13","-13","-13","-13","-13","-13","-13","-13","-13","-13","-13","-13","-13","-13"
"30500","-13","-13","-13","-13","-13","-13","-13","-13","-13","-13","-13","-13","-13","-13","-13","-13","-13","-13","-13","-13","-13","-13","-13","-13","-13","-13","-13","-13","-13","-13"
"31000","-13","-13","-13","-13","-13","-13","-13","-13","-13","-13","-13","-13","-13","-13","-13","-13","-13","-13","-13","-13","-13","-13","-13","-13","-13","-13","-13","-13","-13","-13"
"31500","-13","-13","-13","-13","-13","-13","-13","-13","-13","-13","-13","-13","-13","-13","-13","-13","-13","-13","-13","-13","-13","-13","-13","-13","-13","-13","-13","-13","-13","-13"
"32000","-13","-13","-13","-13","-13","-13","-13","-13","-13","-13","-13","-13","-13","-13","-13","-13","-13","-13","-13","-13","-13","-13","-13","-13","-13","-13","-13","-13","-13","-13"
"32500","-13","-13","-13","-13","-13","-13","-13","-13","-13","-13","-13","-13","-13","-13","-13","-13","-13","-13","-13","-13","-13","-13","-13","-13","-13","-13","-13","-13","-13","-13"
"33000","-13","-13","-13","-13","-13","-13","-13","-13","-13","-13","-13","-13","-13","-13","-13","-13","-13","-13","-13","-13","-13","-13","-13","-13","-13","-13","-13","-13","-13","-13"
"33500","-13","-13","-13","-13","-13","-13","-13","-13","-13","-13","-13","-13","-13","-13","-13","-13","-13","-13","-13","-13","-13","-13","-13","-13","-13","-13","-13","-13","-13","-13"
"34000","-13","-13","-13","-13","-13","-13","-13","-13","-13","-13","-13","-13","-13","-13","-13","-13","-13","-13","-13","-13","-13","-13","-13","-13","-13","-13","-13","-13","-13","-13"
"34500","-13","-13","-13","-13","-13","-13","-13","-13","-13","-13","-13","-13","-13","-13","-13","-13","-13","-13","-13","-13","-13","-13","-13","-13","-13","-13","-13","-13","-13","-13"
"35000","-13","-13","-13","-13","-13","-13","-13","-13","-13","-13","-13","-13","-13","-13","-13","-13","-13","-13","-13","-13","-13","-13","-13","-13","-13","-13","-13","-13","-13","-13"
"35500","-13","-13","-13","-13","-13","-13","-13","-13","-13","-13","-13","-13","-13","-13","-13","-13","-13","-13","-13","-13","-13","-13","-13","-13","-13","-13","-13","-13","-13","-13"
"36000","-13","-13","-13","-13","-13","-13","-13","-13","-13","-13","-13","-13","-13","-13","-13","-13","-13","-13","-13","-13","-13","-13","-13","-13","-13","-13","-13","-13","-13","-13"
"36500","-13","-13","-13","-13","-13","-13","-13","-13","-13","-13","-13","-13","-13","-13","-13","-13","-13","-13","-13","-13","-13","-13","-13","-13","-13","-13","-13","-13","-13","-13"
"37000","-13","-13","-13","-13","-13","-13","-13","-13","-13","-13","-13","-13","-13","-13","-13","-13","-13","-13","-13","-13","-13","-13","-13","-13","-13","-13","-13","-13","-13","-13"
"37500","-13","-13","-13","-13","-13","-13","-13","-13","-13","-13","-13","-13","-13","-13","-13","-13","-13","-13","-13","-13","-13","-13","-13","-13","-13","-13","-13","-13","-13","-13"
"38000","-13","-13","-13","-13","-13","-13","-13","-13","-13","-13","-13","-13","-13","-13","-13","-13","-13","-13","-13","-13","-13","-13","-13","-13","-13","-13","-13","-13","-13","-13"
"38500","-13","-13","-13","-13","-13","-13","-13","-13","-13","-13","-13","-13","-13","-13","-13","-13","-13","-13","-13","-13","-13","-13","-13","-13","-13","-13","-13","-13","-13","-13"
"39000","-13","-13","-13","-13","-13","-13","-13","-13","-13","-13","-13","-13","-13","-13","-13","-13","-13","-13","-13","-13","-13","-13","-13","-13","-13","-13","-13","-13","-13","-13"
"39500","-13","-13","-13","-13","-13","-13","-13","-13","-13","-13","-13","-13","-13","-13","-13","-13","-13","-13","-13","-13","-13","-13","-13","-13","-13","-13","-13","-13","-13","-13"
"40000","-13","-13","-13","-13","-13","-13","-13","-13","-13","-13","-13","-13","-13","-13","-13","-13","-13","-13","-13","-13","-13","-13","-13","-13","-13","-13","-13","-13","-13","-13"
"40500","-13","-13","-13","-13","-13","-13","-13","-13","-13","-13","-13","-13","-13","-13","-13","-13","-13","-13","-13","-13","-13","-13","-13","-13","-13","-13","-13","-13","-13","-13"
"41000","-13","-13","-13","-13","-13","-13","-13","-13","-13","-13","-13","-13","-13","-13","-13","-13","-13","-13","-13","-13","-13","-13","-13","-13","-13","-13","-13","-13","-13","-13"
"41500","-13","-13","-13","-13","-13","-13","-13","-13","-13","-13","-13","-13","-13","-13","-13","-13","-13","-13","-13","-13","-13","-13","-13","-13","-13","-13","-13","-13","-13","-13"
"42000","-13","-13","-13","-13","-13","-13","-13","-13","-13","-13","-13","-13","-13","-13","-13","-13","-13","-13","-13","-13","-13","-13","-13","-13","-13","-13","-13","-13","-13","-13"
"42500","-13","-13","-13","-13","-13","-13","-13","-13","-13","-13","-13","-13","-13","-13","-13","-13","-13","-13","-13","-13","-13","-13","-13","-13","-13","-13","-13","-13","-13","-13"
"43000","-13","-13","-13","-13","-13","-13","-13","-13","-13","-13","-13","-13","-13","-13","-13","-13","-13","-13","-13","-13","-13","-13","-13","-13","-13","-13","-13","-13","-13","-13"
"43500","-13","-13","-13","-13","-13","-13","-13","-13","-13","-13","-13","-13","-13","-13","-13","-13","-13","-13","-13","-13","-13","-13","-13","-13","-13","-13","-13","-13","-13","-13"
"44000","-13","-13","-13","-13","-13","-13","-13","-13","-13","-13","-13","-13","-13","-13","-13","-13","-13","-13","-13","-13","-13","-13","-13","-13","-13","-13","-13","-13","-13","-13"
"44500","-13","-13","-13","-13","-13","-13","-13","-13","-13","-13","-13","-13","-13","-13","-13","-13","-13","-13","-13","-13","-13","-13","-13","-13","-13","-13","-13","-13","-13","-13"
"45000","-13","-13","-13","-13","-13","-13","-13","-13","-13","-13","-13","-13","-13","-13","-13","-13","-13","-13","-13","-13","-13","-13","-13","-13","-13","-13","-13","-13","-13","-13"
"45500","-13","-13","-13","-13","-13","-13","-13","-13","-13","-13","-13","-13","-13","-13","-13","-13","-13","-13","-13","-13","-13","-13","-13","-13","-13","-13","-13","-13","-13","-13"
"46000","-13","-13","-13","-13","-13","-13","-13","-13","-13","-13","-13","-13","-13","-13","-13","-13","-13","-13","-13","-13","-13","-13","-13","-13","-13","-13","-13","-13","-13","-13"
"46500","-13","-13","-13","-13","-13","-13","-13","-13","-13","-13","-13","-13","-13","-13","-13","-13","-13","-13","-13","-13","-13","-13","-13","-13","-13","-13","-13","-13","-13","-13"
"47000","-13","-13","-13","-13","-13","-13","-13","-13","-13","-13","-13","-13","-13","-13","-13","-13","-13","-13","-13","-13","-13","-13","-13","-13","-13","-13","-13","-13","-13","-13"
"47500","-13","-13","-13","-13","-13","-13","-13","-13","-13","-13","-13","-13","-13","-13","-13","-13","-13","-13","-13","-13","-13","-13","-13","-13","-13","-13","-13","-13","-13","-13"
"48000","-13","-13","-13","-13","-13","-13","-13","-13","-13","-13","-13","-13","-13","-13","-13","-13","-13","-13","-13","-13","-13","-13","-13","-13","-13","-13","-13","-13","-13","-13"
"48500","-13","-13","-13","-13","-13","-13","-13","-13","-13","-13","-13","-13","-13","-13","-13","-13","-13","-13","-13","-13","-13","-13","-13","-13","-13","-13","-13","-13","-13","-13"
"49000","-13","-13","-13","-13","-13","-13","-13","-13","-13","-13","-13","-13","-13","-13","-13","-13","-13","-13","-13","-13","-13","-13","-13","-13","-13","-13","-13","-13","-13","-13"
"49500","-13","-13","-13","-13","-13","-13","-13","-13","-13","-13","-13","-13","-13","-13","-13","-13","-13","-13","-13","-13","-13","-13","-13","-13","-13","-13","-13","-13","-13","-13"
"50000","-13","-13","-13","-13","-13","-13","-13","-13","-13","-13","-13","-13","-13","-13","-13","-13","-13","-13","-13","-13","-13","-13","-13","-13","-13","-13","-13","-13","-13","-13"