step,Pendulum-v1_0,Pendulum-v1_1,Pendulum-v1_10,Pendulum-v1_11,Pendulum-v1_12,Pendulum-v1_13,Pendulum-v1_14,Pendulum-v1_15,Pendulum-v1_16,Pendulum-v1_17,Pendulum-v1_18,Pendulum-v1_19,Pendulum-v1_2,Pendulum-v1_3,Pendulum-v1_4,Pendulum-v1_5,Pendulum-v1_6,Pendulum-v1_7,Pendulum-v1_8,Pendulum-v1_9
0,-1062.5954729358295,-1489.5534472957415,-1452.7631073899386,-1275.2165836417412,-1076.9632882264573,-1551.8436031626215,-1248.506786966152,-1209.5689572761542,-1568.9914164926765,-1448.9737364488112,-1435.930552650268,-1401.6226261599954,-1251.0188341915482,-1149.8804169778966,-1494.0380537227197,-1436.4946402293442,-1448.4177689706441,-1287.533745727514,-1227.1472525562713,-1231.4761808535611
120,-1062.5954729358295,-1489.5534472957415,-1452.7631073899386,-1275.2165836417412,-1076.9632882264573,-1551.8436031626215,-1248.506786966152,-1209.5689572761542,-1568.9914164926765,-1448.9737364488112,-1435.930552650268,-1401.6226261599954,-1251.0188341915482,-1149.8804169778966,-1494.0380537227197,-1436.4946402293442,-1448.4177689706441,-1287.533745727514,-1227.1472525562713,-1231.4761808535611
240,-1062.5954729358295,-1489.5534472957415,-1452.7631073899386,-1275.2165836417412,-1076.9632882264573,-1551.8436031626215,-1248.506786966152,-1209.5689572761542,-1568.9914164926765,-1448.9737364488112,-1435.930552650268,-1401.6226261599954,-1251.0188341915482,-1149.8804169778966,-1494.0380537227197,-1436.4946402293442,-1448.4177689706441,-1287.533745727514,-1227.1472525562713,-1231.4761808535611
360,-1062.5954729358295,-1489.5534472957415,-1452.7631073899386,-1275.2165836417412,-1076.9632882264573,-1551.8436031626215,-1248.506786966152,-1209.5689572761542,-1568.9914164926765,-1448.9737364488112,-1435.930552650268,-1401.6226261599954,-1251.0188341915482,-1149.8804169778966,-1494.0380537227197,-1436.4946402293442,-1448.4177689706441,-1287.533745727514,-1227.1472525562713,-1231.4761808535611
480,-1062.5954729358295,-1489.5534472957415,-1452.7631073899386,-1275.2165836417412,-1076.9632882264573,-1551.8436031626215,-1248.506786966152,-1209.5689572761542,-1568.9914164926765,-1448.9737364488112,-1435.930552650268,-1401.6226261599954,-1251.0188341915482,-1149.8804169778966,-1494.0380537227197,-1436.4946402293442,-1448.4177689706441,-1287.533745727514,-1227.1472525562713,-1231.4761808535611
600,-1062.5954729358295,-1489.5534472957415,-1452.7631073899386,-1275.2165836417412,-1076.9632882264573,-1551.8436031626215,-1248.506786966152,-1209.5689572761542,-1568.9914164926765,-1448.9737364488112,-1435.930552650268,-1401.6226261599954,-1251.0188341915482,-1149.8804169778966,-1494.0380537227197,-1436.4946402293442,-1448.4177689706441,-1287.533745727514,-1227.1472525562713,-1231.4761808535611
720,-1062.5954729358295,-1489.5534472957415,-1452.7631073899386,-1275.2165836417412,-1076.9632882264573,-1551.8436031626215,-1248.506786966152,-1209.5689572761542,-1568.9914164926765,-1448.9737364488112,-1435.930552650268,-1401.6226261599954,-1251.0188341915482,-1149.8804169778966,-1494.0380537227197,-1436.4946402293442,-1448.4177689706441,-1287.533745727514,-1227.1472525562713,-1231.4761808535611
840,-1062.5954729358295,-1489.5534472957415,-1452.7631073899386,-1275.2165836417412,-1076.9632882264573,-1551.8436031626215,-1248.506786966152,-1209.5689572761542,-1568.9914164926765,-1448.9737364488112,-1435.930552650268,-1401.6226261599954,-1251.0188341915482,-1149.8804169778966,-1494.0380537227197,-1436.4946402293442,-1448.4177689706441,-1287.533745727514,-1227.1472525562713,-1231.4761808535611
960,-1062.5954729358295,-1489.5534472957415,-1452.7631073899386,-1275.2165836417412,-1076.9632882264573,-1551.8436031626215,-1248.506786966152,-1209.5689572761542,-1568.9914164926765,-1448.9737364488112,-1435.930552650268,-1401.6226261599954,-1251.0188341915482,-1149.8804169778966,-1494.0380537227197,-1436.4946402293442,-1448.4177689706441,-1287.533745727514,-1227.1472525562713,-1231.4761808535611
1080,-1449.579171564704,-1454.3972799437372,-1488.6336621736014,-1588.0592693736153,-1480.644788224289,-1528.8892471278982,-1433.077351565062,-1645.8940412321324,-1817.2719876978463,-1485.4175614972314,-1691.2842003545945,-1552.2954153301266,-1203.4183769796327,-1459.230446369735,-1494.2017600719707,-1607.1379559663947,-1448.011005258158,-1464.9017841659038,-1697.9120888138357,-1401.3030872111453
1200,-1630.1306881221008,-1521.6871013884313,-1497.9931669378543,-1394.4901793355139,-1539.6218769171637,-1559.8174868506646,-1420.211791200732,-1473.0360579746016,-1705.182463124823,-1425.9620368122228,-1504.369263708463,-1348.025991971154,-1152.7310553425482,-1639.546369376029,-1533.3740359151384,-1663.990876282741,-1280.9106253735288,-1474.0442386340328,-1576.4296470687873,-1560.5599308085943
1320,-1676.5025559593112,-1282.350807237551,-1526.6471115949896,-1846.4695602333297,-1460.2100819857963,-1580.0161643250278,-1657.7426255760706,-1569.3807765769534,-1790.5367237088606,-1607.623091676287,-1799.8402495078863,-1545.0266525943803,-1470.6786746025991,-1623.5719653479575,-1450.3548840722174,-1236.6911125134097,-1446.3251281940356,-1573.6446502293009,-1419.1439853843779,-1401.434332447929
1440,-1690.802136829367,-1274.1772287397703,-1521.8768181811652,-1748.2642099229804,-1487.1106714300108,-1583.4720985906954,-1626.3485134873542,-1623.3697099964763,-1706.504971443327,-1565.8753665610077,-1725.4702062663764,-1480.9460570224078,-1274.4359701456726,-1535.6925687431665,-1391.3570621668641,-1536.442020996662,-1816.1127556727974,-1597.341299310937,-1525.310043761384,-1554.0267934057235
1560,-1726.4301350971862,-1408.619741994166,-1409.9102795480449,-1822.418671511446,-1268.3021973035127,-1577.0630357308705,-1653.7753690537538,-1582.658811290092,-1517.2925674994055,-1649.4443412945748,-1786.7182425943415,-1201.407529971741,-1561.0168074954802,-1500.0351854319358,-1604.7283847462713,-1484.5705149482378,-1707.7837784008213,-1559.4296978559282,-1595.5038015578723,-1577.9165948736331
1680,-1570.8383076675364,-1174.2609392295153,-1256.3949116882802,-1684.017206298852,-1172.576837779193,-1537.31879161122,-1810.209182836373,-1523.006791722813,-1740.057925688037,-1364.7864726563052,-1708.1070144815408,-1286.7964246589092,-1721.414794073037,-1491.72981665016,-1432.7511560559535,-1388.6055500036741,-1697.7154233868362,-1574.843096514739,-1372.9742352326418,-1603.5975888681076
1800,-1336.2848835558766,-1168.6780071376168,-1209.5099078861808,-1527.3263416551122,-1119.86125620692,-1500.0657463480936,-1673.2359055679408,-1516.553082849097,-1560.826742527391,-1242.3468582479393,-1538.1737573745324,-1243.4602312509378,-1529.6568782460495,-1505.730153208804,-1388.7571999499087,-1218.1016820897976,-1608.748610316032,-1468.8085341084102,-1289.044481584257,-1534.4040173412025
1920,-1225.5910144260208,-1137.9445061517401,-1066.1636046158592,-1343.0542048187094,-1021.3552436818688,-1399.2683102167673,-1477.3920259988495,-1407.1688893174749,-1479.9701173665799,-1064.263045637067,-1383.7549243306005,-1223.9642196065856,-1406.982361718783,-1306.4658694156005,-689.2421361235135,-1072.8511723856682,-1474.106504227681,-1406.3196180638356,-1152.3888871045351,-1326.4099672072382
2040,-1076.0274144274858,-1091.8592477490781,-1027.401290766105,-1181.8198350169318,-1013.5313196249793,-1326.4886453934348,-1459.412654514502,-969.1296650384074,-1429.6305438194524,-1453.0597466790477,-1198.4062450212768,-871.1034985717704,-1216.6990050743823,-1304.5575120609883,-634.6919674181569,-1090.730995517899,-1223.4481557272927,-1215.5964050720959,-978.0823320850657,-1232.691708333155
2160,-942.7869310321606,-1165.1925510717933,-1059.679034109239,-1007.4744398768001,-1320.3349567391958,-1244.0725830597153,-1069.4350386090643,-906.9339662042282,-1304.9948378335657,-1018.7302864222572,-1004.4333746891622,-1309.7472968748318,-988.232536323151,-1067.3638331806676,-584.3078012989268,-1001.0450289173599,-1151.367353783392,-1180.2654692692215,-899.6035992862078,-1086.752701174859
2280,-929.8177760459796,-1298.4885232433012,-1188.2904831761248,-866.3717941958723,-1340.7809753556437,-1166.6144357697915,-873.4958270840021,-717.5295405781482,-895.3943473853675,-1225.4487637659597,-946.8028703783472,-1156.8431006051965,-963.5913691193828,-1020.6700348808412,-284.89056249854747,-1037.24828491328,-1162.3304979870231,-1157.4293476882133,-1507.9660361510755,-809.0924371373325
2400,-1243.21439977231,-1354.0060647563846,-1235.3197030236631,-847.9728128733561,-1019.0752141946672,-1123.6125136319529,-1051.7401331243439,-1106.2483158113423,-1241.6407667593658,-1206.1754388912236,-739.6721738164822,-1164.569145174792,-976.6277200722134,-1445.0734825732059,-609.4167345936164,-1316.6917145496463,-1112.3745172271238,-1093.545912282816,-1227.790909840056,-981.6521184863728
2520,-891.983747688105,-1422.2326586688598,-1338.0135586136325,-721.0609513911255,-1027.3904010743195,-1025.6541307992618,-1241.281454785603,-929.4270641407468,-1352.976704129212,-1326.3537174611815,-842.3657488656096,-1131.4959721673242,-904.5783194623737,-1534.955050979815,-415.99314538646496,-1143.420716824229,-1112.893369121508,-1100.9056364127398,-1534.2384388018052,-944.0800970553612
2640,-856.5478866926585,-1317.3236296971481,-1269.7040197523825,-820.3752891338847,-1028.3260177493105,-1091.7437958542037,-1289.4922586606767,-1009.8179925042423,-1183.302767114202,-791.4944305607044,-740.7168454642476,-1125.0879417278072,-1011.5198148168965,-1398.7233474547572,-803.2365214596288,-1151.0928284051672,-1135.7747666883674,-1052.5836335197982,-783.7969079480754,-1057.497033673912
2760,-894.8181441105573,-1357.494511217341,-1334.4121471664475,-1044.3082809268683,-335.76415831336715,-1108.2585035489346,-1166.4266291386866,-1240.0244714995802,-1208.924116026623,-1217.331781548842,-592.8901129765759,-1141.9120307341132,-1093.0406108163374,-1366.9307429748008,-793.1161224497546,-1167.656177802451,-1024.0196214183184,-907.7890411975168,-1485.9030476349744,-1023.6894207198447
2880,-905.0030407069986,-1272.7031562384097,-1226.9952041215881,-1049.0220769797386,-369.07983109712,-1210.9554512369793,-1084.8239119222803,-1471.3573688680365,-1084.0179302337338,-1049.0463955193832,-720.5094584419737,-1325.1190192280526,-1147.5117421960579,-1343.515775583548,-925.2524084568735,-1129.067702932599,-973.7392962976573,-808.4152438338693,-1469.7219713639265,-999.4101669463628
3000,-1202.743052793981,-1356.9129318990724,-1162.691814280074,-1198.2083330540772,-325.5698205950541,-1181.9187880375764,-1201.375136236013,-1367.735845708701,-1125.7246946936432,-1093.6425377040905,-817.1593116564758,-1042.8957624538589,-1421.735440757972,-1382.6085758542097,-645.9829040033826,-1129.3178612503534,-1034.7348726303765,-712.0474941907012,-1344.3241635735453,-916.1201575245634
3120,-1029.5145831696282,-1300.6167567317248,-1298.3450059123056,-1179.085595653277,-346.56554842905774,-1070.8165834759918,-1235.3180919102197,-389.543951606482,-1175.782231333431,-1037.8065702329009,-305.7660743890161,-1263.2225197430132,-1287.2287425465618,-1348.3316191565111,-643.9334983792503,-1147.9897840270428,-918.2174277476672,-719.5603563222405,-728.2890341277875,-990.054657647087
3240,-965.4967168051053,-1333.1178504592972,-1222.0832925192808,-1044.4251266206327,-281.30418382198,-1208.2281670841926,-1470.3493857589401,-517.5005242402938,-1127.9578152416598,-1316.257740075527,-198.10693999171895,-1304.4339458089842,-1480.0127743246169,-1435.677620109796,-541.7031430454064,-1175.948643279958,-1154.98835699991,-743.6522341293831,-1198.8173489326305,-1123.461159816652
3360,-1018.0104544469025,-1364.976034347193,-1188.4283592393776,-1186.5125614348567,-311.12690925869373,-1196.461940359089,-1259.2502985251328,-387.369503550584,-966.9271862724845,-586.0402168805429,-196.1266572807064,-1228.4290246295036,-980.494628285626,-1372.4541830430815,-777.4751111672825,-1162.6399233837637,-1150.3957574199296,-801.8280369674163,-1079.6415923828258,-804.94318557705
3480,-874.527843465629,-1302.0554946003488,-1114.3818103996023,-1045.6131448816195,-264.13265572786383,-1244.4621327944183,-1209.564887773398,-597.9402042215933,-1116.4257254405704,-437.4059942343216,-195.6360924852187,-609.7237421868481,-854.6901991526817,-1317.4432458891574,-538.0197645109955,-1074.0636497707262,-1212.8204393694716,-647.092059086625,-1081.5021139182595,-1027.6952291977555
3600,-973.8439180691015,-1101.7559489768641,-1219.953933819575,-1235.4462012649558,-105.66523914333975,-1346.998943656029,-866.3854506148955,-553.8219836047817,-872.315118264705,-781.4491543572348,-196.39821008061662,-858.8293538669079,-530.2755954350466,-1350.535163435717,-597.0299064079579,-1131.020647522675,-1045.6451342537114,-940.2619562291939,-1062.6558767914705,-1031.269385712377
3720,-1078.9416543909958,-1115.419786695525,-1190.2720966606691,-1130.7336634276503,-105.15948648896332,-1254.869541992483,-990.0303278106369,-639.0226757594364,-815.0900428208116,-788.7893252627546,-219.00197061806153,-363.9249510816534,-429.1098812024995,-1231.3926991615626,-251.30974381166408,-963.9115579046581,-1060.474195401335,-1192.1549566189547,-851.5704523927614,-559.4178847266904
3840,-788.6125402252496,-1052.252093801659,-1048.5201106805991,-358.1670964719857,-105.51132155040041,-784.9156773514923,-543.6460802363333,-1294.1825256169327,-1016.1018936726657,-370.8190680416514,-327.7709850549431,-147.091493020409,-398.3765271307899,-1143.5146286833294,-338.4113388434407,-968.3206054404916,-988.725360316889,-1289.0391360823821,-717.1736185928982,-959.2307567814556
3960,-931.3221041707671,-935.1230640084489,-1116.7502156362568,-227.1523913463622,-105.04936735925205,-1114.639405509409,-1099.1845215239994,-1323.4278278219742,-592.1432318938568,-430.06957315399904,-219.22815953213194,-145.16379071878248,-430.5251721608365,-1343.189018758961,-333.4682279373386,-1001.1491786640802,-1097.7401752173719,-885.004610601595,-746.4318225968024,-999.7116167381143
4080,-779.0654204385498,-1057.2262601633454,-1077.648926239377,-630.7411328587673,-104.59262461267653,-1141.4180282403938,-1105.2042230059928,-1353.5520305348869,-438.1793422184692,-375.9001662400266,-219.65761323211123,-349.0129326385148,-456.48658358772934,-1269.4611998969394,-319.3445365409542,-1012.2185682264957,-989.8075400586898,-722.0594609604989,-661.3798494307463,-994.5826999518482
4200,-727.2301379304179,-1211.2407522060523,-991.9870860720952,-325.2229135369346,-104.54078963005028,-1094.136374981961,-553.9791937405171,-1379.4336211980583,-476.3699887205291,-482.7922713146098,-221.48198122728127,-143.6376335330537,-301.746123631026,-1311.3696723521405,-314.8735133922944,-960.8926405629118,-806.6627193453502,-673.355580187734,-646.0042121664494,-827.7723743523318
4320,-854.9865781952058,-1208.2805352576327,-868.6726857024714,-248.85722836337874,-104.03119458443018,-1204.1987236709147,-858.3913034552146,-1377.5090497072702,-577.8268125484212,-424.16267979081056,-219.69512420849247,-143.5793812950936,-302.19653536145745,-1028.4764006186183,-313.97941160426365,-972.6903017326204,-678.4370530302558,-1136.1001087090954,-559.6687725403642,-842.0461864052774
4440,-721.2128171933502,-1179.2164824036831,-893.5974555776278,-249.06663678404703,-104.61894183052459,-1206.127993458479,-875.6075687264896,-1376.3313660525648,-568.2672676827776,-374.3132266203578,-218.2901768649815,-143.39359276657382,-204.17466665853254,-867.1482334272721,-334.45169381353065,-993.6177154862902,-715.4369229236562,-916.7560217022943,-512.8627939693936,-867.8397492674028
4560,-835.8228508866389,-1280.1746419256608,-899.3415190172576,-274.18692766902575,-104.7334675541919,-263.2099014168646,-882.6083379650087,-1052.0870260838199,-487.63962805923586,-378.26115240295496,-217.36122912933502,-142.91541203341566,-202.60390674976728,-146.19690385771787,-334.27097228657317,-971.955210520827,-714.0248346541116,-773.6873732312055,-536.6036433795107,-840.8506399911951
4680,-814.0560082303211,-1217.9583821517697,-831.1904506295361,-248.74834342991554,-103.62130147243379,-563.5572243249302,-148.54757674615226,-1329.619586761464,-376.2758471228709,-376.6245714393765,-218.43929037165125,-142.86920975511975,-202.06515769629263,-556.3345504683269,-307.5402019240349,-881.4862695212139,-585.9390755839477,-819.0165341276316,-433.3137243748932,-379.8094353156124
4800,-553.0091932234072,-1198.9361192026493,-902.7365138918764,-324.66306753727696,-104.53890376104641,-464.86119888111114,-384.4215272998599,-993.2499673615955,-486.96416833636675,-376.7505020840528,-216.2958796054198,-142.83522457978586,-202.99054273129798,-599.1663376273782,-356.81844210397776,-824.0854758652256,-612.0558291388737,-732.1818670198286,-204.13268241694828,-552.4568082531207
4920,-717.0216494333727,-1175.614098587696,-818.4918851261798,-273.07324643340183,-102.30235083894551,-308.01569431696026,-155.4485315178486,-519.4699471760476,-246.48087516976813,-377.6024159007296,-217.22586333147382,-143.02208304291517,-328.425402181978,-348.9892828824486,-336.7706202267472,-815.8753141467662,-615.0017265327706,-641.4310776193063,-204.13166138900752,-582.6851505718614
5040,-640.7634937399837,-1030.919108049372,-885.8105700087057,-223.62272683480887,-103.60619633966371,-310.1889480515525,-231.4450106239407,-147.54541377812194,-245.66437675690312,-300.0780123570163,-213.84673640516039,-142.64752494159512,-308.55776601266797,-143.45296227342047,-334.7342363403669,-820.2668068152282,-541.891697160245,-941.9169404714461,-333.8627260367852,-453.51404546407423
5160,-540.0161752321558,-956.1576180870991,-946.8660289857577,-197.55461322452402,-131.45231776011346,-334.90311302084365,-153.86985566225368,-170.64813310781034,-350.80057597680604,-379.1844061719713,-213.41072959450156,-143.25567196360498,-201.66277977119293,-144.56532587731414,-335.6645958245238,-802.8514974969512,-516.6026039413168,-663.1148089668978,-204.95718959037058,-647.1172219708368
5280,-478.23694311982365,-1040.2183927601645,-897.8594664833417,-275.1197255660712,-131.47532562885107,-335.860233020391,-149.3444001163907,-194.45350384387027,-352.81810764558657,-484.65510678239787,-213.22259564500527,-142.70938684329818,-302.055935627439,-142.2497949633916,-335.09965458399455,-702.320072094885,-502.16215145797617,-664.5158652239593,-202.08498939087713,-326.7220075508914
5400,-547.2736305336549,-1058.0665858488471,-889.840577107442,-172.30495578759846,-106.43937903409906,-358.40810659022435,-148.58248903769163,-195.68804801843098,-245.82480006400402,-354.8618826527356,-212.888651652298,-142.48367954981126,-314.98371611538863,-143.16281068259627,-347.4330066754044,-685.9492590230026,-507.04586329971846,-651.4878707773116,-201.79501957795625,-227.3382851861349
5520,-617.8380308106144,-1030.4010549450632,-892.0269868518956,-172.21218117477676,-104.49124009970296,-337.5130469139437,-147.55456553863775,-171.23505724362843,-229.07446998838458,-376.9895812570958,-213.06721982763693,-142.49789944694885,-424.75540839426947,-142.28568010407818,-309.15287266023734,-587.5731119797225,-497.8838581542158,-639.7675622468092,-200.39113249164308,-174.6638263734544
5640,-593.4384264827431,-1026.6731207249636,-895.2088881595562,-197.55392250590862,-185.7515740775995,-283.0813478034498,-146.81108993506868,-195.17071651345532,-283.2101328314724,-375.9111474471878,-672.9719967181481,-143.29550047133768,-201.86120548953735,-142.09136593214595,-330.55666184214635,-704.2425338884285,-496.20862397399134,-797.2612947789395,-174.4600577314733,-174.216406177148
5760,-550.3123174160762,-1010.9768541234386,-872.2100561880186,-171.64572994759882,-139.45377567635316,-306.7760926775153,-148.72619265869974,-193.47814324188562,-246.14919113801344,-355.4718692960133,-401.4809052757063,-143.11808464998157,-200.63038592324327,-142.35486403367292,-334.0752992241693,-652.4991328659733,-497.8452521261138,-552.275579746062,-174.34085324644406,-149.05796898957465
5880,-404.9854809622844,-1054.2404216306163,-870.4403175139396,-172.301767304747,-103.43189082090569,-280.75538244483,-149.15739082090957,-243.01411971259986,-244.69055980485578,-376.85650971660596,-404.8556140288852,-142.99443478661587,-297.4152398207559,-142.29009555536226,-344.04915868792034,-697.2405554180253,-542.3432564838505,-577.4878837535186,-199.33962299007567,-148.28560286330858
6000,-328.3540573788649,-928.3286788440116,-882.8062627075844,-172.14884012934573,-106.3571914821504,-306.07788279140857,-147.78590560768006,-242.197142314551,-217.6955864754309,-360.17069482499573,-212.19967511872983,-142.74355908673255,-202.27968583678498,-142.45493017489727,-346.8435815944893,-578.527603454958,-483.7435516300852,-533.4370815073025,-173.8552106748549,-149.11265618252463
6120,-423.85840599169404,-966.3765007842994,-852.136552812655,-170.3671561034449,-180.10376169020066,-305.17472473889995,-144.29881424417295,-244.36963820707652,-224.0360289080808,-327.7288826329283,-713.2782684459089,-142.3358812357927,-275.958146688704,-142.02674854923904,-368.0904341249868,-424.6019907843861,-413.45346821135956,-684.7656681519912,-173.11646843057437,-148.3059918259641
6240,-549.4240908139076,-872.0064740604741,-931.3780237259407,-170.78986112163975,-102.94554830302305,-281.51238298788263,-143.49366371073097,-240.42631518573194,-223.37681532750284,-299.57315128073856,-731.504199070214,-142.90935070914145,-202.93956957564208,-141.77359909615234,-353.4248210726563,-568.6206338187128,-454.3421902691527,-431.396506348434,-173.2222967018232,-148.8334272624696
6360,-544.3077441625561,-851.7964639225054,-882.7497676880205,-170.4081270063547,-102.86569452765939,-305.5060866592147,-143.169213246794,-241.80341709628948,-215.92744149586014,-325.3421540569123,-709.1650893882806,-142.57416319663213,-201.8992082437065,-141.6527235873299,-374.1551317298585,-569.5223700219292,-395.58580340473765,-432.79669119444543,-172.52058625657656,-148.95609789133954
6480,-365.95649386328773,-903.8758302222701,-863.3550145538708,-170.35241242299836,-103.26465566316942,-281.93519717274705,-143.33556568062107,-242.91686129887802,-221.92501117791366,-353.74668823246685,-212.59249821951857,-142.65567169860128,-203.44784456333437,-141.94089667631312,-308.58762927942155,-550.7897521331455,-396.81712041709966,-506.629637056729,-172.62235939119904,-147.5077462310254
6600,-350.6064171765757,-870.9242586510836,-889.3235987768888,-170.6343317268069,-101.828711646224,-305.2513614467928,-143.52727092925238,-241.319575887829,-218.37365766022458,-457.3491880327805,-212.3315406445191,-142.37653397834714,-202.08714561877508,-141.49809763367966,-343.44620124759047,-485.25189885406814,-270.3775577430128,-433.043906938822,-173.12575622261892,-148.66877381685782
6720,-440.2562904673594,-872.1524522327791,-858.8462852363178,-170.17092624686452,-103.03034692025135,-305.0641524145029,-143.89265353467968,-242.24237382637324,-219.56055828531208,-350.83598141917923,-211.97652868105428,-143.1805774019475,-203.1095068253265,-142.0201646191843,-340.53520399248436,-536.7190274759387,-267.5930833727322,-431.12832518459874,-172.69989293749762,-148.53360633842675
6840,-543.6431677604056,-868.5439355934299,-891.88103540417,-170.3726479911873,-104.70841699295195,-303.5924049880051,-143.94714296751414,-243.97950960103344,-219.06999493714338,-430.02977831902217,-212.53880493573882,-142.70628952384226,-203.01403293273998,-141.84354961062598,-334.3313714860436,-525.8232564560449,-266.46378696927366,-432.3293243756966,-171.70164608846983,-148.11216776316652
6960,-394.46141351571697,-874.7927460237427,-883.9354274248635,-170.42815281735565,-102.91232438377855,-304.8364146584669,-143.4235349877675,-245.37257111458825,-217.33076120723618,-587.4355595986443,-213.80836737452563,-142.44484889895077,-201.8973298796722,-141.62423801999734,-309.18494565209005,-518.0669085759594,-216.572958578524,-475.7841881517199,-173.0392470529284,-147.48443020200972
7080,-337.1218192295304,-853.4791549914323,-859.53951727112,-170.54219522231907,-101.1384018790952,-307.22535701421714,-143.04206425256316,-218.96268626159699,-219.46350956020765,-663.6390088784707,-212.67972618046946,-142.91710975966234,-203.2228999096801,-141.8119845184327,-307.40738594499487,-407.14346682730877,-237.94505652478352,-430.3939351893253,-172.3377455651868,-147.7666119067833
7200,-375.51379220651455,-876.5600281587842,-801.5800862617759,-169.841405396765,-100.06883057682691,-306.40155087769847,-143.47369024132252,-243.7962387454871,-217.0930830220321,-812.8830830285344,-212.63352309798634,-143.0466372129246,-202.07873288808364,-141.46495311800845,-378.5269903428012,-419.4427604310205,-239.06895333757387,-412.8320033749422,-173.4347133291899,-147.45882030827994
7320,-241.88475261856289,-827.8629985536124,-796.4564587693457,-169.32479018552092,-101.62909093364274,-304.1592279445959,-143.30008330488366,-242.35214487843604,-219.553323486913,-794.2074190817709,-214.0034320763999,-142.9307817410659,-201.9429756897568,-142.1262113564534,-307.11070143977844,-462.9198776770477,-212.6205371185146,-417.62749779404646,-172.552302243881,-147.37517803604234
7440,-537.0455664124431,-809.8258604977725,-806.0153542916016,-168.9136523215087,-101.48335695570933,-304.43791467171803,-142.93428652463652,-242.40278267319886,-216.1252957899873,-407.6908879630424,-213.91777488005113,-143.16383995926816,-203.75861234515295,-142.3811742136585,-313.34867603028107,-426.89875107520885,-237.19672799625374,-411.033080237108,-172.90120439914807,-146.5904365044665
7560,-200.69190601108858,-826.7210142047785,-840.6366490982379,-168.8491643201831,-100.01829382924375,-306.09805174064815,-144.36074374644684,-193.22442411445618,-215.97951021304704,-372.082496874519,-212.87842431754945,-143.09458080381563,-200.76336112915055,-141.69111994400942,-358.0894690447285,-426.20685936746,-211.3932837498857,-409.8325216841451,-173.6195144081826,-147.07402536571604
7680,-200.58415087188453,-806.4162364236439,-803.9409606434346,-168.83126261933754,-100.34189822068501,-255.71722511172644,-144.9090794072446,-242.32133756278236,-216.69994138572375,-321.65287425639207,-213.02681828677424,-143.9126001087264,-202.33865047033345,-141.49448515674584,-369.65190831956954,-366.1787816205769,-210.76258936214396,-405.02546490740735,-173.2158269353376,-146.76985221372567
7800,-200.2884786578943,-770.5282205055183,-887.5901028357881,-168.83449091574212,-102.6624978197128,-254.32460550502566,-143.23475913335784,-242.10528073919386,-215.75529076449052,-685.5293742427364,-213.56900310484457,-142.94766633206854,-201.52137511865595,-141.43962974166035,-370.4360632709931,-362.67191944061284,-211.82918677007623,-400.7417320373469,-173.0116615637784,-147.32224002780777
7920,-198.33572482403883,-726.6529616574103,-840.5807505995429,-168.83925242763803,-102.76668257937752,-304.02045699074824,-143.3683477240077,-242.0888636603416,-215.89913483173677,-322.6540111829799,-213.18772134555792,-143.28502690769028,-203.23262838360407,-142.1511654605762,-362.8329885760629,-351.6173545621123,-210.36599019333403,-380.1044199602502,-173.58601053494465,-146.78988633303567
8040,-415.0695464228417,-704.9772297420456,-827.3425679782025,-168.53143673795972,-100.32232490781593,-254.363164731332,-143.48428517282207,-241.74497932377795,-214.3724298323852,-454.05343483776977,-212.713697769833,-143.94175331454673,-202.42287739395783,-141.9792747781079,-372.8108015409123,-355.9594784486312,-210.45167153989382,-379.5389328997857,-173.43123400096206,-146.92039462150387
8160,-198.61711047876443,-515.067971040502,-809.572904660361,-168.85868881492107,-228.2299909125148,-253.85237933934445,-143.24762236830276,-242.59123892313988,-215.86879631558705,-322.96673348930915,-213.33993362950227,-144.97043122675075,-201.52006187991108,-141.83098125210194,-392.36429665141816,-420.4422307756171,-210.12376450410142,-380.23337670812066,-172.90662784338238,-146.8943334481757
8280,-198.3928834056889,-518.3812345537473,-833.1320106725601,-168.54575970368802,-107.15966140211727,-254.61738053336686,-143.13675197052765,-241.84663237450877,-217.44170792504173,-425.56580477285917,-212.9405155412513,-142.70107110538092,-201.4130995129509,-141.77453106984544,-363.9368943822105,-301.79587138211883,-210.22742749084378,-378.73749938135296,-172.82493726913606,-147.19557905576417
8400,-197.83139419242423,-511.63639384153583,-773.4908693152997,-168.62679009193275,-103.88166131155508,-253.76060469450294,-143.65870322142098,-242.0330848386709,-218.86028019292377,-425.1651400230594,-212.83181522729782,-144.39151695508423,-201.5492722747277,-167.87075242616896,-119.99186728354702,-302.0899783840355,-210.29889611703007,-304.91459113112325,-173.19457549765357,-147.72664590686225
8520,-397.10941034399957,-490.6514853635108,-782.5188253359104,-168.70453959493514,-130.48738492757698,-254.6484182047469,-143.52775804066616,-241.89890336767544,-216.57891712470183,-322.39985651827953,-212.7382053062985,-143.1029860474871,-201.16769658650364,-141.6272663154791,-120.65223527818675,-302.09606779962013,-210.52173996895954,-380.1228006896678,-172.88601736710297,-147.97123421941538
8640,-198.12266920249385,-490.4063260455135,-794.6655552097728,-168.44363723999805,-227.26421827658413,-255.12843481940408,-143.54340128701944,-240.1738221904896,-217.41141482919716,-427.87643965124,-214.562919230055,-143.57336607372355,-203.1028891513622,-141.62437429929963,-120.34132417981331,-301.98351952565207,-209.77257196585856,-307.33243220780787,-172.50154060961114,-147.99324148451706
8760,-197.90867771147782,-501.0524599233654,-799.0528293899705,-168.39858507920317,-223.51865061770076,-255.59553086970942,-143.3233431943435,-240.5965503774969,-218.44191647473363,-621.3304855123165,-213.00227462690015,-143.1737925753276,-202.74981892986324,-142.45071326313854,-120.35623278969202,-270.89049408819835,-210.2655793697595,-363.4199294513744,-171.90213706453636,-147.43143315865854
8880,-345.5707945238548,-479.42149744731734,-804.3929860704845,-168.76333975950783,-215.16347984815178,-256.84679283556073,-143.8824769009818,-240.96786431715364,-218.36160648085433,-349.23214968073097,-212.4201090832073,-142.19876488990727,-203.69379241202577,-167.8062977721433,-145.34288925603056,-200.10119884984647,-210.27808355070866,-377.0869068883261,-172.14460577792957,-147.40304130490728
9000,-197.46626705457666,-401.56300271583405,-799.1263028083465,-168.7377862818862,-231.86290156130175,-257.6831787346965,-143.4879801163709,-240.77548625794188,-218.58788797193506,-322.44869551771956,-212.28746714677214,-143.33724993527218,-202.23296362019946,-142.28273705002567,-145.99118648225217,-178.82540383715036,-210.6112251941025,-282.9781587452868,-172.08306771191502,-147.14874598545674
9120,-197.7883273903548,-370.8459238071371,-772.0077676012818,-168.65751017302037,-229.16321469149048,-258.21952683762555,-144.00352208323199,-241.85029941619672,-218.48165308467378,-464.62314080505985,-213.03859818089055,-142.83841425880573,-202.8794140510835,-142.12885627662894,-145.6808435943623,-177.07760364657761,-210.21581234665845,-356.0030484839386,-171.88914564874304,-147.11718007675444
9240,-199.6074871855289,-293.4847117539871,-762.5082244621641,-168.69243466904177,-226.93482219511756,-259.3620462885097,-143.59895683020355,-240.12617118480745,-217.71703710482734,-455.15531742144776,-212.35808102744264,-142.41652322663398,-201.51809962912233,-142.1020293977101,-120.18666880252154,-176.68662667507127,-210.32306105575222,-280.51706473124085,-171.64392527371172,-148.01259730165796
9360,-199.16228710802253,-270.93168714406613,-756.8128664627067,-168.5761070395607,-233.0266217462481,-258.502937035434,-144.62683398982907,-240.71674969209306,-217.84813908221426,-526.0159370386284,-212.9456922908409,-143.30002128813186,-203.24209316745245,-141.93364820197712,-120.97682688660362,-176.06931130130025,-209.92279752634136,-279.37913206117526,-171.55284137440853,-147.8211831209883
9480,-198.41900142000745,-375.88648440609074,-759.7515366494448,-168.84727820445113,-223.31046939396919,-260.27259890159183,-143.9805958927863,-240.47581277546732,-218.34157343262115,-348.65164365754674,-213.1601327872755,-144.4807664285742,-203.66760374845384,-142.62709511928946,-119.98123645178589,-175.19860845756878,-209.9251541870214,-279.83041840442337,-171.4514788086938,-147.69914841784052
9600,-198.01293059888738,-295.6975986299325,-724.2409166030517,-168.58143919713845,-99.54581458214345,-234.98074709616586,-143.40109453641222,-240.5080881968708,-218.03954915200075,-346.21783588013517,-213.01091813875527,-144.43486896680776,-201.99073621067262,-141.83091730648135,-119.98172567492277,-174.79197891552934,-209.71586945017526,-252.2338808506368,-171.3181788672052,-147.02085075967557
9720,-198.01137244347734,-271.16357832510516,-750.3597833402807,-168.59145312304705,-226.24123007120085,-258.3519557575243,-143.68716135566552,-240.9962016742748,-217.4164458523528,-584.0593588420586,-212.02705840043168,-143.3154570076756,-201.61101866924065,-141.8736402845463,-145.32671608974482,-174.5009813840157,-209.91149735418875,-251.27209735679457,-171.14892084675236,-147.02901377322172
9840,-197.87181494392587,-270.1289415795267,-729.381184128712,-168.7872925080456,-227.41184020527044,-260.77048851680036,-144.12564583537082,-242.43293835000122,-216.77138249430777,-626.2879511912473,-213.11816352465502,-143.84039448672962,-153.24486538779428,-141.95806482010215,-119.96498294130997,-173.24483530265158,-210.13313024103292,-252.33898303795158,-170.73913954281906,-146.7852325662663
9960,-198.424116088947,-269.65337372735377,-723.373461034424,-168.77624212368193,-199.35609366466775,-236.1887682188811,-143.48651624533386,-240.18554115103075,-217.206662941101,-321.6369257925794,-212.6963089954097,-143.5305929549863,-151.60711698418456,-141.97505099325525,-120.12760517052038,-172.811214820829,-209.38479017314503,-252.50377950550723,-170.99218245717242,-146.42862589962854
10080,-198.82293722433954,-269.8669353152457,-729.4683333129403,-169.07564572891664,-171.86551206830086,-235.81898103164917,-143.05783042849117,-240.15634505992512,-217.9268628938195,-451.43757838134735,-213.13289409973845,-144.23727193422582,-202.4836862461409,-142.60960801798652,-120.16849238346015,-172.54860653879115,-209.4064069906157,-252.14308246517257,-170.91265500904305,-146.16662855459893
10200,-200.38584525413435,-295.1974233833811,-712.6000859756655,-169.0735292758004,-156.16530584452303,-234.93561456088491,-142.8073875467474,-242.180842726207,-216.9414227299614,-403.25452391152584,-212.80717742883775,-143.9104417217224,-202.2113694103194,-142.43477726248724,-120.32898398986899,-172.62052356321618,-209.65224944150788,-249.98311637146566,-170.69994196429937,-146.09309637459714
10320,-199.28123779871856,-270.4645404252127,-762.0573612023782,-168.86269359456787,-155.65789969554854,-235.45442091888003,-142.82835997319174,-241.65840177792197,-216.1565940417131,-296.8415598320313,-214.11614981911754,-143.45329328110788,-153.18082290261583,-141.91719281413577,-120.49462027179932,-172.3162441753338,-209.3294069354728,-250.65775348272132,-170.7917639374274,-145.86171495075288
10440,-199.01416639471546,-295.0620717472323,-723.1499340189305,-168.37285853923888,-103.1585964937955,-261.8052861866928,-142.58853759795522,-243.18732132756335,-217.1994943976601,-325.0251714394889,-212.77951590004812,-142.51818264062473,-202.05509343526586,-142.0229926910709,-120.26234631467415,-172.48388749855337,-209.35379071062917,-250.81034549154293,-170.9427618806704,-145.7324709331527
10560,-198.49354089531067,-294.8172017766773,-759.1543433870963,-168.83337636338408,-226.51375520616602,-237.3015009554002,-142.3875511779642,-242.31244063096074,-218.4743431031714,-579.7197928476364,-212.8842263277558,-143.82388877826102,-203.12197394194092,-142.1626389464409,-120.31252033479583,-172.36453164744034,-209.4549589350454,-250.67916365767982,-171.1848789087075,-145.8763589762712
10680,-199.04607957984302,-270.7235994068672,-772.5552344250265,-168.68878861160516,-224.54711632931077,-236.82529370354945,-142.16723559307496,-241.93331668556448,-215.68747172588033,-297.1064967992316,-212.94993050828194,-142.25461705416078,-153.10997937136955,-142.07083214950035,-120.43230642971943,-172.47201972953252,-209.9456505536113,-250.90107655672986,-170.79972472235855,-145.48296792130807
10800,-199.22161149647147,-295.35053939549226,-762.5675433685958,-168.46586448724275,-200.81852852258498,-259.99321633003296,-142.08842821191683,-242.13676361018224,-215.87403602201795,-506.8717881304465,-213.16025984913682,-142.66275621198133,-152.62596057049817,-141.4723017288922,-120.52174041905077,-172.40734500053765,-209.74428830734087,-250.70582423059574,-170.92201863300448,-145.67892521406097
10920,-198.78846763153433,-295.3038534219995,-768.417932376347,-168.71032538501498,-99.9672428380589,-237.13719312521818,-141.97598491441042,-241.64169801865023,-217.19367079539165,-400.69009461675915,-212.59379748756652,-143.26313109843858,-203.16325493520694,-142.30178189910288,-120.6847041883605,-172.18018022000223,-209.62274160605585,-250.29608994892163,-170.72779555954182,-145.6949074049043
11040,-198.71293824296782,-294.9025132641466,-776.3590952401831,-168.44312838879281,-101.8656632268204,-237.7497591361851,-141.99873965739332,-241.70458062180273,-214.88267273359557,-635.6008242839155,-212.8588851802744,-143.77355556340052,-153.0461248160806,-142.12835734279443,-120.74443388914969,-172.21769946087875,-210.38949216027845,-250.4159041052948,-170.9174555157138,-145.5540273496736
11160,-198.87359885666305,-270.0336246621807,-773.4299832198388,-168.55560136804684,-124.63878278307428,-263.06096570876264,-141.94657532186739,-240.60653333417173,-215.08847423601964,-432.54766699601794,-211.68876906278382,-143.27851849632904,-153.21242288732918,-142.09357639868563,-120.4368718183633,-172.0504197180559,-209.69810020237918,-249.51907099359306,-171.1889149788721,-145.68864379401825
11280,-199.2615150545186,-270.2082961754012,-776.3104653045925,-168.67609334541152,-136.65384753107378,-238.42793855649742,-141.9201831122775,-241.44196552154125,-217.13685041253507,-505.53135544738996,-211.5240911179961,-143.42330166469623,-203.05279396019787,-142.04656151429342,-120.39005688401187,-172.158938094487,-210.0827663897929,-249.8037778526936,-170.88111396496112,-145.45747421614354
11400,-198.52177238891704,-294.84505176713884,-775.1035822700808,-168.61739140428077,-215.3354168812165,-263.3570943738419,-141.96173876884149,-241.1121537953326,-216.99124449440234,-503.62392373931834,-211.5444077917269,-143.91756944318865,-153.16802712586426,-141.2907102026754,-120.13440559672472,-172.28357953355948,-209.28271559062227,-250.0467834059738,-170.82611643625097,-145.4269433201589
11520,-198.69911924885167,-269.88184805565777,-776.523179007377,-168.57152945498018,-99.25267296452901,-238.29612991053517,-141.93609378744767,-240.8187882981411,-217.31500424482178,-427.5343116457616,-212.74871240829094,-142.15985583807475,-152.85027839212248,-141.5963911029336,-120.07797152738362,-172.31790970927105,-209.85435946212525,-249.4343528411078,-170.768325043286,-145.07480814382396
11640,-198.14239135674566,-269.4101290807804,-775.589724883398,-168.93373110874745,-221.58344762251613,-238.581742774293,-141.9163619181502,-241.53964915994257,-216.222666105192,-641.5737552729195,-211.59931300054149,-143.27261912012517,-153.15300738010606,-141.4398728829271,-120.47928184870318,-172.17372049366307,-209.11340607804163,-249.54838407117754,-170.8858298130299,-144.98563520073347
11760,-198.32865215766842,-269.56409297809626,-777.0806452671397,-168.68288231608977,-98.87976512486675,-214.12549934830227,-141.91411225296093,-240.48717917507815,-216.91615627172988,-402.1252831602696,-210.64995890161953,-143.2590279266314,-152.76036288047666,-141.86573488880023,-120.43734550833219,-173.00667587403478,-209.2890451874213,-249.27496788041034,-170.8218317295705,-145.00061267112292
11880,-198.66746491832043,-269.15342211979123,-770.8219136724654,-168.84512073759922,-170.0218329807563,-214.15281073413126,-142.34129436391032,-241.08284030617045,-216.6837532804057,-561.341279037735,-211.51775232433357,-142.8612453156259,-153.64297781151816,-141.5653024954515,-120.44606884610069,-172.24483802140315,-209.1890329492678,-249.3228318437835,-171.34693125482713,-145.0024400208822
12000,-198.85282601626494,-269.5661418012318,-775.6151773459699,-168.72544639789442,-172.4762331025379,-263.40040047424486,-142.22552142970818,-240.8842286380499,-214.90295049009396,-481.41606255090454,-211.62885500503117,-142.7406495396338,-152.68801546725462,-142.0522486615795,-120.35760892018197,-172.46207149088818,-209.1708922490106,-249.68280473090817,-171.33268068314663,-145.00260311300286
12120,-198.96527419384785,-269.46573641099474,-772.0057190719162,-168.86280805934274,-108.21552496883226,-214.37348257735204,-142.07085848063116,-240.41520368677303,-218.39876224191022,-520.235051251554,-212.70875196861522,-144.0612400093129,-153.47587098529925,-142.3989796760981,-120.43296103715798,-172.38326225466682,-209.1645123367372,-249.97885372231812,-170.8336857954747,-145.04589506933283
