"Step","Group: UTE_2 - eval/average_reward","Group: UTE_2 - eval/average_reward__MIN","Group: UTE_2 - eval/average_reward__MAX","Group: UTE_-2 - eval/average_reward","Group: UTE_-2 - eval/average_reward__MIN","Group: UTE_-2 - eval/average_reward__MAX","Group: EQL_uniform - eval/average_reward","Group: EQL_uniform - eval/average_reward__MIN","Group: EQL_uniform - eval/average_reward__MAX","Group: EQL_geo03 - eval/average_reward","Group: EQL_geo03 - eval/average_reward__MIN","Group: EQL_geo03 - eval/average_reward__MAX","Group: TempoRL - eval/average_reward","Group: TempoRL - eval/average_reward__MIN","Group: TempoRL - eval/average_reward__MAX","Group: DDPG - eval/average_reward","Group: DDPG - eval/average_reward__MIN","Group: DDPG - eval/average_reward__MAX"
"0","-1327.5068741026928","-1504.1576338787845","-1119.958915246105","-1329.080649497698","-1469.692102542048","-1160.8501109178949","-1298.573945261273","-1434.5898620736632","-1131.0670114685247","-1298.573945261273","-1434.5898620736632","-1131.0670114685247","-1298.573945261273","-1434.5898620736632","-1131.0670114685247","-1342.0107601951943","-1497.826132247897","-1041.9181518319408"
"300","-1327.5068741026928","-1504.1576338787845","-1119.958915246105","-1329.080649497698","-1469.692102542048","-1160.8501109178949","-1298.573945261273","-1434.5898620736632","-1131.0670114685247","-1298.573945261273","-1434.5898620736632","-1131.0670114685247","-1298.573945261273","-1434.5898620736632","-1131.0670114685247","-1342.0107601951943","-1497.826132247897","-1041.9181518319408"
"600","-1327.5068741026928","-1504.1576338787845","-1119.958915246105","-1329.080649497698","-1469.692102542048","-1160.8501109178949","-1298.573945261273","-1434.5898620736632","-1131.0670114685247","-1298.573945261273","-1434.5898620736632","-1131.0670114685247","-1298.573945261273","-1434.5898620736632","-1131.0670114685247","-1342.0107601951943","-1497.826132247897","-1041.9181518319408"
"900","-1327.5068741026928","-1504.1576338787845","-1119.958915246105","-1329.080649497698","-1469.692102542048","-1160.8501109178949","-1298.573945261273","-1434.5898620736632","-1131.0670114685247","-1298.573945261273","-1434.5898620736632","-1131.0670114685247","-1298.573945261273","-1434.5898620736632","-1131.0670114685247","-1342.0107601951943","-1497.826132247897","-1041.9181518319408"
"1200","-1617.250648527368","-1780.734448656968","-1500.3434251762199","-1577.3952269426477","-1691.6330229482446","-1467.4039427912","-1696.9465951388527","-1843.9267116924245","-1543.6424352552453","-1438.0061306283892","-1658.1044324011868","-1211.8562844737376","-1628.328054718482","-1804.741318820042","-1498.0587996827774","-1550.2888254323814","-1833.1954292730939","-1403.2037711176195"
"1500","-1529.4166260209684","-1693.9956371058665","-1444.007168779017","-1559.0198429738884","-1825.593472794084","-1448.8422623087947","-1587.6822927203757","-1794.9156520155284","-1478.1468735753767","-1486.7687445744002","-1513.3793704002921","-1466.9515985025464","-1536.6333748028342","-1779.3385846512597","-1456.644540250244","-1470.940192224723","-1504.1562796613205","-1404.6211670647253"
"1800","-1439.9449715081853","-1503.456874527991","-1368.362650687676","-1429.6114081488126","-1513.700663019894","-1297.209593662879","-1442.7035765266644","-1471.971844656319","-1360.8966565493279","-1417.6207777104232","-1473.2423809011902","-1358.542500463806","-1420.5627621163437","-1535.8556293780507","-1271.2809928725876","-1414.0974775476539","-1538.8392414631749","-1187.1498545589548"
"2100","-1233.2356826209948","-1353.3573978161692","-1143.9865715723167","-1225.6328589759892","-1276.9165638659265","-1178.5510726906598","-1256.1041586596737","-1400.08743141737","-1155.9518216876766","-1253.4649755007772","-1338.242672599945","-1159.8544218729025","-1230.0394170739296","-1324.2446946625244","-1106.6387738994786","-1185.3084851381504","-1276.0521777150834","-974.6037397742984"
"2400","-1103.8387237560628","-1255.9068679108955","-970.501605389142","-1084.5334345207755","-1185.3527686720158","-942.9302633195446","-1138.4433139575735","-1337.9650733133178","-1062.6929090802646","-1064.4237387334563","-1200.06279296192","-790.4156517086379","-1113.6296510297325","-1248.4840148777848","-844.0507305259746","-1062.4916785618002","-1270.972070413227","-628.4823745984444"
"2700","-940.8678717149899","-1122.450091120085","-689.8317383925811","-940.0082575846078","-1146.6991099102838","-535.5005378447198","-977.9922523064336","-1163.97563062952","-833.0831720845863","-820.9394788104559","-1135.177404164117","-515.3596303392188","-841.2478041471513","-1049.0548113896537","-541.0264438994661","-891.2659641093412","-1028.7460982187333","-652.64809613584"
"3000","-837.3615022208181","-1073.7387390080262","-564.7382311841961","-807.804338798624","-1230.8705754046673","-248.35618597303034","-780.5003995580317","-1084.0402135306558","-224.21374200344175","-625.3820293262667","-1309.9272940799535","-327.63779637813207","-677.6864124506242","-939.0308567868911","-361.57917888097194","-629.1446952591516","-1522.4270296926877","-250.0356066612082"
"3300","-590.95784035701","-1026.3149980293788","-148.41633832063172","-543.9107779535623","-1114.631294076023","-210.45247066583792","-435.66478324359133","-762.2427063083069","-214.9381131709637","-508.63539221354847","-882.2572007552683","-250.21984732398823","-657.3802778541524","-1458.7307795890526","-277.61143863542196","-504.9458011398075","-1468.2498883792243","-147.46025875563583"
"3600","-468.5145631232464","-737.265580227795","-144.85795001573825","-468.7375488462009","-1131.468472266205","-150.46148930705698","-324.3998196103588","-667.7357414865883","-145.51664090861271","-336.90411534935754","-846.8565932781769","-150.5414872327479","-539.7689108896273","-1074.3820590918042","-278.40021982522853","-409.8809584509586","-1073.1463963484275","-145.15784518482445"
"3900","-529.1630283538008","-1137.7755387273583","-139.4054581483004","-364.44183171646307","-940.7851691877431","-127.87417433927381","-281.53090445128316","-808.6292101694274","-129.01394364523748","-286.3655798287434","-859.1670962917764","-126.81816113145855","-604.367754407239","-1314.7112960799448","-225.54375552091432","-360.6456647702677","-767.9180467443846","-125.29117085487607"
"4200","-565.2614576806011","-970.0873288837163","-283.6248327848693","-303.513081544859","-622.0264551632338","-125.80070866196574","-193.094298817367","-358.3383150907989","-125.10985244308424","-258.1012023435223","-723.4132372560828","-137.07715119726075","-504.1580328213489","-1085.4168293204825","-269.28194442517724","-307.66000146859494","-629.1521992718226","-125.71735755943094"
"4500","-493.4593802840556","-701.3175590812087","-138.58711615516933","-236.56086559410227","-407.92921985875586","-123.82476643751934","-159.77896326335014","-221.0791116802468","-122.5360518469541","-232.8025075649228","-498.49804071060953","-122.05328960660958","-500.35882119823845","-1149.9118950811935","-143.27943673135562","-239.77759091078778","-512.1324381108533","-125.92426224489267"
"4800","-501.88875380074694","-619.8386343817067","-232.89952177769186","-302.99213788613974","-477.3056080163593","-128.86374792594833","-156.43077035152567","-196.37304649391314","-121.48058351433482","-276.64485954464675","-1040.2085880187938","-125.32404172403267","-453.20944477702153","-837.8990309056395","-152.73557629122098","-422.9385601880975","-700.2554690405099","-123.70707747979372"
"5100","-534.0549872437953","-662.3578022939888","-364.25345759855094","-307.37100798073874","-565.6288394615248","-122.69169453235104","-168.72770400838039","-246.92435959265404","-120.9625925397439","-208.59711387447086","-335.46682862671634","-133.06425688880836","-411.785212021057","-645.1797242478195","-148.6371626586772","-263.8315061528532","-671.0307786668703","-134.36837486167943"
"5400","-510.77982635801135","-738.4466316196506","-149.73563107154564","-312.5242771606012","-496.15125070901905","-121.99834570288905","-155.6596303919184","-194.7112973220224","-121.66855005239708","-238.65208144699736","-577.2631204667449","-126.14476450630511","-465.03918251845215","-652.0385288705386","-149.04119675814496","-329.93522828853816","-996.3334011190909","-125.60710729374712"
"5700","-521.7277005952927","-723.2379469996504","-142.12815557090306","-298.43692241174296","-564.3050437346151","-126.3498969344837","-155.9338676501365","-193.45892570759642","-120.64121073223006","-174.64215928259907","-223.31640132689364","-124.88108351413261","-423.8733074785895","-759.5128535633106","-136.89096092710597","-259.92866645023906","-617.6133021609555","-119.53835394448285"
"6000","-561.5374258055766","-816.611345993648","-119.28728444586054","-265.2917303675207","-435.4625659370701","-123.28028933820846","-153.80279146664037","-194.65303400961346","-120.80217750277143","-227.26228508965636","-724.1625610126735","-126.52342866915993","-409.91660851876975","-561.4402716401854","-167.3034507905395","-192.75058983449864","-488.60047952552975","-122.12609560422388"
"6300","-501.5347613131829","-737.8071376583696","-252.88047674086843","-245.55735402520622","-609.5438520079966","-125.29729797534947","-158.81700625955196","-203.93915864665232","-120.56697622846927","-160.36067105475112","-203.77615242885233","-119.12544245637778","-435.68183905221593","-658.2221067326436","-160.35619999954986","-211.69122081878655","-518.2235111056032","-121.42824899432063"
"6600","-471.7013729223569","-733.3356527516951","-134.33999298485986","-364.8857609071859","-619.443178725978","-157.12784426547586","-164.09633909122743","-219.9697374052335","-119.69810723372264","-185.33091728828876","-388.3495770212771","-119.05087001761069","-443.8891091851948","-789.9800513216692","-211.30276294476454","-165.24607529276926","-213.92593844100043","-123.88195008472621"
"6900","-430.24800792331206","-690.4571917731361","-134.96444898195892","-312.12968040557536","-567.6875440325821","-137.16878105123726","-152.5888861637105","-193.98605800969116","-118.51155434171169","-158.49237990386413","-239.4162978165385","-119.06293446409856","-402.53249725652574","-654.8655601051735","-160.93254381865353","-271.3280548230849","-610.7635441275019","-119.50128874969388"
"7200","-456.74765721996334","-613.2359079494767","-135.96141322596108","-333.2306103704965","-509.09884010714484","-131.07098736710202","-152.88566042855473","-194.40200406180983","-120.07537811194516","-164.27180482859143","-249.89822010295933","-119.96236501771702","-473.7265090573627","-741.8815137652699","-274.0603006114981","-156.89790212549332","-212.16740514132775","-119.35278311182853"
"7500","-410.99019100221403","-655.4265122965784","-133.67818558813048","-254.9140154371838","-474.31721397642605","-132.6769716508564","-153.23406579696493","-195.62702015673102","-120.41145434534644","-161.8932609489088","-234.9928609720852","-118.82214864457072","-479.16955526289","-846.1360463560793","-205.847171848593","-297.84294442135575","-662.4384507955467","-121.26369729134744"
"7800","-429.23528882793573","-614.1505884864962","-247.83472670126744","-225.55557903504263","-535.0346589153228","-126.06940771696233","-152.31779583352318","-195.49960929105833","-120.29831284530647","-153.89718368924818","-206.1985475057962","-119.43575959816867","-501.2621120517621","-661.4665501020565","-374.5975791203252","-155.3971876315175","-201.93963409815566","-121.19514081482994"
"8100","-470.91414138673446","-1134.83417620039","-132.9537175430085","-274.4129367828756","-622.984439971151","-122.6110008104788","-166.63791592718812","-334.3296031571448","-121.71676011160488","-165.9164556491708","-263.9018026620475","-125.34147919403918","-436.9523994514557","-668.5386624620664","-213.87045044695674","-164.31231496708406","-237.4683496782312","-120.4986309739464"
"8400","-382.1569713364478","-619.5104067396276","-229.75920843113485","-305.2775578425455","-495.84892815093406","-135.00141415765611","-151.25556452684023","-194.48075631785755","-120.21732193390685","-155.42950265422647","-204.6222282261968","-121.45727104921725","-462.4537297882851","-645.439430862232","-205.32218672372747","-173.22451548579522","-301.58301891524104","-121.0204229970881"
"8700","-424.4105751412091","-766.3699852335615","-137.26314822585923","-285.8529106746457","-492.2579589398323","-134.42626867146953","-150.37981443096984","-194.37207906093576","-120.23144681194655","-164.93937118838497","-202.87383219376102","-119.26237153384969","-487.51465701393533","-759.5483070173432","-206.39530358350794","-209.4458824866058","-706.0813564303655","-120.71571973025507"
"9000","-375.8904977890056","-618.8243279901977","-124.15712266831352","-229.13179883410575","-528.384461655233","-124.15265342390894","-151.39719464847013","-199.86348494796925","-119.92012245090982","-158.09636320929653","-218.21790326818686","-121.34979006709496","-422.1193589952351","-701.1312491917208","-212.91455585512767","-191.65227643910754","-510.175264791683","-121.76583953969096"
"9300","-425.3652207793124","-595.6579348096128","-241.8275063521158","-256.14938377753975","-410.10795908588005","-137.01604960306918","-150.1019319581124","-194.75100545272608","-119.68642357593596","-160.99678824333222","-199.96951031849974","-120.40888327106504","-418.87098141166655","-756.3249528576396","-156.56161557857575","-156.9938288268213","-205.19848167928953","-120.1151114433964"
"9600","-353.6524743559933","-535.9186636861025","-121.21337973574279","-272.65523122743144","-446.38288154589543","-134.79487440372202","-150.69639060465005","-195.35978634566416","-119.69038646736355","-160.84159774288986","-204.21209249649712","-128.37062753594992","-414.3599026205749","-643.2965543510277","-207.93073904090994","-242.4607726785316","-849.7293503604275","-122.22276917589792"
"9900","-356.8578666300999","-572.9410144749862","-173.23595967644204","-250.2287862332833","-554.590714746962","-137.5801834311981","-151.34828567609316","-192.07155163689566","-122.8497089300084","-164.74695341162703","-207.2592679043431","-122.00631428186315","-353.17792993141813","-600.9196786598212","-120.26802881650772","-190.83392454121042","-530.8180256425645","-122.12798020801317"
"10200","-310.52083286741953","-485.9048379861233","-160.5134262941785","-251.19506356994907","-453.69654894992584","-136.09492266223126","-151.5865466424171","-193.74301567407932","-124.7097549899286","-162.58170868004257","-205.80052456871212","-122.15012003522743","-384.30628803073057","-622.7599085113021","-132.4472745644616","-184.48329163108838","-305.64394080226117","-124.46251194813615"
"10500","-365.0117077051015","-625.2300614251105","-151.9573013558241","-228.04844919327266","-345.99966748903546","-137.24625783554967","-151.56133192351243","-202.10150796234052","-120.5445468109876","-169.97014293030534","-304.67041105296425","-123.9613389615616","-394.49521635147664","-616.149878576519","-135.95876102374854","-166.39879811677991","-271.586833792362","-119.87404997888544"
"10800","-360.9590130352384","-654.3772342017011","-121.20344722028494","-210.19843057379427","-369.31895628660715","-120.53421035411267","-154.11910248750718","-204.15635346919606","-123.3534298257302","-161.1577805192524","-207.0255501699749","-124.08794473381249","-381.65482175444834","-595.9657984204184","-133.08703237619437","-253.27888122337475","-686.5193817829488","-119.40703784778489"
"11100","-460.1588760371681","-617.2389119711049","-205.8422045245893","-279.2853033592165","-417.47857633836577","-166.0645877372252","-154.32069133986687","-194.3454621482379","-125.92334221273704","-157.76765314150916","-192.49510270706645","-123.95050599450133","-317.6569007763302","-589.6007539903505","-164.59194875049633","-252.47240197163097","-626.8751860374211","-126.44211166557508"
"11400","-293.18501000145164","-467.90006909464455","-137.61589955308733","-223.05820143309552","-395.8953810893676","-149.24224359854176","-155.15763300940404","-196.33343140867447","-123.10488151275483","-158.51886199832376","-194.63740670044234","-126.07268536733417","-409.722763239093","-614.2083569837017","-159.71321187250334","-173.6932068958435","-327.905237580746","-126.60137749098071"
"11700","-330.7323896612668","-609.4821331985114","-137.88700070196666","-248.56578784221293","-552.9610848361407","-124.68236664991643","-160.5551765025361","-216.8991318813924","-122.51159343820996","-167.70121650177128","-232.4030885951965","-124.54784514631822","-358.58244895359553","-642.7984989414833","-172.9604299889608","-159.90533322778228","-253.3067388906705","-126.0449078618517"
"12000","-452.2725227580942","-580.7926109611724","-362.49152871644833","-229.00301728827134","-478.4881552899057","-121.84286011565023","-200.08642609141995","-605.9736708092246","-122.93481315125607","-163.06690427904275","-242.44076977679964","-127.10474315242644","-377.9882516685267","-602.7425479484192","-143.36631572271284","-154.99676866042424","-198.65216329000503","-126.59580927449994"
"12300","-352.4661895435257","-616.7685561106866","-138.96289990389883","-289.4691865383397","-541.9697089873547","-125.30214160807365","-155.27661820017025","-201.73809430487916","-122.24974547388317","-188.10712432822237","-385.0040954310907","-129.15046148466428","-394.3869819268239","-643.6756943294034","-211.18266198918363","-155.22096802197626","-199.87956689779276","-121.58079221768764"
"12600","-505.5722014107064","-940.701276512678","-134.71697605638","-208.06125390704602","-387.19050326809145","-125.47881016748015","-154.5118315487469","-200.99028274412711","-122.05093799219921","-233.77101351407646","-867.3198124021295","-122.45354210930012","-425.4180043437178","-665.453614301154","-186.41690244161813","-154.95186079762144","-197.4811656472174","-124.08808045784386"
"12900","-410.9471077091903","-631.4054839834713","-138.10779836284797","-246.2847229374447","-393.73010503791136","-165.84911479885756","-175.03441810067136","-405.2774512259954","-119.1625689107586","-160.53420644528953","-206.9940602139498","-123.80912787847005","-435.093585833","-610.109519081065","-134.072742850945","-156.55277625411003","-197.83066014041023","-123.73547209267126"
"13200","-314.8514685734631","-495.13272605401664","-169.22173582269886","-260.6740248694807","-365.22110516883674","-122.73690505736667","-155.09724005957938","-200.78355013743433","-121.30531715768893","-165.0742604109055","-195.81433169438037","-125.85281838345227","-388.0535786684485","-668.4425994002279","-193.08844141714673","-172.33686837480607","-340.11346821095805","-123.37668323101848"
"13500","-381.45148102535006","-616.8101222788462","-193.92585217099278","-269.1251716345897","-470.9713562718991","-152.94459112991208","-155.9384359370717","-205.6478798996765","-120.0850937095114","-156.38438429748004","-195.02001188250694","-122.05213703970374","-358.1271043936213","-597.8532948111208","-185.31647203591172","-173.7543088127673","-342.05943592800594","-128.4793261361562"
"13800","-354.78187388262836","-561.7371871194761","-147.51609672784016","-249.4663046890546","-644.6081880835042","-127.84245903504711","-155.80703632656153","-197.71814208173095","-121.21778688617944","-265.6944758759581","-1114.979393705879","-125.17261072435039","-377.5101039122582","-601.7108071598038","-135.8689805499029","-240.02136416593808","-529.7247089629483","-124.70597739281592"
"14100","-395.39377415425","-533.5310474542044","-196.55930958293024","-305.565169045947","-450.69722129231525","-178.6904307084059","-156.31892088443368","-208.73312014020445","-118.60882016853523","-158.61602153087713","-193.97825367181733","-118.94324226198474","-330.8616539052856","-596.1039455115941","-133.57389593427592","-183.30364366895068","-380.9034249174165","-119.61820647208717"
"14400","-367.4085767124201","-586.234586045621","-139.35945524514128","-243.1154213408368","-402.9892854984211","-138.8402141150901","-184.12218516064095","-479.7176136104466","-119.31680145594719","-154.34134408145408","-194.02821317021883","-119.24755187267385","-352.2187394475694","-717.5750364435505","-133.4029397118043","-154.29937624511095","-196.9292882215313","-126.01513305870807"
"14700","-381.82847332169257","-598.7602647293681","-160.3455631943535","-261.2140823745868","-486.1548629955026","-136.62171813241804","-155.4996321163934","-206.69689799617998","-118.9982272457956","-160.5747205146209","-206.1306736225461","-125.99954433186456","-359.42775754811925","-582.9935975877587","-132.98813572085916","-154.48672777701836","-199.15647736713683","-120.06215042333312"
"15000","-390.1421831121265","-613.326004157775","-153.72230939853264","-256.6619879369202","-423.67076380382724","-127.25400495977821","-155.27005670401974","-210.75703656237073","-119.17234236019712","-209.61529177980088","-662.696367685405","-122.46413740572787","-407.77846981955037","-579.8586331108925","-147.0307003694739","-218.95992223340264","-790.4654307061588","-122.37506522250843"
"15300","-364.3850064750776","-536.5996349776266","-146.8859118867465","-304.74310699268506","-522.9022616786376","-163.8636107225325","-154.54741123340088","-198.78376867836798","-119.0160709580401","-156.22129681074324","-201.36346422801785","-120.89064821277525","-329.21412548415674","-501.31368244727275","-169.98429882308017","-188.8382591462053","-457.41467350832926","-119.76756564683856"
"15600","-328.8281910370166","-571.0371994548648","-135.9802066720333","-302.1788987553645","-512.9556011654643","-167.88051113386206","-155.6563919943414","-202.1621228009871","-120.32110641377506","-161.93416713116017","-233.66666578378323","-123.1644121186273","-324.28745924877126","-506.9710489589979","-164.0366252577574","-154.64754550566602","-197.28655585961164","-122.61486982299377"
"15900","-298.28658755129993","-525.5382002587485","-135.41107750600182","-243.48726312991965","-469.0668177920309","-137.30141089524594","-155.83216592511306","-195.02950752741117","-120.20150075559067","-173.9728775989781","-270.6907189762755","-124.34423084676416","-368.4920718021632","-610.3550650376284","-135.26783057879413","-174.48491284716073","-391.9338974086557","-122.9864730840076"
"16200","-397.37642395078495","-591.8013598919184","-157.88519765743018","-264.27488563493114","-440.0478021833161","-125.38554093760808","-157.8415907086653","-219.7319360480522","-119.08195265441934","-160.714854776243","-212.79733774837055","-122.0055780289027","-405.4024092252255","-525.185822566546","-180.6912906668906","-156.15412148767575","-192.8665810612063","-120.68682797858044"
"16500","-319.99358916061465","-517.415565907876","-149.41193830346177","-228.21486203662494","-505.74636797992787","-126.74310899777224","-157.47023276617153","-198.32389646882157","-120.00083273581379","-160.74677514589484","-205.87382299953552","-123.53272983779217","-422.4335058729813","-754.331229325042","-170.53384400443284","-154.4306785594098","-200.68071091434788","-124.89769588573772"
"16800","-444.78134511331626","-627.828760147733","-293.2823063713237","-260.609276033171","-492.9434874484897","-136.2859785496047","-158.65701449025502","-197.9193185299678","-119.2913689586331","-166.8448637837768","-219.8490952098899","-120.96893276727467","-381.3391729172415","-511.31402468289633","-120.11675625655857","-153.42231797120772","-201.14948646018715","-122.63628532649605"
"17100","-335.44655087329687","-618.8216942651411","-130.90776445190303","-255.94612602117098","-639.2832186145366","-139.68099640025568","-159.45312195876377","-216.58703796295376","-124.90812104939982","-153.27765381623516","-193.964141903507","-124.06620824381666","-314.76189339344126","-490.65950527995085","-144.9195166431017","-166.37145213513287","-313.7237836716296","-123.47968429224507"
"17400","-363.89236377966506","-623.2729355687864","-221.95664600595575","-274.62644649967115","-549.5349295870991","-136.30926834646831","-156.5231972884564","-208.38473206109543","-123.16311738455781","-163.7559975795859","-207.49337403228105","-134.96863216018556","-277.2024745863568","-616.2970290942069","-135.19600158345958","-157.0084166388107","-196.82135564613458","-119.9486465455104"
"17700","-384.132090776181","-585.7900238950073","-140.8957529631785","-266.19932402263913","-573.0864750242388","-136.11539498088712","-157.82228049228723","-207.60140905851796","-118.63894471214294","-156.6874937100857","-208.18589455694138","-124.33823312992986","-317.41762787607365","-688.1173923006846","-121.62261535256793","-153.23714962418578","-193.90057268539513","-121.13368987861982"
"18000","-373.2740999550978","-637.392448383541","-184.15443940871862","-226.00092147722845","-445.3532007571591","-152.5967603498362","-154.16748719648498","-195.88836031418072","-121.3798589132529","-213.97222974526116","-771.9203524639217","-121.66897437831717","-424.3638857123804","-632.1123356379259","-122.20439211010239","-160.99014717959759","-201.47701830458954","-121.34771618626664"
"18300","-396.3579638377323","-579.7828376145765","-131.75928080497414","-204.18701843903065","-362.80940315145875","-121.03492654098334","-154.75477751774122","-194.3152322059424","-124.93863837642648","-173.05955665303895","-310.5835567109535","-123.93000662027036","-410.6883881783027","-623.7475862249863","-208.39653206355928","-161.35002244491724","-202.71045129318202","-125.59275277383797"
"18600","-394.43493923027916","-601.777087492243","-222.1396134740906","-250.15925922719293","-403.6916900563389","-125.82687121806195","-156.61786731484838","-206.57273173797893","-121.40478297033425","-159.24550179375666","-198.27425702731324","-124.60267229920048","-326.57889290566357","-461.9244441480055","-189.53564920782884","-154.84076899838695","-201.74344160790187","-123.4336735737013"
"18900","-396.36065255277924","-565.209251788877","-174.5240019222684","-252.4139551500908","-460.033222244226","-134.03506444383112","-160.1105221468797","-221.41329880109225","-123.07233859438892","-168.96892094337085","-235.81021730540533","-122.76551010316719","-340.7388867695768","-512.3867411202631","-161.6604835982936","-154.24417575777144","-199.78819247700886","-125.98458565872079"
"19200","-412.64573166988276","-706.8188371775874","-188.7058639654815","-241.9554716588994","-425.5459051024212","-134.16071493751627","-155.65969548195275","-204.5304041517355","-123.51501864001048","-163.19251764126557","-192.78152207949424","-135.76702479873143","-369.8869652145448","-659.4934538528933","-135.98069567797688","-153.60491100131975","-200.1844557051319","-125.94612208057315"
"19500","-466.3984274874986","-613.9674967866371","-188.16683678488658","-187.5038038030205","-343.95491882650435","-137.03918532666725","-159.6129527942597","-197.3065248980733","-131.03247495714697","-167.94170092347295","-239.67626333415097","-127.03867757363987","-230.66099674024298","-400.13549950441063","-138.34921735376045","-193.89777265988752","-543.6778956693213","-124.35314425039576"
"19800","-401.2823158928009","-505.48215229966445","-290.5429876225517","-224.33423198063423","-477.45262130312966","-122.63582297072465","-158.26420550595304","-194.8736181450867","-122.79206891566136","-159.4178799852046","-194.128900416778","-122.17753536210371","-332.8813128043298","-627.9758890363076","-133.7174583019374","-259.3129251245525","-886.3227683694225","-131.63979704206682"
"20100","-386.54315493729104","-653.2784728839417","-140.07096005183493","-236.1533223902978","-495.80503134398487","-149.34992240436412","-154.65802329961156","-200.00409017669506","-119.95920096525742","-168.03100185047208","-200.0599256636611","-122.59430158301859","-298.53883348896983","-536.311986373121","-134.70498946594495","-228.07125416458507","-689.0886811274913","-130.44746358886454"
"20400","-383.4129525486063","-588.4215408291154","-206.49673386406963","-228.6765338815359","-395.2499479017972","-122.91918745435558","-161.1758335413458","-194.64130034677615","-125.30708807060107","-158.62498408237792","-207.6597648809039","-122.34645156697759","-338.71279410393925","-566.394404918184","-134.97463476849686","-154.46204344113804","-202.40141363510946","-123.47516602444603"
"20700","-428.6203545906443","-555.8520708754872","-293.7071228990418","-190.0083235774663","-211.3849259134528","-165.63218094055927","-155.44984718844165","-194.99799455502244","-122.39654100621351","-248.32732300343258","-1000.3353016038391","-121.24498620772934","-276.91706678328813","-531.9979850456599","-154.4849180756768","-155.47662019373195","-202.68111005202564","-128.27271603998716"
"21000","-383.6036959711037","-693.5541031247564","-162.64115893210732","-231.1532736053886","-482.42162245352586","-120.27689191343832","-183.16548742846288","-428.0725557754998","-120.9000667239585","-159.06060622263476","-206.54978587699597","-121.19636216019208","-330.8709580196075","-588.7708946647962","-164.14483955603487","-155.19982910727623","-191.90110965330845","-120.37938629954283"
"21300","-416.40187920591836","-846.2270482752141","-162.64315849422002","-192.31795687015054","-292.78134270725735","-127.28593106571489","-163.4408178574328","-263.61476491015907","-122.29199190479531","-156.51819316820138","-207.20162144580368","-121.79296112921736","-280.6496387072269","-433.11559433592737","-182.59680094531274","-153.82822631591466","-197.52642691518162","-125.73656783110853"
"21600","-363.5798073595913","-532.8856792196432","-181.61898499445397","-172.49577780075748","-215.35511883145873","-120.09121945597","-155.08037858521857","-196.5881922721475","-122.07526101716823","-159.0177810699601","-209.30005300956805","-119.40756444828222","-290.51694024818147","-681.6306619297059","-136.14097845192458","-161.00726541527962","-198.6517215773487","-125.1569864783368"
"21900","-319.9582248644819","-532.7551933659377","-135.72540829928775","-187.51721567722748","-323.0634320996228","-127.67116245084503","-155.56320124967002","-196.65405194228464","-118.6337029709014","-158.9750727789946","-198.23611103774388","-121.64456672016907","-228.93751777775464","-389.17658300745325","-125.61872622338328","-163.37894650238553","-262.76417089318676","-125.61737977626767"
"22200","-352.7492321336616","-558.8860005083382","-150.37803828749867","-180.39920993071973","-273.78869219241585","-118.91092100589768","-228.85800778738957","-862.7703157911137","-118.90534092839334","-162.57505371172857","-195.79463208879898","-122.41204725939902","-220.0134818562495","-347.68570351631996","-141.74405062114528","-154.06732375645257","-198.78338946582375","-123.82733047142831"
"22500","-391.87686175141033","-543.6137707911336","-218.12761891662845","-192.99097959951553","-356.04023108613194","-138.50836792574333","-156.51999867367607","-195.50983737688586","-123.02819918447126","-166.10741869159057","-232.59641205493548","-126.24917876995721","-302.6106286059578","-509.8778104948231","-164.4873596134211","-154.37795589047764","-197.6776760836338","-121.04669616882154"
"22800","-342.97456471781794","-580.2082832969385","-163.45972928600014","-167.31249940980953","-242.38156861706906","-136.5034416218846","-157.33860841888753","-197.06414342992542","-119.42440114218729","-158.39074586347118","-213.09520332560123","-122.35849784902742","-301.21371395671366","-550.6452833179308","-135.45460190137524","-155.01284204563657","-198.05809839165585","-123.22800196777976"
"23100","-481.26324675323406","-674.8145823075608","-320.1927068376375","-195.98340607721724","-347.55685755602883","-122.9769120924793","-157.74608359169105","-199.15543832172744","-119.48331970381635","-156.31369741862437","-210.2978179450272","-121.80838249260819","-302.5830292830707","-518.9857553837429","-139.62411935090694","-194.2260357764819","-494.25727273052155","-125.73380968971306"
"23400","-304.57488128129734","-485.69136591293244","-147.08404555873247","-249.77035924741594","-534.4268976238338","-120.2041178888957","-162.24605365257386","-208.36347031134565","-119.29558711660188","-153.8433194224117","-207.80175258217406","-122.10713793046962","-274.08719259682795","-400.0664303318539","-134.0943522150086","-155.23638774525708","-204.6549516583601","-126.35818520322941"
"23700","-390.9541005896354","-646.4014837444288","-194.0540016102665","-240.0094186221682","-451.0200531046445","-123.48722390754351","-160.33688309260032","-199.22171622574044","-123.37502919119613","-159.599329213541","-216.79010066642232","-123.62338884788043","-306.9125125400094","-494.73996455374737","-174.15243930337004","-153.33287162395897","-198.14951629276993","-124.97081706668617"
"24000","-405.4033620400222","-605.2121878363276","-119.36011398731867","-212.4102866663947","-491.93765442317107","-123.2018879781225","-158.61608795660786","-205.82408308185785","-118.78313287401593","-160.52779101309682","-219.72414516979362","-123.90590872712967","-272.7830816587887","-419.0218604737153","-123.7826839135563","-153.3578693775732","-194.17919389817249","-121.55895495158761"
"24300","-278.6377050297293","-499.69083804057465","-133.39456982759657","-208.63777481145615","-488.83825367608216","-119.87888600553435","-155.5112529816568","-212.79032285631828","-119.71691755279349","-161.06808610977484","-208.3450524150252","-122.77785480237283","-335.8234272159553","-686.3500047474816","-124.45355115734117","-165.2710467725702","-244.80764766973576","-122.9039366021685"
"24600","-461.5954838198718","-737.7532518656469","-179.48321889910557","-222.10778422454717","-512.477420989614","-119.50609498174803","-157.64016761089016","-198.8877373258077","-119.66480032017981","-162.6763666775899","-206.65137816124306","-133.29448436878963","-266.2985657461985","-488.9952615361556","-142.33858149430694","-166.64219062789098","-232.2281211219534","-120.14452006899474"
"24900","-348.5594540634931","-455.73821214221186","-169.98043452480687","-207.61968222946834","-342.45565671222704","-127.3967291564295","-153.73098199918965","-195.61684664938653","-119.39242178574277","-176.27154785582582","-308.37655073801113","-121.26340994677673","-274.0145490889055","-558.8003408668071","-135.0331973850212","-220.30066018493307","-860.8663292741846","-120.17844705608596"
"25200","-393.29345099165056","-539.3577204010513","-158.1938476970938","-212.75478171725075","-336.65571330022993","-119.98238647238182","-155.82215750276094","-208.2637059073038","-120.94281646768812","-175.29709132043135","-280.18514096318097","-121.7497347832804","-248.11902259346925","-465.72286900415736","-121.48930102246086","-153.72107126359325","-197.24462087303345","-121.04597380660296"
"25500","-380.30816271260386","-587.6914983245514","-248.02739621169513","-154.50860529498607","-191.48871727062857","-121.41984474300543","-159.09253559513502","-204.44658667153044","-121.41610071851592","-221.9284186985397","-637.8006151178027","-132.23255259164674","-315.3491193341677","-681.9491947643239","-145.5783055632825","-153.18404049821476","-200.44000905669282","-123.25966723272359"
"25800","-403.1466986602371","-673.7075004763481","-220.16643142761677","-165.53545390472877","-208.43843643689758","-119.95207347730033","-176.45338842291284","-321.4966597197665","-120.9840569034412","-165.24332590083557","-242.35886607769172","-125.75848371463185","-370.01848483522446","-992.9934961814421","-160.74065442058918","-156.04195558057717","-208.18528562342672","-121.44697402800277"
"26100","-437.34701925082544","-673.40087478094","-183.61826658075245","-156.73949563052017","-191.85139788502252","-124.28024811707454","-156.7728803390887","-199.1523869709476","-121.34718685331976","-175.92230598787816","-265.93901390353074","-126.83586833319343","-294.37032559630364","-506.49137056730007","-177.59962020467555","-152.06634422828097","-197.77838470229554","-119.702910865071"
"26400","-399.41752760344167","-648.5242611080744","-144.9927117522962","-191.92208009647086","-357.837574163216","-125.21344504792432","-157.00783467724764","-197.04638819109587","-121.97413347260724","-165.3911122594829","-219.06414035345787","-134.8516928156356","-284.1241319508542","-517.4655085119286","-126.23010317531184","-174.78714474922373","-339.508702806807","-118.88065706937842"
"26700","-446.2205801885093","-654.8468747090544","-119.7020817676486","-209.29242130501976","-362.12961229499444","-124.96207228227684","-165.43675634922445","-227.00470992086085","-126.57506404850974","-183.1364498730966","-284.60594205684583","-124.5465253306653","-285.8529137944849","-520.9208486444519","-126.96480141400768","-169.42391068744854","-327.69068359396107","-122.80110926171014"
"27000","-411.98146825976676","-773.7497803713311","-160.09201633009928","-174.83920155254623","-233.13786754992694","-127.80155944697958","-167.06729479343275","-193.93824237604827","-119.83290141001142","-188.37427296329366","-250.8380240367144","-134.10724983425615","-304.1920622835754","-594.0445114044121","-149.02683726306086","-154.84200876757959","-220.76399547574152","-117.38644549026758"
"27300","-424.1760397543646","-604.8996021256328","-145.58769067548013","-186.50275802944518","-355.47908228317317","-125.2200200817629","-170.52408554164188","-260.1884445193441","-120.28041690384597","-192.46017015385652","-368.02590902165855","-139.21159403341284","-256.65882789073373","-335.82243218362987","-150.46848288690012","-153.26467476983396","-201.58550226770166","-119.26949613947997"
"27600","-353.7034879121877","-599.3860692360316","-172.60483474882156","-158.05319792684068","-196.1623359748616","-119.52720883660075","-170.2899087174847","-254.038967158596","-118.86743032987556","-179.2252535400691","-254.4446520566812","-127.18920827061436","-285.9102188246548","-482.262321458573","-137.87624249225343","-208.55704535994064","-635.8626995493377","-124.0130196203065"
"27900","-383.1414298043563","-598.6468944487408","-160.2472809236121","-174.57073431797875","-321.2549018128407","-120.49190427235848","-161.89009190939342","-198.66106994945142","-118.82834021430294","-185.89504598491138","-316.970574073781","-126.6736583656234","-318.8698644988539","-487.32428571692765","-137.08945409080033","-154.05440243958495","-199.13293692905222","-127.95121040201738"
"28200","-320.5701208877061","-506.78448803784795","-201.6005856517094","-161.1796470148105","-214.93387139360917","-123.22005930277146","-155.7068594590374","-201.98240921026454","-119.3126191301483","-183.96105708903286","-254.6341502730977","-135.76050567544772","-247.43605195254068","-424.6877024843196","-169.22300238018795","-158.00154336435997","-196.74589155772586","-120.73548524793596"
"28500","-387.56046505355727","-697.0179856695324","-147.10330660857227","-177.31526791562268","-353.81580277862747","-118.58913305864493","-156.63934057617362","-199.0477625064946","-120.30306928998073","-234.1651216427831","-624.9151853110727","-126.77907702701978","-250.3527101026958","-469.6249953168864","-138.36047875547754","-153.44256243264766","-199.65411008592804","-120.57797038748326"
"28800","-382.2215528261551","-619.006392757025","-131.8416986916257","-211.45386082940786","-427.800617239929","-124.45447575590704","-168.287801859372","-281.11349308667025","-119.4794818387777","-178.3453473455129","-271.6358180390307","-128.6559282592942","-308.040715087281","-663.2453580925496","-148.8559164545472","-153.98320310898163","-196.7854479913217","-120.21941329500069"
"29100","-356.3430498692976","-597.1076249013079","-183.46795842262105","-185.64718127182863","-342.54712267188313","-126.57164035145945","-161.4929014647103","-199.9124741756768","-122.50917750404737","-173.35141969033813","-302.616619592029","-126.69808684182001","-316.4436173895196","-646.0682379639783","-138.43866936649343","-152.7984776269779","-198.71735907827878","-121.52684359989105"
"29400","-390.1673252518497","-565.9114099746878","-188.47186552550758","-165.4368145604859","-222.43217700168233","-117.28337983447561","-158.5129414332433","-211.06372345226245","-119.94229082466111","-211.3973994136731","-578.9447827707663","-120.30160529314102","-311.04498933010865","-674.9886517464946","-178.25366521887196","-152.97518098177676","-197.65296313753873","-122.06954306848908"
"29700","-329.7537562039249","-582.8715343023521","-162.92657199659172","-165.9655477873251","-205.79610527920536","-119.08122430658266","-171.42378678197548","-293.29203072234435","-120.43701162756349","-199.98448890500913","-357.25802973792736","-130.64582632969314","-351.797036043277","-578.2522224733636","-171.85904792560834","-230.56649243815883","-835.3437714195736","-120.13088133270438"
"30000","-462.79520686426747","-1085.1487293316395","-147.52057652087052","-167.05941213893115","-289.861622638892","-125.80717077303726","-205.63967360775928","-291.2741397271846","-146.41624274441384","-224.08697984328168","-598.9952084117301","-135.6493629943295","-295.0223879439804","-515.8665193912195","-133.8015960297268","-160.90619021067118","-196.12528852119004","-130.49309272628733"