"Step","DQN_None_ZigZag_100 - eval/avg_reward","DQN_None_ZigZag_100 - eval/avg_reward__MIN","DQN_None_ZigZag_100 - eval/avg_reward__MAX","DQN_None_ZigZag_90 - eval/avg_reward","DQN_None_ZigZag_90 - eval/avg_reward__MIN","DQN_None_ZigZag_90 - eval/avg_reward__MAX","DQN_None_ZigZag_80 - eval/avg_reward","DQN_None_ZigZag_80 - eval/avg_reward__MIN","DQN_None_ZigZag_80 - eval/avg_reward__MAX","DQN_None_ZigZag_70 - eval/avg_reward","DQN_None_ZigZag_70 - eval/avg_reward__MIN","DQN_None_ZigZag_70 - eval/avg_reward__MAX","DQN_None_ZigZag_60 - eval/avg_reward","DQN_None_ZigZag_60 - eval/avg_reward__MIN","DQN_None_ZigZag_60 - eval/avg_reward__MAX","DQN_None_ZigZag_50 - eval/avg_reward","DQN_None_ZigZag_50 - eval/avg_reward__MIN","DQN_None_ZigZag_50 - eval/avg_reward__MAX","DQN_None_ZigZag_40 - eval/avg_reward","DQN_None_ZigZag_40 - eval/avg_reward__MIN","DQN_None_ZigZag_40 - eval/avg_reward__MAX","DQN_None_ZigZag_30 - eval/avg_reward","DQN_None_ZigZag_30 - eval/avg_reward__MIN","DQN_None_ZigZag_30 - eval/avg_reward__MAX","DQN_None_ZigZag_20 - eval/avg_reward","DQN_None_ZigZag_20 - eval/avg_reward__MIN","DQN_None_ZigZag_20 - eval/avg_reward__MAX","DQN_None_ZigZag_10 - eval/avg_reward","DQN_None_ZigZag_10 - eval/avg_reward__MIN","DQN_None_ZigZag_10 - eval/avg_reward__MAX"
"0","-100","-100","-100","-100","-100","-100","-100","-100","-100","-100","-100","-100","-100","-100","-100","-100","-100","-100","-100","-100","-100","-100","-100","-100","-100","-100","-100","-100","-100","-100"
"500","-100","-100","-100","-100","-100","-100","-100","-100","-100","-100","-100","-100","-100","-100","-100","-100","-100","-100","-100","-100","-100","-100","-100","-100","-100","-100","-100","-100","-100","-100"
"1000","-100","-100","-100","-100","-100","-100","-100","-100","-100","-100","-100","-100","-100","-100","-100","-100","-100","-100","-100","-100","-100","-100","-100","-100","-100","-100","-100","-100","-100","-100"
"1500","-100","-100","-100","-100","-100","-100","-100","-100","-100","-106","-106","-106","-100","-100","-100","-100","-100","-100","-100","-100","-100","-100","-100","-100","-100","-100","-100","-100","-100","-100"
"2000","-100","-100","-100","-100","-100","-100","-100","-100","-100","-100","-100","-100","-100","-100","-100","-100","-100","-100","-100","-100","-100","-100","-100","-100","-100","-100","-100","-100","-100","-100"
"2500","-100","-100","-100","-100","-100","-100","-100","-100","-100","-100","-100","-100","-100","-100","-100","-100","-100","-100","-100","-100","-100","-100","-100","-100","-100","-100","-100","-100","-100","-100"
"3000","-100","-100","-100","-100","-100","-100","-100","-100","-100","-100","-100","-100","-100","-100","-100","-100","-100","-100","-100","-100","-100","-100","-100","-100","-100","-100","-100","-100","-100","-100"
"3500","-100","-100","-100","-100","-100","-100","-100","-100","-100","-100","-100","-100","-100","-100","-100","-100","-100","-100","-100","-100","-100","-100","-100","-100","-100","-100","-100","-100","-100","-100"
"4000","-100","-100","-100","-100","-100","-100","-100","-100","-100","-100","-100","-100","-100","-100","-100","-100","-100","-100","-100","-100","-100","-100","-100","-100","-100","-100","-100","-100","-100","-100"
"4500","-100","-100","-100","-100","-100","-100","-100","-100","-100","-100","-100","-100","-100","-100","-100","-100","-100","-100","-100","-100","-100","-100","-100","-100","-100","-100","-100","-100","-100","-100"
"5000","-100","-100","-100","-100","-100","-100","-100","-100","-100","-100","-100","-100","-100","-100","-100","-100","-100","-100","-100","-100","-100","-100","-100","-100","-100","-100","-100","-100","-100","-100"
"5500","-100","-100","-100","-100","-100","-100","-100","-100","-100","-100","-100","-100","-100","-100","-100","-100","-100","-100","-100","-100","-100","-100","-100","-100","-100","-100","-100","-100","-100","-100"
"6000","-100","-100","-100","-100","-100","-100","-100","-100","-100","-100","-100","-100","-100","-100","-100","-100","-100","-100","-100","-100","-100","-100","-100","-100","-100","-100","-100","-100","-100","-100"
"6500","-100","-100","-100","-100","-100","-100","-100","-100","-100","-100","-100","-100","-100","-100","-100","-100","-100","-100","-113","-113","-113","-100","-100","-100","-100","-100","-100","-100","-100","-100"
"7000","-100","-100","-100","-100","-100","-100","-100","-100","-100","-100","-100","-100","-100","-100","-100","-100","-100","-100","-100","-100","-100","-100","-100","-100","-100","-100","-100","-100","-100","-100"
"7500","-100","-100","-100","-100","-100","-100","-100","-100","-100","-100","-100","-100","-100","-100","-100","-100","-100","-100","-100","-100","-100","-100","-100","-100","-100","-100","-100","-100","-100","-100"
"8000","-100","-100","-100","-100","-100","-100","-100","-100","-100","-100","-100","-100","-100","-100","-100","-100","-100","-100","-100","-100","-100","-100","-100","-100","-100","-100","-100","-100","-100","-100"
"8500","-100","-100","-100","-100","-100","-100","-100","-100","-100","-100","-100","-100","-100","-100","-100","-100","-100","-100","-100","-100","-100","-100","-100","-100","-100","-100","-100","-100","-100","-100"
"9000","-100","-100","-100","-100","-100","-100","-100","-100","-100","-100","-100","-100","-100","-100","-100","-100","-100","-100","-100","-100","-100","-100","-100","-100","-100","-100","-100","-100","-100","-100"
"9500","-100","-100","-100","-100","-100","-100","-100","-100","-100","-100","-100","-100","-100","-100","-100","-100","-100","-100","-100","-100","-100","-100","-100","-100","-100","-100","-100","-100","-100","-100"
"10000","-100","-100","-100","-114","-114","-114","-100","-100","-100","-100","-100","-100","-100","-100","-100","-100","-100","-100","-100","-100","-100","-100","-100","-100","-100","-100","-100","-100","-100","-100"
"10500","-100","-100","-100","-114","-114","-114","-100","-100","-100","-100","-100","-100","-100","-100","-100","-100","-100","-100","-100","-100","-100","-100","-100","-100","-100","-100","-100","-100","-100","-100"
"11000","-100","-100","-100","-100","-100","-100","-100","-100","-100","-100","-100","-100","-100","-100","-100","-100","-100","-100","-100","-100","-100","-100","-100","-100","-114","-114","-114","-100","-100","-100"
"11500","-100","-100","-100","-100","-100","-100","-100","-100","-100","-100","-100","-100","-100","-100","-100","-100","-100","-100","-100","-100","-100","-100","-100","-100","-100","-100","-100","-100","-100","-100"
"12000","-100","-100","-100","-100","-100","-100","-100","-100","-100","-100","-100","-100","-113","-113","-113","-100","-100","-100","-100","-100","-100","-100","-100","-100","-100","-100","-100","-100","-100","-100"
"12500","-100","-100","-100","-100","-100","-100","-115","-115","-115","-100","-100","-100","-100","-100","-100","-100","-100","-100","-100","-100","-100","-100","-100","-100","-100","-100","-100","-100","-100","-100"
"13000","-100","-100","-100","-116","-116","-116","-115","-115","-115","-100","-100","-100","-100","-100","-100","-100","-100","-100","-100","-100","-100","-100","-100","-100","-100","-100","-100","-100","-100","-100"
"13500","-100","-100","-100","-24","-24","-24","-115","-115","-115","-100","-100","-100","-100","-100","-100","-100","-100","-100","-100","-100","-100","-100","-100","-100","-100","-100","-100","-100","-100","-100"
"14000","-100","-100","-100","-100","-100","-100","-115","-115","-115","-100","-100","-100","-113","-113","-113","-100","-100","-100","-100","-100","-100","-100","-100","-100","-100","-100","-100","-100","-100","-100"
"14500","-100","-100","-100","-22","-22","-22","-100","-100","-100","-100","-100","-100","-100","-100","-100","-100","-100","-100","-100","-100","-100","-100","-100","-100","-100","-100","-100","-100","-100","-100"
"15000","-100","-100","-100","-22","-22","-22","-100","-100","-100","-100","-100","-100","-100","-100","-100","-100","-100","-100","-100","-100","-100","-100","-100","-100","-100","-100","-100","-100","-100","-100"
"15500","-100","-100","-100","-22","-22","-22","-100","-100","-100","-100","-100","-100","-113","-113","-113","-100","-100","-100","-100","-100","-100","-100","-100","-100","-100","-100","-100","-116","-116","-116"
"16000","-100","-100","-100","-22","-22","-22","-100","-100","-100","-100","-100","-100","-115","-115","-115","-100","-100","-100","-100","-100","-100","-100","-100","-100","-100","-100","-100","-100","-100","-100"
"16500","-100","-100","-100","-22","-22","-22","-100","-100","-100","-100","-100","-100","-100","-100","-100","-100","-100","-100","-100","-100","-100","-100","-100","-100","-100","-100","-100","-100","-100","-100"
"17000","-100","-100","-100","-22","-22","-22","-100","-100","-100","-100","-100","-100","-100","-100","-100","-100","-100","-100","-100","-100","-100","-100","-100","-100","-100","-100","-100","-100","-100","-100"
"17500","-100","-100","-100","-22","-22","-22","-100","-100","-100","-100","-100","-100","-100","-100","-100","-113","-113","-113","-100","-100","-100","-100","-100","-100","-100","-100","-100","-100","-100","-100"
"18000","-100","-100","-100","-22","-22","-22","-22","-22","-22","-100","-100","-100","-22","-22","-22","-100","-100","-100","-100","-100","-100","-100","-100","-100","-100","-100","-100","-100","-100","-100"
"18500","-100","-100","-100","-20","-20","-20","-22","-22","-22","-100","-100","-100","-24","-24","-24","-100","-100","-100","-100","-100","-100","-100","-100","-100","-100","-100","-100","-100","-100","-100"
"19000","-100","-100","-100","-20","-20","-20","-22","-22","-22","-100","-100","-100","-20","-20","-20","-100","-100","-100","-100","-100","-100","-100","-100","-100","-100","-100","-100","-100","-100","-100"
"19500","-100","-100","-100","-20","-20","-20","-22","-22","-22","-100","-100","-100","-20","-20","-20","-100","-100","-100","-100","-100","-100","-100","-100","-100","-100","-100","-100","-100","-100","-100"
"20000","-100","-100","-100","-100","-100","-100","-22","-22","-22","-100","-100","-100","-20","-20","-20","-100","-100","-100","-100","-100","-100","-100","-100","-100","-100","-100","-100","-100","-100","-100"
"20500","-100","-100","-100","-20","-20","-20","-22","-22","-22","-100","-100","-100","-20","-20","-20","-100","-100","-100","-100","-100","-100","-100","-100","-100","-100","-100","-100","-100","-100","-100"
"21000","-100","-100","-100","-20","-20","-20","-22","-22","-22","-100","-100","-100","-20","-20","-20","-113","-113","-113","-100","-100","-100","-100","-100","-100","-100","-100","-100","-100","-100","-100"
"21500","-100","-100","-100","-20","-20","-20","-22","-22","-22","-100","-100","-100","-20","-20","-20","-100","-100","-100","-22","-22","-22","-100","-100","-100","-100","-100","-100","-22","-22","-22"
"22000","-100","-100","-100","-20","-20","-20","-22","-22","-22","-100","-100","-100","-20","-20","-20","-100","-100","-100","-22","-22","-22","-100","-100","-100","-100","-100","-100","-22","-22","-22"
"22500","-100","-100","-100","-20","-20","-20","-22","-22","-22","-100","-100","-100","-100","-100","-100","-100","-100","-100","-100","-100","-100","-100","-100","-100","-100","-100","-100","-100","-100","-100"
"23000","-100","-100","-100","-20","-20","-20","-22","-22","-22","-100","-100","-100","-20","-20","-20","-114","-114","-114","-100","-100","-100","-100","-100","-100","-100","-100","-100","-22","-22","-22"
"23500","-20","-20","-20","-20","-20","-20","-22","-22","-22","-100","-100","-100","-20","-20","-20","-100","-100","-100","-100","-100","-100","-100","-100","-100","-22","-22","-22","-20","-20","-20"
"24000","-20","-20","-20","-20","-20","-20","-22","-22","-22","-100","-100","-100","-100","-100","-100","-100","-100","-100","-22","-22","-22","-20","-20","-20","-22","-22","-22","-20","-20","-20"
"24500","-20","-20","-20","-20","-20","-20","-22","-22","-22","-100","-100","-100","-20","-20","-20","-20","-20","-20","-22","-22","-22","-20","-20","-20","-22","-22","-22","-20","-20","-20"
"25000","-20","-20","-20","-20","-20","-20","-22","-22","-22","-100","-100","-100","-20","-20","-20","-20","-20","-20","-22","-22","-22","-20","-20","-20","-22","-22","-22","-20","-20","-20"
"25500","-20","-20","-20","-20","-20","-20","-22","-22","-22","-100","-100","-100","-20","-20","-20","-20","-20","-20","-22","-22","-22","-20","-20","-20","-22","-22","-22","-20","-20","-20"
"26000","-20","-20","-20","-20","-20","-20","-22","-22","-22","-100","-100","-100","-20","-20","-20","-20","-20","-20","-22","-22","-22","-20","-20","-20","-22","-22","-22","-20","-20","-20"
"26500","-100","-100","-100","-20","-20","-20","-22","-22","-22","-100","-100","-100","-20","-20","-20","-20","-20","-20","-22","-22","-22","-20","-20","-20","-22","-22","-22","-20","-20","-20"
"27000","-100","-100","-100","-20","-20","-20","-22","-22","-22","-100","-100","-100","-20","-20","-20","-20","-20","-20","-100","-100","-100","-20","-20","-20","-22","-22","-22","-20","-20","-20"
"27500","-100","-100","-100","-20","-20","-20","-22","-22","-22","-100","-100","-100","-20","-20","-20","-20","-20","-20","-22","-22","-22","-20","-20","-20","-22","-22","-22","-100","-100","-100"
"28000","-20","-20","-20","-20","-20","-20","-22","-22","-22","-100","-100","-100","-20","-20","-20","-20","-20","-20","-22","-22","-22","-100","-100","-100","-22","-22","-22","-100","-100","-100"
"28500","-20","-20","-20","-20","-20","-20","-22","-22","-22","-22","-22","-22","-20","-20","-20","-20","-20","-20","-22","-22","-22","-100","-100","-100","-22","-22","-22","-100","-100","-100"
"29000","-20","-20","-20","-20","-20","-20","-22","-22","-22","-22","-22","-22","-20","-20","-20","-20","-20","-20","-20","-20","-20","-100","-100","-100","-20","-20","-20","-20","-20","-20"
"29500","-20","-20","-20","-20","-20","-20","-20","-20","-20","-22","-22","-22","-20","-20","-20","-20","-20","-20","-20","-20","-20","-20","-20","-20","-20","-20","-20","-100","-100","-100"
"30000","-20","-20","-20","-20","-20","-20","-20","-20","-20","-22","-22","-22","-20","-20","-20","-20","-20","-20","-20","-20","-20","-100","-100","-100","-20","-20","-20","-20","-20","-20"
"30500","-20","-20","-20","-20","-20","-20","-20","-20","-20","-22","-22","-22","-20","-20","-20","-20","-20","-20","-20","-20","-20","-20","-20","-20","-20","-20","-20","-20","-20","-20"
"31000","-20","-20","-20","-20","-20","-20","-20","-20","-20","-20","-20","-20","-20","-20","-20","-20","-20","-20","-20","-20","-20","-20","-20","-20","-20","-20","-20","-20","-20","-20"
"31500","-20","-20","-20","-20","-20","-20","-20","-20","-20","-20","-20","-20","-20","-20","-20","-20","-20","-20","-20","-20","-20","-20","-20","-20","-20","-20","-20","-20","-20","-20"
"32000","-20","-20","-20","-20","-20","-20","-20","-20","-20","-20","-20","-20","-20","-20","-20","-20","-20","-20","-20","-20","-20","-20","-20","-20","-100","-100","-100","-20","-20","-20"
"32500","-20","-20","-20","-20","-20","-20","-20","-20","-20","-20","-20","-20","-20","-20","-20","-20","-20","-20","-20","-20","-20","-20","-20","-20","-20","-20","-20","-20","-20","-20"
"33000","-20","-20","-20","-20","-20","-20","-20","-20","-20","-20","-20","-20","-20","-20","-20","-20","-20","-20","-20","-20","-20","-20","-20","-20","-20","-20","-20","-20","-20","-20"
"33500","-20","-20","-20","-20","-20","-20","-20","-20","-20","-100","-100","-100","-20","-20","-20","-20","-20","-20","-20","-20","-20","-20","-20","-20","-20","-20","-20","-20","-20","-20"
"34000","-20","-20","-20","-20","-20","-20","-20","-20","-20","-100","-100","-100","-20","-20","-20","-20","-20","-20","-20","-20","-20","-20","-20","-20","-20","-20","-20","-20","-20","-20"
"34500","-20","-20","-20","-20","-20","-20","-20","-20","-20","-20","-20","-20","-20","-20","-20","-20","-20","-20","-20","-20","-20","-20","-20","-20","-20","-20","-20","-20","-20","-20"
"35000","-20","-20","-20","-20","-20","-20","-20","-20","-20","-20","-20","-20","-20","-20","-20","-20","-20","-20","-20","-20","-20","-20","-20","-20","-20","-20","-20","-20","-20","-20"
"35500","-20","-20","-20","-20","-20","-20","-20","-20","-20","-20","-20","-20","-20","-20","-20","-20","-20","-20","-20","-20","-20","-20","-20","-20","-20","-20","-20","-20","-20","-20"
"36000","-20","-20","-20","-20","-20","-20","-20","-20","-20","-20","-20","-20","-20","-20","-20","-20","-20","-20","-20","-20","-20","-20","-20","-20","-20","-20","-20","-20","-20","-20"
"36500","-20","-20","-20","-20","-20","-20","-20","-20","-20","-20","-20","-20","-20","-20","-20","-20","-20","-20","-20","-20","-20","-20","-20","-20","-20","-20","-20","-20","-20","-20"
"37000","-20","-20","-20","-20","-20","-20","-20","-20","-20","-20","-20","-20","-20","-20","-20","-20","-20","-20","-20","-20","-20","-20","-20","-20","-20","-20","-20","-20","-20","-20"
"37500","-20","-20","-20","-20","-20","-20","-20","-20","-20","-20","-20","-20","-20","-20","-20","-20","-20","-20","-20","-20","-20","-20","-20","-20","-20","-20","-20","-20","-20","-20"
"38000","-20","-20","-20","-20","-20","-20","-20","-20","-20","-20","-20","-20","-20","-20","-20","-20","-20","-20","-20","-20","-20","-20","-20","-20","-20","-20","-20","-20","-20","-20"
"38500","-20","-20","-20","-20","-20","-20","-20","-20","-20","-20","-20","-20","-20","-20","-20","-20","-20","-20","-20","-20","-20","-20","-20","-20","-20","-20","-20","-20","-20","-20"
"39000","-20","-20","-20","-20","-20","-20","-20","-20","-20","-20","-20","-20","-20","-20","-20","-20","-20","-20","-20","-20","-20","-20","-20","-20","-20","-20","-20","-20","-20","-20"
"39500","-20","-20","-20","-20","-20","-20","-20","-20","-20","-20","-20","-20","-20","-20","-20","-20","-20","-20","-20","-20","-20","-20","-20","-20","-20","-20","-20","-20","-20","-20"
"40000","-20","-20","-20","-20","-20","-20","-20","-20","-20","-20","-20","-20","-20","-20","-20","-20","-20","-20","-20","-20","-20","-20","-20","-20","-20","-20","-20","-20","-20","-20"
"40500","-20","-20","-20","-20","-20","-20","-20","-20","-20","-20","-20","-20","-20","-20","-20","-20","-20","-20","-20","-20","-20","-20","-20","-20","-20","-20","-20","-20","-20","-20"
"41000","-20","-20","-20","-20","-20","-20","-20","-20","-20","-20","-20","-20","-20","-20","-20","-20","-20","-20","-20","-20","-20","-20","-20","-20","-20","-20","-20","-20","-20","-20"
"41500","-20","-20","-20","-20","-20","-20","-20","-20","-20","-20","-20","-20","-20","-20","-20","-20","-20","-20","-20","-20","-20","-20","-20","-20","-20","-20","-20","-20","-20","-20"
"42000","-20","-20","-20","-20","-20","-20","-20","-20","-20","-20","-20","-20","-20","-20","-20","-20","-20","-20","-20","-20","-20","-20","-20","-20","-20","-20","-20","-20","-20","-20"
"42500","-20","-20","-20","-20","-20","-20","-20","-20","-20","-20","-20","-20","-20","-20","-20","-20","-20","-20","-20","-20","-20","-20","-20","-20","-20","-20","-20","-20","-20","-20"
"43000","-20","-20","-20","-20","-20","-20","-20","-20","-20","-20","-20","-20","-20","-20","-20","-20","-20","-20","-20","-20","-20","-20","-20","-20","-20","-20","-20","-20","-20","-20"
"43500","-20","-20","-20","-20","-20","-20","-20","-20","-20","-20","-20","-20","-20","-20","-20","-20","-20","-20","-20","-20","-20","-20","-20","-20","-20","-20","-20","-20","-20","-20"
"44000","-20","-20","-20","-20","-20","-20","-20","-20","-20","-20","-20","-20","-20","-20","-20","-20","-20","-20","-20","-20","-20","-20","-20","-20","-20","-20","-20","-20","-20","-20"
"44500","-20","-20","-20","-20","-20","-20","-20","-20","-20","-20","-20","-20","-20","-20","-20","-20","-20","-20","-20","-20","-20","-20","-20","-20","-20","-20","-20","-20","-20","-20"
"45000","-20","-20","-20","-20","-20","-20","-20","-20","-20","-20","-20","-20","-20","-20","-20","-20","-20","-20","-20","-20","-20","-20","-20","-20","-20","-20","-20","-20","-20","-20"
"45500","-20","-20","-20","-20","-20","-20","-20","-20","-20","-20","-20","-20","-20","-20","-20","-20","-20","-20","-20","-20","-20","-20","-20","-20","-20","-20","-20","-20","-20","-20"
"46000","-20","-20","-20","-20","-20","-20","-20","-20","-20","-20","-20","-20","-20","-20","-20","-20","-20","-20","-20","-20","-20","-20","-20","-20","-20","-20","-20","-20","-20","-20"
"46500","-20","-20","-20","-20","-20","-20","-20","-20","-20","-20","-20","-20","-20","-20","-20","-20","-20","-20","-20","-20","-20","-20","-20","-20","-20","-20","-20","-20","-20","-20"
"47000","-20","-20","-20","-20","-20","-20","-20","-20","-20","-20","-20","-20","-20","-20","-20","-20","-20","-20","-20","-20","-20","-20","-20","-20","-20","-20","-20","-20","-20","-20"
"47500","-20","-20","-20","-20","-20","-20","-20","-20","-20","-20","-20","-20","-20","-20","-20","-20","-20","-20","-20","-20","-20","-20","-20","-20","-20","-20","-20","-20","-20","-20"
"48000","-20","-20","-20","-20","-20","-20","-20","-20","-20","-20","-20","-20","-20","-20","-20","-20","-20","-20","-20","-20","-20","-20","-20","-20","-20","-20","-20","-20","-20","-20"
"48500","-20","-20","-20","-20","-20","-20","-20","-20","-20","-20","-20","-20","-20","-20","-20","-20","-20","-20","-20","-20","-20","-20","-20","-20","-20","-20","-20","-20","-20","-20"
"49000","-20","-20","-20","-20","-20","-20","-20","-20","-20","-20","-20","-20","-20","-20","-20","-20","-20","-20","-20","-20","-20","-20","-20","-20","-20","-20","-20","-20","-20","-20"
"49500","-20","-20","-20","-20","-20","-20","-20","-20","-20","-20","-20","-20","-20","-20","-20","-20","-20","-20","-20","-20","-20","-20","-20","-20","-20","-20","-20","-20","-20","-20"
"50000","-20","-20","-20","-20","-20","-20","-20","-20","-20","-20","-20","-20","-20","-20","-20","-20","-20","-20","-20","-20","-20","-20","-20","-20","-20","-20","-20","-20","-20","-20"