"Step","DQN_EQL_ZigZag_100 - eval/avg_reward","DQN_EQL_ZigZag_100 - eval/avg_reward__MIN","DQN_EQL_ZigZag_100 - eval/avg_reward__MAX","DQN_EQL_ZigZag_90 - eval/avg_reward","DQN_EQL_ZigZag_90 - eval/avg_reward__MIN","DQN_EQL_ZigZag_90 - eval/avg_reward__MAX","DQN_EQL_ZigZag_80 - eval/avg_reward","DQN_EQL_ZigZag_80 - eval/avg_reward__MIN","DQN_EQL_ZigZag_80 - eval/avg_reward__MAX","DQN_EQL_ZigZag_70 - eval/avg_reward","DQN_EQL_ZigZag_70 - eval/avg_reward__MIN","DQN_EQL_ZigZag_70 - eval/avg_reward__MAX","DQN_EQL_ZigZag_60 - eval/avg_reward","DQN_EQL_ZigZag_60 - eval/avg_reward__MIN","DQN_EQL_ZigZag_60 - eval/avg_reward__MAX","DQN_EQL_ZigZag_50 - eval/avg_reward","DQN_EQL_ZigZag_50 - eval/avg_reward__MIN","DQN_EQL_ZigZag_50 - eval/avg_reward__MAX","DQN_EQL_ZigZag_40 - eval/avg_reward","DQN_EQL_ZigZag_40 - eval/avg_reward__MIN","DQN_EQL_ZigZag_40 - eval/avg_reward__MAX","DQN_EQL_ZigZag_30 - eval/avg_reward","DQN_EQL_ZigZag_30 - eval/avg_reward__MIN","DQN_EQL_ZigZag_30 - eval/avg_reward__MAX","DQN_EQL_ZigZag_20 - eval/avg_reward","DQN_EQL_ZigZag_20 - eval/avg_reward__MIN","DQN_EQL_ZigZag_20 - eval/avg_reward__MAX","DQN_EQL_ZigZag_10 - eval/avg_reward","DQN_EQL_ZigZag_10 - eval/avg_reward__MIN","DQN_EQL_ZigZag_10 - eval/avg_reward__MAX"
"0","-100","-100","-100","-100","-100","-100","-100","-100","-100","-100","-100","-100","-100","-100","-100","-100","-100","-100","-100","-100","-100","-101","-101","-101","-100","-100","-100","-100","-100","-100"
"500","-100","-100","-100","-100","-100","-100","-100","-100","-100","-100","-100","-100","-100","-100","-100","-100","-100","-100","-100","-100","-100","-101","-101","-101","-100","-100","-100","-100","-100","-100"
"1000","-100","-100","-100","-100","-100","-100","-100","-100","-100","-100","-100","-100","-100","-100","-100","-100","-100","-100","-100","-100","-100","-101","-101","-101","-100","-100","-100","-100","-100","-100"
"1500","-100","-100","-100","-100","-100","-100","-100","-100","-100","-100","-100","-100","-100","-100","-100","-100","-100","-100","-100","-100","-100","-100","-100","-100","-111","-111","-111","-100","-100","-100"
"2000","-100","-100","-100","-100","-100","-100","-100","-100","-100","-100","-100","-100","-100","-100","-100","-100","-100","-100","-100","-100","-100","-100","-100","-100","-100","-100","-100","-100","-100","-100"
"2500","-100","-100","-100","-100","-100","-100","-100","-100","-100","-100","-100","-100","-100","-100","-100","-100","-100","-100","-100","-100","-100","-100","-100","-100","-100","-100","-100","-100","-100","-100"
"3000","-100","-100","-100","-100","-100","-100","-100","-100","-100","-100","-100","-100","-100","-100","-100","-100","-100","-100","-100","-100","-100","-100","-100","-100","-100","-100","-100","-100","-100","-100"
"3500","-100","-100","-100","-100","-100","-100","-100","-100","-100","-100","-100","-100","-100","-100","-100","-100","-100","-100","-100","-100","-100","-100","-100","-100","-100","-100","-100","-100","-100","-100"
"4000","-100","-100","-100","-100","-100","-100","-100","-100","-100","-100","-100","-100","-100","-100","-100","-100","-100","-100","-100","-100","-100","-100","-100","-100","-100","-100","-100","-100","-100","-100"
"4500","-100","-100","-100","-100","-100","-100","-100","-100","-100","-100","-100","-100","-100","-100","-100","-100","-100","-100","-100","-100","-100","-100","-100","-100","-100","-100","-100","-100","-100","-100"
"5000","-100","-100","-100","-100","-100","-100","-100","-100","-100","-100","-100","-100","-100","-100","-100","-100","-100","-100","-20","-20","-20","-100","-100","-100","-100","-100","-100","-100","-100","-100"
"5500","-100","-100","-100","-100","-100","-100","-100","-100","-100","-100","-100","-100","-100","-100","-100","-100","-100","-100","-25","-25","-25","-100","-100","-100","-100","-100","-100","-100","-100","-100"
"6000","-100","-100","-100","-20","-20","-20","-100","-100","-100","-23","-23","-23","-100","-100","-100","-100","-100","-100","-22","-22","-22","-100","-100","-100","-22","-22","-22","-100","-100","-100"
"6500","-100","-100","-100","-20","-20","-20","-100","-100","-100","-23","-23","-23","-115","-115","-115","-100","-100","-100","-22","-22","-22","-100","-100","-100","-22","-22","-22","-100","-100","-100"
"7000","-22","-22","-22","-20","-20","-20","-100","-100","-100","-23","-23","-23","-113","-113","-113","-115","-115","-115","-22","-22","-22","-25","-25","-25","-22","-22","-22","-100","-100","-100"
"7500","-100","-100","-100","-20","-20","-20","-100","-100","-100","-23","-23","-23","-114","-114","-114","-22","-22","-22","-22","-22","-22","-24","-24","-24","-22","-22","-22","-100","-100","-100"
"8000","-100","-100","-100","-20","-20","-20","-100","-100","-100","-23","-23","-23","-113","-113","-113","-100","-100","-100","-22","-22","-22","-100","-100","-100","-22","-22","-22","-100","-100","-100"
"8500","-22","-22","-22","-20","-20","-20","-100","-100","-100","-23","-23","-23","-115","-115","-115","-100","-100","-100","-23","-23","-23","-100","-100","-100","-22","-22","-22","-100","-100","-100"
"9000","-22","-22","-22","-20","-20","-20","-100","-100","-100","-23","-23","-23","-100","-100","-100","-100","-100","-100","-25","-25","-25","-25","-25","-25","-22","-22","-22","-115","-115","-115"
"9500","-22","-22","-22","-20","-20","-20","-100","-100","-100","-23","-23","-23","-100","-100","-100","-20","-20","-20","-23","-23","-23","-20","-20","-20","-22","-22","-22","-100","-100","-100"
"10000","-23","-23","-23","-20","-20","-20","-22","-22","-22","-23","-23","-23","-114","-114","-114","-20","-20","-20","-23","-23","-23","-25","-25","-25","-22","-22","-22","-115","-115","-115"
"10500","-23","-23","-23","-20","-20","-20","-22","-22","-22","-23","-23","-23","-100","-100","-100","-20","-20","-20","-22","-22","-22","-20","-20","-20","-22","-22","-22","-100","-100","-100"
"11000","-23","-23","-23","-20","-20","-20","-22","-22","-22","-23","-23","-23","-100","-100","-100","-20","-20","-20","-20","-20","-20","-20","-20","-20","-22","-22","-22","-100","-100","-100"
"11500","-23","-23","-23","-20","-20","-20","-22","-22","-22","-22","-22","-22","-100","-100","-100","-20","-20","-20","-20","-20","-20","-20","-20","-20","-22","-22","-22","-100","-100","-100"
"12000","-24","-24","-24","-20","-20","-20","-22","-22","-22","-22","-22","-22","-100","-100","-100","-20","-20","-20","-20","-20","-20","-20","-20","-20","-23","-23","-23","-100","-100","-100"
"12500","-24","-24","-24","-20","-20","-20","-22","-22","-22","-120","-120","-120","-100","-100","-100","-20","-20","-20","-22","-22","-22","-20","-20","-20","-22","-22","-22","-100","-100","-100"
"13000","-24","-24","-24","-20","-20","-20","-22","-22","-22","-121","-121","-121","-100","-100","-100","-20","-20","-20","-20","-20","-20","-20","-20","-20","-22","-22","-22","-22","-22","-22"
"13500","-24","-24","-24","-22","-22","-22","-22","-22","-22","-120","-120","-120","-100","-100","-100","-20","-20","-20","-20","-20","-20","-20","-20","-20","-22","-22","-22","-121","-121","-121"
"14000","-24","-24","-24","-22","-22","-22","-22","-22","-22","-100","-100","-100","-100","-100","-100","-20","-20","-20","-20","-20","-20","-20","-20","-20","-22","-22","-22","-22","-22","-22"
"14500","-24","-24","-24","-22","-22","-22","-22","-22","-22","-100","-100","-100","-100","-100","-100","-20","-20","-20","-20","-20","-20","-20","-20","-20","-20","-20","-20","-22","-22","-22"
"15000","-24","-24","-24","-22","-22","-22","-22","-22","-22","-100","-100","-100","-100","-100","-100","-20","-20","-20","-22","-22","-22","-22","-22","-22","-20","-20","-20","-22","-22","-22"
"15500","-22","-22","-22","-22","-22","-22","-22","-22","-22","-22","-22","-22","-100","-100","-100","-22","-22","-22","-20","-20","-20","-20","-20","-20","-20","-20","-20","-22","-22","-22"
"16000","-22","-22","-22","-100","-100","-100","-20","-20","-20","-22","-22","-22","-100","-100","-100","-22","-22","-22","-20","-20","-20","-20","-20","-20","-20","-20","-20","-22","-22","-22"
"16500","-23","-23","-23","-20","-20","-20","-20","-20","-20","-23","-23","-23","-100","-100","-100","-22","-22","-22","-20","-20","-20","-20","-20","-20","-20","-20","-20","-22","-22","-22"
"17000","-23","-23","-23","-20","-20","-20","-20","-20","-20","-23","-23","-23","-100","-100","-100","-20","-20","-20","-20","-20","-20","-20","-20","-20","-20","-20","-20","-22","-22","-22"
"17500","-22","-22","-22","-20","-20","-20","-20","-20","-20","-22","-22","-22","-20","-20","-20","-20","-20","-20","-20","-20","-20","-20","-20","-20","-20","-20","-20","-22","-22","-22"
"18000","-20","-20","-20","-20","-20","-20","-20","-20","-20","-22","-22","-22","-20","-20","-20","-20","-20","-20","-20","-20","-20","-20","-20","-20","-20","-20","-20","-22","-22","-22"
"18500","-20","-20","-20","-20","-20","-20","-20","-20","-20","-100","-100","-100","-20","-20","-20","-20","-20","-20","-20","-20","-20","-20","-20","-20","-20","-20","-20","-22","-22","-22"
"19000","-20","-20","-20","-20","-20","-20","-20","-20","-20","-22","-22","-22","-20","-20","-20","-20","-20","-20","-20","-20","-20","-20","-20","-20","-20","-20","-20","-20","-20","-20"
"19500","-21","-21","-21","-20","-20","-20","-20","-20","-20","-22","-22","-22","-20","-20","-20","-20","-20","-20","-20","-20","-20","-20","-20","-20","-20","-20","-20","-20","-20","-20"
"20000","-20","-20","-20","-20","-20","-20","-20","-20","-20","-22","-22","-22","-20","-20","-20","-20","-20","-20","-20","-20","-20","-20","-20","-20","-20","-20","-20","-20","-20","-20"
"20500","-20","-20","-20","-22","-22","-22","-20","-20","-20","-22","-22","-22","-20","-20","-20","-20","-20","-20","-20","-20","-20","-20","-20","-20","-20","-20","-20","-20","-20","-20"
"21000","-20","-20","-20","-20","-20","-20","-20","-20","-20","-22","-22","-22","-20","-20","-20","-20","-20","-20","-20","-20","-20","-20","-20","-20","-20","-20","-20","-20","-20","-20"
"21500","-20","-20","-20","-20","-20","-20","-20","-20","-20","-22","-22","-22","-20","-20","-20","-20","-20","-20","-20","-20","-20","-20","-20","-20","-20","-20","-20","-20","-20","-20"
"22000","-20","-20","-20","-20","-20","-20","-20","-20","-20","-22","-22","-22","-20","-20","-20","-20","-20","-20","-20","-20","-20","-20","-20","-20","-20","-20","-20","-20","-20","-20"
"22500","-20","-20","-20","-20","-20","-20","-20","-20","-20","-22","-22","-22","-20","-20","-20","-20","-20","-20","-20","-20","-20","-20","-20","-20","-20","-20","-20","-20","-20","-20"
"23000","-20","-20","-20","-20","-20","-20","-20","-20","-20","-22","-22","-22","-20","-20","-20","-20","-20","-20","-20","-20","-20","-20","-20","-20","-20","-20","-20","-20","-20","-20"
"23500","-20","-20","-20","-20","-20","-20","-20","-20","-20","-22","-22","-22","-20","-20","-20","-20","-20","-20","-20","-20","-20","-20","-20","-20","-20","-20","-20","-20","-20","-20"
"24000","-20","-20","-20","-20","-20","-20","-20","-20","-20","-22","-22","-22","-20","-20","-20","-20","-20","-20","-20","-20","-20","-20","-20","-20","-20","-20","-20","-20","-20","-20"
"24500","-20","-20","-20","-20","-20","-20","-20","-20","-20","-22","-22","-22","-20","-20","-20","-20","-20","-20","-20","-20","-20","-20","-20","-20","-20","-20","-20","-20","-20","-20"
"25000","-20","-20","-20","-20","-20","-20","-20","-20","-20","-22","-22","-22","-20","-20","-20","-20","-20","-20","-20","-20","-20","-20","-20","-20","-20","-20","-20","-20","-20","-20"
"25500","-20","-20","-20","-20","-20","-20","-20","-20","-20","-22","-22","-22","-20","-20","-20","-20","-20","-20","-20","-20","-20","-20","-20","-20","-20","-20","-20","-20","-20","-20"
"26000","-20","-20","-20","-20","-20","-20","-20","-20","-20","-22","-22","-22","-20","-20","-20","-20","-20","-20","-20","-20","-20","-20","-20","-20","-20","-20","-20","-20","-20","-20"
"26500","-20","-20","-20","-20","-20","-20","-20","-20","-20","-22","-22","-22","-20","-20","-20","-20","-20","-20","-20","-20","-20","-20","-20","-20","-20","-20","-20","-20","-20","-20"
"27000","-20","-20","-20","-20","-20","-20","-20","-20","-20","-22","-22","-22","-20","-20","-20","-20","-20","-20","-20","-20","-20","-20","-20","-20","-20","-20","-20","-20","-20","-20"
"27500","-20","-20","-20","-20","-20","-20","-20","-20","-20","-22","-22","-22","-20","-20","-20","-20","-20","-20","-20","-20","-20","-20","-20","-20","-20","-20","-20","-20","-20","-20"
"28000","-20","-20","-20","-20","-20","-20","-20","-20","-20","-22","-22","-22","-20","-20","-20","-20","-20","-20","-20","-20","-20","-20","-20","-20","-20","-20","-20","-20","-20","-20"
"28500","-20","-20","-20","-20","-20","-20","-20","-20","-20","-22","-22","-22","-20","-20","-20","-20","-20","-20","-20","-20","-20","-20","-20","-20","-20","-20","-20","-20","-20","-20"
"29000","-20","-20","-20","-20","-20","-20","-20","-20","-20","-22","-22","-22","-20","-20","-20","-20","-20","-20","-20","-20","-20","-20","-20","-20","-24","-24","-24","-20","-20","-20"
"29500","-20","-20","-20","-20","-20","-20","-20","-20","-20","-22","-22","-22","-20","-20","-20","-20","-20","-20","-20","-20","-20","-20","-20","-20","-24","-24","-24","-20","-20","-20"
"30000","-20","-20","-20","-20","-20","-20","-20","-20","-20","-22","-22","-22","-20","-20","-20","-20","-20","-20","-20","-20","-20","-20","-20","-20","-22","-22","-22","-20","-20","-20"
"30500","-20","-20","-20","-20","-20","-20","-20","-20","-20","-22","-22","-22","-20","-20","-20","-20","-20","-20","-20","-20","-20","-20","-20","-20","-22","-22","-22","-20","-20","-20"
"31000","-20","-20","-20","-20","-20","-20","-20","-20","-20","-22","-22","-22","-20","-20","-20","-20","-20","-20","-20","-20","-20","-20","-20","-20","-22","-22","-22","-20","-20","-20"
"31500","-20","-20","-20","-20","-20","-20","-20","-20","-20","-22","-22","-22","-20","-20","-20","-20","-20","-20","-20","-20","-20","-20","-20","-20","-22","-22","-22","-20","-20","-20"
"32000","-20","-20","-20","-20","-20","-20","-20","-20","-20","-22","-22","-22","-20","-20","-20","-20","-20","-20","-20","-20","-20","-20","-20","-20","-20","-20","-20","-20","-20","-20"
"32500","-20","-20","-20","-20","-20","-20","-20","-20","-20","-22","-22","-22","-20","-20","-20","-20","-20","-20","-20","-20","-20","-20","-20","-20","-20","-20","-20","-20","-20","-20"
"33000","-20","-20","-20","-20","-20","-20","-20","-20","-20","-22","-22","-22","-20","-20","-20","-20","-20","-20","-20","-20","-20","-20","-20","-20","-20","-20","-20","-20","-20","-20"
"33500","-20","-20","-20","-20","-20","-20","-20","-20","-20","-22","-22","-22","-20","-20","-20","-20","-20","-20","-20","-20","-20","-20","-20","-20","-20","-20","-20","-20","-20","-20"
"34000","-20","-20","-20","-20","-20","-20","-20","-20","-20","-22","-22","-22","-20","-20","-20","-20","-20","-20","-20","-20","-20","-20","-20","-20","-20","-20","-20","-20","-20","-20"
"34500","-20","-20","-20","-20","-20","-20","-20","-20","-20","-22","-22","-22","-20","-20","-20","-20","-20","-20","-20","-20","-20","-20","-20","-20","-20","-20","-20","-20","-20","-20"
"35000","-20","-20","-20","-20","-20","-20","-20","-20","-20","-22","-22","-22","-20","-20","-20","-20","-20","-20","-20","-20","-20","-20","-20","-20","-20","-20","-20","-20","-20","-20"
"35500","-20","-20","-20","-20","-20","-20","-20","-20","-20","-22","-22","-22","-20","-20","-20","-20","-20","-20","-20","-20","-20","-20","-20","-20","-20","-20","-20","-20","-20","-20"
"36000","-20","-20","-20","-20","-20","-20","-20","-20","-20","-22","-22","-22","-20","-20","-20","-20","-20","-20","-20","-20","-20","-20","-20","-20","-20","-20","-20","-20","-20","-20"
"36500","-20","-20","-20","-20","-20","-20","-20","-20","-20","-22","-22","-22","-20","-20","-20","-20","-20","-20","-20","-20","-20","-20","-20","-20","-20","-20","-20","-20","-20","-20"
"37000","-20","-20","-20","-20","-20","-20","-20","-20","-20","-22","-22","-22","-20","-20","-20","-20","-20","-20","-20","-20","-20","-20","-20","-20","-20","-20","-20","-20","-20","-20"
"37500","-20","-20","-20","-20","-20","-20","-20","-20","-20","-22","-22","-22","-20","-20","-20","-20","-20","-20","-20","-20","-20","-20","-20","-20","-20","-20","-20","-20","-20","-20"
"38000","-20","-20","-20","-20","-20","-20","-20","-20","-20","-22","-22","-22","-20","-20","-20","-20","-20","-20","-20","-20","-20","-20","-20","-20","-20","-20","-20","-20","-20","-20"
"38500","-20","-20","-20","-20","-20","-20","-20","-20","-20","-22","-22","-22","-20","-20","-20","-20","-20","-20","-20","-20","-20","-20","-20","-20","-20","-20","-20","-20","-20","-20"
"39000","-20","-20","-20","-20","-20","-20","-20","-20","-20","-22","-22","-22","-20","-20","-20","-20","-20","-20","-20","-20","-20","-20","-20","-20","-20","-20","-20","-20","-20","-20"
"39500","-20","-20","-20","-20","-20","-20","-20","-20","-20","-22","-22","-22","-20","-20","-20","-20","-20","-20","-20","-20","-20","-20","-20","-20","-20","-20","-20","-20","-20","-20"
"40000","-20","-20","-20","-20","-20","-20","-20","-20","-20","-22","-22","-22","-20","-20","-20","-20","-20","-20","-20","-20","-20","-20","-20","-20","-20","-20","-20","-20","-20","-20"
"40500","-20","-20","-20","-20","-20","-20","-20","-20","-20","-22","-22","-22","-20","-20","-20","-20","-20","-20","-20","-20","-20","-20","-20","-20","-20","-20","-20","-20","-20","-20"
"41000","-20","-20","-20","-20","-20","-20","-20","-20","-20","-22","-22","-22","-20","-20","-20","-20","-20","-20","-20","-20","-20","-20","-20","-20","-20","-20","-20","-20","-20","-20"
"41500","-20","-20","-20","-20","-20","-20","-20","-20","-20","-22","-22","-22","-20","-20","-20","-20","-20","-20","-20","-20","-20","-20","-20","-20","-20","-20","-20","-20","-20","-20"
"42000","-20","-20","-20","-20","-20","-20","-20","-20","-20","-22","-22","-22","-20","-20","-20","-20","-20","-20","-20","-20","-20","-20","-20","-20","-20","-20","-20","-20","-20","-20"
"42500","-20","-20","-20","-20","-20","-20","-20","-20","-20","-22","-22","-22","-20","-20","-20","-20","-20","-20","-20","-20","-20","-20","-20","-20","-20","-20","-20","-20","-20","-20"
"43000","-20","-20","-20","-20","-20","-20","-20","-20","-20","-22","-22","-22","-20","-20","-20","-20","-20","-20","-20","-20","-20","-20","-20","-20","-20","-20","-20","-20","-20","-20"
"43500","-20","-20","-20","-20","-20","-20","-20","-20","-20","-22","-22","-22","-20","-20","-20","-20","-20","-20","-20","-20","-20","-20","-20","-20","-20","-20","-20","-20","-20","-20"
"44000","-20","-20","-20","-20","-20","-20","-20","-20","-20","-22","-22","-22","-20","-20","-20","-20","-20","-20","-20","-20","-20","-20","-20","-20","-20","-20","-20","-20","-20","-20"
"44500","-20","-20","-20","-20","-20","-20","-20","-20","-20","-22","-22","-22","-20","-20","-20","-20","-20","-20","-20","-20","-20","-20","-20","-20","-20","-20","-20","-20","-20","-20"
"45000","-20","-20","-20","-20","-20","-20","-20","-20","-20","-22","-22","-22","-20","-20","-20","-20","-20","-20","-20","-20","-20","-20","-20","-20","-20","-20","-20","-20","-20","-20"
"45500","-20","-20","-20","-20","-20","-20","-20","-20","-20","-22","-22","-22","-20","-20","-20","-20","-20","-20","-20","-20","-20","-20","-20","-20","-20","-20","-20","-20","-20","-20"
"46000","-20","-20","-20","-20","-20","-20","-20","-20","-20","-22","-22","-22","-20","-20","-20","-20","-20","-20","-20","-20","-20","-20","-20","-20","-20","-20","-20","-20","-20","-20"
"46500","-20","-20","-20","-20","-20","-20","-20","-20","-20","-22","-22","-22","-20","-20","-20","-20","-20","-20","-20","-20","-20","-20","-20","-20","-20","-20","-20","-20","-20","-20"
"47000","-20","-20","-20","-20","-20","-20","-20","-20","-20","-22","-22","-22","-20","-20","-20","-20","-20","-20","-20","-20","-20","-20","-20","-20","-20","-20","-20","-20","-20","-20"
"47500","-20","-20","-20","-20","-20","-20","-20","-20","-20","-22","-22","-22","-20","-20","-20","-20","-20","-20","-20","-20","-20","-20","-20","-20","-20","-20","-20","-20","-20","-20"
"48000","-20","-20","-20","-20","-20","-20","-20","-20","-20","-22","-22","-22","-20","-20","-20","-20","-20","-20","-20","-20","-20","-20","-20","-20","-20","-20","-20","-20","-20","-20"
"48500","-20","-20","-20","-20","-20","-20","-20","-20","-20","-22","-22","-22","-20","-20","-20","-20","-20","-20","-20","-20","-20","-20","-20","-20","-20","-20","-20","-20","-20","-20"
"49000","-20","-20","-20","-20","-20","-20","-20","-20","-20","-22","-22","-22","-20","-20","-20","-20","-20","-20","-20","-20","-20","-20","-20","-20","-20","-20","-20","-20","-20","-20"
"49500","-20","-20","-20","-20","-20","-20","-20","-20","-20","-22","-22","-22","-20","-20","-20","-20","-20","-20","-20","-20","-20","-20","-20","-20","-20","-20","-20","-20","-20","-20"
"50000","-20","-20","-20","-20","-20","-20","-20","-20","-20","-22","-22","-22","-20","-20","-20","-20","-20","-20","-20","-20","-20","-20","-20","-20","-20","-20","-20","-20","-20","-20"