"Step","DQN_TempoRL_ZigZag_100 - eval/avg_reward","DQN_TempoRL_ZigZag_100 - eval/avg_reward__MIN","DQN_TempoRL_ZigZag_100 - eval/avg_reward__MAX","DQN_TempoRL_ZigZag_90 - eval/avg_reward","DQN_TempoRL_ZigZag_90 - eval/avg_reward__MIN","DQN_TempoRL_ZigZag_90 - eval/avg_reward__MAX","DQN_TempoRL_ZigZag_80 - eval/avg_reward","DQN_TempoRL_ZigZag_80 - eval/avg_reward__MIN","DQN_TempoRL_ZigZag_80 - eval/avg_reward__MAX","DQN_TempoRL_ZigZag_70 - eval/avg_reward","DQN_TempoRL_ZigZag_70 - eval/avg_reward__MIN","DQN_TempoRL_ZigZag_70 - eval/avg_reward__MAX","DQN_TempoRL_ZigZag_60 - eval/avg_reward","DQN_TempoRL_ZigZag_60 - eval/avg_reward__MIN","DQN_TempoRL_ZigZag_60 - eval/avg_reward__MAX","DQN_TempoRL_ZigZag_50 - eval/avg_reward","DQN_TempoRL_ZigZag_50 - eval/avg_reward__MIN","DQN_TempoRL_ZigZag_50 - eval/avg_reward__MAX","DQN_TempoRL_ZigZag_40 - eval/avg_reward","DQN_TempoRL_ZigZag_40 - eval/avg_reward__MIN","DQN_TempoRL_ZigZag_40 - eval/avg_reward__MAX","DQN_TempoRL_ZigZag_30 - eval/avg_reward","DQN_TempoRL_ZigZag_30 - eval/avg_reward__MIN","DQN_TempoRL_ZigZag_30 - eval/avg_reward__MAX","DQN_TempoRL_ZigZag_20 - eval/avg_reward","DQN_TempoRL_ZigZag_20 - eval/avg_reward__MIN","DQN_TempoRL_ZigZag_20 - eval/avg_reward__MAX","DQN_TempoRL_ZigZag_10 - eval/avg_reward","DQN_TempoRL_ZigZag_10 - eval/avg_reward__MIN","DQN_TempoRL_ZigZag_10 - eval/avg_reward__MAX"
"0","-100","-100","-100","-100","-100","-100","-100","-100","-100","-100","-100","-100","-100","-100","-100","-100","-100","-100","-100","-100","-100","-101","-101","-101","-100","-100","-100","-100","-100","-100"
"500","-100","-100","-100","-100","-100","-100","-100","-100","-100","-100","-100","-100","-100","-100","-100","-100","-100","-100","-100","-100","-100","-101","-101","-101","-100","-100","-100","-100","-100","-100"
"1000","-100","-100","-100","-100","-100","-100","-100","-100","-100","-100","-100","-100","-100","-100","-100","-100","-100","-100","-100","-100","-100","-101","-101","-101","-100","-100","-100","-100","-100","-100"
"1500","-100","-100","-100","-100","-100","-100","-100","-100","-100","-100","-100","-100","-100","-100","-100","-100","-100","-100","-100","-100","-100","-100","-100","-100","-100","-100","-100","-100","-100","-100"
"2000","-100","-100","-100","-100","-100","-100","-100","-100","-100","-100","-100","-100","-100","-100","-100","-100","-100","-100","-100","-100","-100","-100","-100","-100","-100","-100","-100","-100","-100","-100"
"2500","-100","-100","-100","-100","-100","-100","-100","-100","-100","-100","-100","-100","-100","-100","-100","-100","-100","-100","-100","-100","-100","-100","-100","-100","-100","-100","-100","-100","-100","-100"
"3000","-100","-100","-100","-100","-100","-100","-100","-100","-100","-100","-100","-100","-100","-100","-100","-100","-100","-100","-100","-100","-100","-100","-100","-100","-100","-100","-100","-100","-100","-100"
"3500","-100","-100","-100","-100","-100","-100","-100","-100","-100","-100","-100","-100","-100","-100","-100","-100","-100","-100","-100","-100","-100","-100","-100","-100","-100","-100","-100","-100","-100","-100"
"4000","-100","-100","-100","-100","-100","-100","-100","-100","-100","-100","-100","-100","-100","-100","-100","-100","-100","-100","-100","-100","-100","-100","-100","-100","-100","-100","-100","-100","-100","-100"
"4500","-100","-100","-100","-100","-100","-100","-100","-100","-100","-100","-100","-100","-100","-100","-100","-100","-100","-100","-100","-100","-100","-100","-100","-100","-100","-100","-100","-100","-100","-100"
"5000","-100","-100","-100","-100","-100","-100","-100","-100","-100","-100","-100","-100","-100","-100","-100","-100","-100","-100","-100","-100","-100","-100","-100","-100","-100","-100","-100","-100","-100","-100"
"5500","-100","-100","-100","-100","-100","-100","-100","-100","-100","-100","-100","-100","-100","-100","-100","-100","-100","-100","-100","-100","-100","-100","-100","-100","-100","-100","-100","-100","-100","-100"
"6000","-100","-100","-100","-100","-100","-100","-100","-100","-100","-100","-100","-100","-100","-100","-100","-100","-100","-100","-100","-100","-100","-100","-100","-100","-100","-100","-100","-111","-111","-111"
"6500","-100","-100","-100","-113","-113","-113","-100","-100","-100","-100","-100","-100","-100","-100","-100","-115","-115","-115","-100","-100","-100","-120","-120","-120","-100","-100","-100","-115","-115","-115"
"7000","-100","-100","-100","-113","-113","-113","-100","-100","-100","-20","-20","-20","-100","-100","-100","-115","-115","-115","-100","-100","-100","-26","-26","-26","-100","-100","-100","-113","-113","-113"
"7500","-116","-116","-116","-100","-100","-100","-100","-100","-100","-22","-22","-22","-100","-100","-100","-113","-113","-113","-22","-22","-22","-100","-100","-100","-100","-100","-100","-113","-113","-113"
"8000","-100","-100","-100","-100","-100","-100","-100","-100","-100","-22","-22","-22","-100","-100","-100","-22","-22","-22","-20","-20","-20","-24","-24","-24","-100","-100","-100","-100","-100","-100"
"8500","-100","-100","-100","-100","-100","-100","-100","-100","-100","-22","-22","-22","-100","-100","-100","-20","-20","-20","-100","-100","-100","-22","-22","-22","-100","-100","-100","-113","-113","-113"
"9000","-100","-100","-100","-100","-100","-100","-100","-100","-100","-22","-22","-22","-100","-100","-100","-20","-20","-20","-100","-100","-100","-22","-22","-22","-100","-100","-100","-113","-113","-113"
"9500","-100","-100","-100","-100","-100","-100","-100","-100","-100","-23","-23","-23","-100","-100","-100","-20","-20","-20","-100","-100","-100","-23","-23","-23","-100","-100","-100","-113","-113","-113"
"10000","-100","-100","-100","-100","-100","-100","-100","-100","-100","-20","-20","-20","-100","-100","-100","-20","-20","-20","-100","-100","-100","-22","-22","-22","-100","-100","-100","-100","-100","-100"
"10500","-100","-100","-100","-100","-100","-100","-100","-100","-100","-20","-20","-20","-100","-100","-100","-21","-21","-21","-100","-100","-100","-23","-23","-23","-100","-100","-100","-100","-100","-100"
"11000","-100","-100","-100","-100","-100","-100","-100","-100","-100","-20","-20","-20","-20","-20","-20","-20","-20","-20","-100","-100","-100","-23","-23","-23","-100","-100","-100","-113","-113","-113"
"11500","-21","-21","-21","-113","-113","-113","-100","-100","-100","-20","-20","-20","-20","-20","-20","-20","-20","-20","-20","-20","-20","-23","-23","-23","-22","-22","-22","-113","-113","-113"
"12000","-100","-100","-100","-113","-113","-113","-100","-100","-100","-20","-20","-20","-20","-20","-20","-20","-20","-20","-100","-100","-100","-22","-22","-22","-121","-121","-121","-20","-20","-20"
"12500","-20","-20","-20","-100","-100","-100","-100","-100","-100","-20","-20","-20","-100","-100","-100","-20","-20","-20","-20","-20","-20","-22","-22","-22","-122","-122","-122","-22","-22","-22"
"13000","-20","-20","-20","-100","-100","-100","-100","-100","-100","-22","-22","-22","-100","-100","-100","-20","-20","-20","-20","-20","-20","-22","-22","-22","-121","-121","-121","-20","-20","-20"
"13500","-20","-20","-20","-100","-100","-100","-22","-22","-22","-100","-100","-100","-100","-100","-100","-20","-20","-20","-20","-20","-20","-20","-20","-20","-121","-121","-121","-20","-20","-20"
"14000","-25","-25","-25","-100","-100","-100","-20","-20","-20","-22","-22","-22","-22","-22","-22","-20","-20","-20","-20","-20","-20","-21","-21","-21","-100","-100","-100","-20","-20","-20"
"14500","-24","-24","-24","-100","-100","-100","-20","-20","-20","-20","-20","-20","-22","-22","-22","-20","-20","-20","-20","-20","-20","-21","-21","-21","-100","-100","-100","-20","-20","-20"
"15000","-22","-22","-22","-100","-100","-100","-20","-20","-20","-20","-20","-20","-20","-20","-20","-20","-20","-20","-20","-20","-20","-20","-20","-20","-121","-121","-121","-20","-20","-20"
"15500","-24","-24","-24","-100","-100","-100","-20","-20","-20","-20","-20","-20","-20","-20","-20","-20","-20","-20","-20","-20","-20","-20","-20","-20","-122","-122","-122","-22","-22","-22"
"16000","-22","-22","-22","-100","-100","-100","-20","-20","-20","-20","-20","-20","-20","-20","-20","-20","-20","-20","-20","-20","-20","-20","-20","-20","-23","-23","-23","-23","-23","-23"
"16500","-22","-22","-22","-100","-100","-100","-20","-20","-20","-20","-20","-20","-100","-100","-100","-20","-20","-20","-20","-20","-20","-21","-21","-21","-23","-23","-23","-100","-100","-100"
"17000","-24","-24","-24","-100","-100","-100","-20","-20","-20","-20","-20","-20","-22","-22","-22","-20","-20","-20","-20","-20","-20","-20","-20","-20","-23","-23","-23","-20","-20","-20"
"17500","-20","-20","-20","-20","-20","-20","-20","-20","-20","-20","-20","-20","-22","-22","-22","-20","-20","-20","-20","-20","-20","-20","-20","-20","-23","-23","-23","-22","-22","-22"
"18000","-20","-20","-20","-20","-20","-20","-20","-20","-20","-20","-20","-20","-20","-20","-20","-20","-20","-20","-20","-20","-20","-20","-20","-20","-23","-23","-23","-20","-20","-20"
"18500","-20","-20","-20","-20","-20","-20","-20","-20","-20","-20","-20","-20","-20","-20","-20","-20","-20","-20","-20","-20","-20","-20","-20","-20","-23","-23","-23","-20","-20","-20"
"19000","-20","-20","-20","-20","-20","-20","-20","-20","-20","-20","-20","-20","-20","-20","-20","-20","-20","-20","-20","-20","-20","-20","-20","-20","-22","-22","-22","-20","-20","-20"
"19500","-20","-20","-20","-20","-20","-20","-20","-20","-20","-20","-20","-20","-20","-20","-20","-20","-20","-20","-20","-20","-20","-20","-20","-20","-20","-20","-20","-20","-20","-20"
"20000","-20","-20","-20","-20","-20","-20","-20","-20","-20","-20","-20","-20","-20","-20","-20","-20","-20","-20","-20","-20","-20","-20","-20","-20","-20","-20","-20","-20","-20","-20"
"20500","-20","-20","-20","-20","-20","-20","-20","-20","-20","-20","-20","-20","-20","-20","-20","-20","-20","-20","-20","-20","-20","-20","-20","-20","-20","-20","-20","-20","-20","-20"
"21000","-20","-20","-20","-20","-20","-20","-20","-20","-20","-20","-20","-20","-20","-20","-20","-20","-20","-20","-20","-20","-20","-20","-20","-20","-20","-20","-20","-20","-20","-20"
"21500","-20","-20","-20","-20","-20","-20","-20","-20","-20","-20","-20","-20","-20","-20","-20","-20","-20","-20","-20","-20","-20","-20","-20","-20","-20","-20","-20","-20","-20","-20"
"22000","-20","-20","-20","-20","-20","-20","-20","-20","-20","-20","-20","-20","-20","-20","-20","-20","-20","-20","-20","-20","-20","-20","-20","-20","-20","-20","-20","-20","-20","-20"
"22500","-20","-20","-20","-20","-20","-20","-20","-20","-20","-20","-20","-20","-20","-20","-20","-20","-20","-20","-20","-20","-20","-20","-20","-20","-20","-20","-20","-20","-20","-20"
"23000","-20","-20","-20","-20","-20","-20","-20","-20","-20","-20","-20","-20","-20","-20","-20","-20","-20","-20","-20","-20","-20","-20","-20","-20","-20","-20","-20","-20","-20","-20"
"23500","-20","-20","-20","-20","-20","-20","-20","-20","-20","-20","-20","-20","-20","-20","-20","-20","-20","-20","-20","-20","-20","-20","-20","-20","-20","-20","-20","-20","-20","-20"
"24000","-20","-20","-20","-20","-20","-20","-20","-20","-20","-20","-20","-20","-20","-20","-20","-20","-20","-20","-20","-20","-20","-20","-20","-20","-20","-20","-20","-20","-20","-20"
"24500","-20","-20","-20","-20","-20","-20","-20","-20","-20","-20","-20","-20","-20","-20","-20","-20","-20","-20","-20","-20","-20","-20","-20","-20","-20","-20","-20","-20","-20","-20"
"25000","-20","-20","-20","-20","-20","-20","-20","-20","-20","-20","-20","-20","-20","-20","-20","-20","-20","-20","-20","-20","-20","-20","-20","-20","-20","-20","-20","-20","-20","-20"
"25500","-20","-20","-20","-20","-20","-20","-20","-20","-20","-20","-20","-20","-20","-20","-20","-20","-20","-20","-20","-20","-20","-20","-20","-20","-20","-20","-20","-20","-20","-20"
"26000","-20","-20","-20","-20","-20","-20","-20","-20","-20","-20","-20","-20","-20","-20","-20","-20","-20","-20","-20","-20","-20","-20","-20","-20","-20","-20","-20","-20","-20","-20"
"26500","-20","-20","-20","-20","-20","-20","-20","-20","-20","-20","-20","-20","-20","-20","-20","-20","-20","-20","-20","-20","-20","-20","-20","-20","-20","-20","-20","-20","-20","-20"
"27000","-20","-20","-20","-20","-20","-20","-20","-20","-20","-20","-20","-20","-20","-20","-20","-20","-20","-20","-20","-20","-20","-20","-20","-20","-20","-20","-20","-20","-20","-20"
"27500","-20","-20","-20","-20","-20","-20","-20","-20","-20","-20","-20","-20","-20","-20","-20","-20","-20","-20","-20","-20","-20","-20","-20","-20","-20","-20","-20","-20","-20","-20"
"28000","-20","-20","-20","-20","-20","-20","-20","-20","-20","-20","-20","-20","-20","-20","-20","-20","-20","-20","-20","-20","-20","-20","-20","-20","-20","-20","-20","-20","-20","-20"
"28500","-20","-20","-20","-20","-20","-20","-20","-20","-20","-20","-20","-20","-20","-20","-20","-20","-20","-20","-20","-20","-20","-20","-20","-20","-20","-20","-20","-20","-20","-20"
"29000","-20","-20","-20","-20","-20","-20","-20","-20","-20","-20","-20","-20","-20","-20","-20","-20","-20","-20","-20","-20","-20","-20","-20","-20","-20","-20","-20","-20","-20","-20"
"29500","-20","-20","-20","-20","-20","-20","-20","-20","-20","-20","-20","-20","-20","-20","-20","-20","-20","-20","-20","-20","-20","-20","-20","-20","-20","-20","-20","-20","-20","-20"
"30000","-20","-20","-20","-20","-20","-20","-20","-20","-20","-20","-20","-20","-20","-20","-20","-20","-20","-20","-20","-20","-20","-20","-20","-20","-20","-20","-20","-20","-20","-20"
"30500","-20","-20","-20","-20","-20","-20","-20","-20","-20","-20","-20","-20","-20","-20","-20","-20","-20","-20","-20","-20","-20","-20","-20","-20","-20","-20","-20","-20","-20","-20"
"31000","-20","-20","-20","-20","-20","-20","-20","-20","-20","-20","-20","-20","-20","-20","-20","-20","-20","-20","-20","-20","-20","-20","-20","-20","-20","-20","-20","-20","-20","-20"
"31500","-20","-20","-20","-20","-20","-20","-20","-20","-20","-20","-20","-20","-20","-20","-20","-20","-20","-20","-20","-20","-20","-20","-20","-20","-20","-20","-20","-20","-20","-20"
"32000","-20","-20","-20","-20","-20","-20","-20","-20","-20","-20","-20","-20","-20","-20","-20","-20","-20","-20","-20","-20","-20","-20","-20","-20","-20","-20","-20","-20","-20","-20"
"32500","-20","-20","-20","-20","-20","-20","-20","-20","-20","-20","-20","-20","-20","-20","-20","-20","-20","-20","-20","-20","-20","-20","-20","-20","-20","-20","-20","-20","-20","-20"
"33000","-20","-20","-20","-20","-20","-20","-20","-20","-20","-20","-20","-20","-20","-20","-20","-20","-20","-20","-20","-20","-20","-20","-20","-20","-20","-20","-20","-20","-20","-20"
"33500","-20","-20","-20","-20","-20","-20","-20","-20","-20","-20","-20","-20","-20","-20","-20","-20","-20","-20","-20","-20","-20","-20","-20","-20","-20","-20","-20","-20","-20","-20"
"34000","-20","-20","-20","-20","-20","-20","-20","-20","-20","-20","-20","-20","-20","-20","-20","-20","-20","-20","-20","-20","-20","-20","-20","-20","-20","-20","-20","-20","-20","-20"
"34500","-20","-20","-20","-20","-20","-20","-20","-20","-20","-20","-20","-20","-20","-20","-20","-20","-20","-20","-20","-20","-20","-20","-20","-20","-20","-20","-20","-20","-20","-20"
"35000","-20","-20","-20","-20","-20","-20","-20","-20","-20","-20","-20","-20","-20","-20","-20","-20","-20","-20","-20","-20","-20","-20","-20","-20","-20","-20","-20","-20","-20","-20"
"35500","-20","-20","-20","-20","-20","-20","-20","-20","-20","-20","-20","-20","-20","-20","-20","-20","-20","-20","-20","-20","-20","-20","-20","-20","-20","-20","-20","-20","-20","-20"
"36000","-20","-20","-20","-20","-20","-20","-20","-20","-20","-20","-20","-20","-20","-20","-20","-20","-20","-20","-20","-20","-20","-20","-20","-20","-20","-20","-20","-20","-20","-20"
"36500","-20","-20","-20","-20","-20","-20","-20","-20","-20","-20","-20","-20","-20","-20","-20","-20","-20","-20","-20","-20","-20","-20","-20","-20","-20","-20","-20","-20","-20","-20"
"37000","-20","-20","-20","-20","-20","-20","-20","-20","-20","-20","-20","-20","-20","-20","-20","-20","-20","-20","-20","-20","-20","-20","-20","-20","-20","-20","-20","-20","-20","-20"
"37500","-20","-20","-20","-20","-20","-20","-20","-20","-20","-20","-20","-20","-20","-20","-20","-20","-20","-20","-20","-20","-20","-20","-20","-20","-20","-20","-20","-20","-20","-20"
"38000","-20","-20","-20","-20","-20","-20","-20","-20","-20","-20","-20","-20","-20","-20","-20","-20","-20","-20","-20","-20","-20","-20","-20","-20","-20","-20","-20","-20","-20","-20"
"38500","-20","-20","-20","-20","-20","-20","-20","-20","-20","-20","-20","-20","-20","-20","-20","-20","-20","-20","-20","-20","-20","-20","-20","-20","-20","-20","-20","-20","-20","-20"
"39000","-20","-20","-20","-20","-20","-20","-20","-20","-20","-20","-20","-20","-20","-20","-20","-20","-20","-20","-20","-20","-20","-20","-20","-20","-20","-20","-20","-20","-20","-20"
"39500","-20","-20","-20","-20","-20","-20","-20","-20","-20","-20","-20","-20","-20","-20","-20","-20","-20","-20","-20","-20","-20","-20","-20","-20","-20","-20","-20","-20","-20","-20"
"40000","-20","-20","-20","-20","-20","-20","-20","-20","-20","-20","-20","-20","-20","-20","-20","-20","-20","-20","-20","-20","-20","-20","-20","-20","-20","-20","-20","-20","-20","-20"
"40500","-20","-20","-20","-20","-20","-20","-20","-20","-20","-20","-20","-20","-20","-20","-20","-20","-20","-20","-20","-20","-20","-20","-20","-20","-20","-20","-20","-20","-20","-20"
"41000","-20","-20","-20","-20","-20","-20","-20","-20","-20","-20","-20","-20","-20","-20","-20","-20","-20","-20","-20","-20","-20","-20","-20","-20","-20","-20","-20","-20","-20","-20"
"41500","-20","-20","-20","-20","-20","-20","-20","-20","-20","-20","-20","-20","-20","-20","-20","-20","-20","-20","-20","-20","-20","-20","-20","-20","-20","-20","-20","-20","-20","-20"
"42000","-20","-20","-20","-20","-20","-20","-20","-20","-20","-20","-20","-20","-20","-20","-20","-20","-20","-20","-20","-20","-20","-20","-20","-20","-20","-20","-20","-20","-20","-20"
"42500","-20","-20","-20","-20","-20","-20","-20","-20","-20","-20","-20","-20","-20","-20","-20","-20","-20","-20","-20","-20","-20","-20","-20","-20","-20","-20","-20","-20","-20","-20"
"43000","-20","-20","-20","-20","-20","-20","-20","-20","-20","-20","-20","-20","-20","-20","-20","-20","-20","-20","-20","-20","-20","-20","-20","-20","-20","-20","-20","-20","-20","-20"
"43500","-20","-20","-20","-20","-20","-20","-20","-20","-20","-20","-20","-20","-20","-20","-20","-20","-20","-20","-20","-20","-20","-20","-20","-20","-20","-20","-20","-20","-20","-20"
"44000","-20","-20","-20","-20","-20","-20","-20","-20","-20","-20","-20","-20","-20","-20","-20","-20","-20","-20","-20","-20","-20","-20","-20","-20","-20","-20","-20","-20","-20","-20"
"44500","-20","-20","-20","-20","-20","-20","-20","-20","-20","-20","-20","-20","-20","-20","-20","-20","-20","-20","-20","-20","-20","-20","-20","-20","-20","-20","-20","-20","-20","-20"
"45000","-20","-20","-20","-20","-20","-20","-20","-20","-20","-20","-20","-20","-20","-20","-20","-20","-20","-20","-20","-20","-20","-20","-20","-20","-20","-20","-20","-20","-20","-20"
"45500","-20","-20","-20","-20","-20","-20","-20","-20","-20","-20","-20","-20","-20","-20","-20","-20","-20","-20","-20","-20","-20","-20","-20","-20","-20","-20","-20","-20","-20","-20"
"46000","-20","-20","-20","-20","-20","-20","-20","-20","-20","-20","-20","-20","-20","-20","-20","-20","-20","-20","-20","-20","-20","-20","-20","-20","-20","-20","-20","-20","-20","-20"
"46500","-20","-20","-20","-20","-20","-20","-20","-20","-20","-20","-20","-20","-20","-20","-20","-20","-20","-20","-20","-20","-20","-20","-20","-20","-20","-20","-20","-20","-20","-20"
"47000","-20","-20","-20","-20","-20","-20","-20","-20","-20","-20","-20","-20","-20","-20","-20","-20","-20","-20","-20","-20","-20","-20","-20","-20","-20","-20","-20","-20","-20","-20"
"47500","-20","-20","-20","-20","-20","-20","-20","-20","-20","-20","-20","-20","-20","-20","-20","-20","-20","-20","-20","-20","-20","-20","-20","-20","-20","-20","-20","-20","-20","-20"
"48000","-20","-20","-20","-20","-20","-20","-20","-20","-20","-20","-20","-20","-20","-20","-20","-20","-20","-20","-20","-20","-20","-20","-20","-20","-20","-20","-20","-20","-20","-20"
"48500","-20","-20","-20","-20","-20","-20","-20","-20","-20","-20","-20","-20","-20","-20","-20","-20","-20","-20","-20","-20","-20","-20","-20","-20","-20","-20","-20","-20","-20","-20"
"49000","-20","-20","-20","-20","-20","-20","-20","-20","-20","-20","-20","-20","-20","-20","-20","-20","-20","-20","-20","-20","-20","-20","-20","-20","-20","-20","-20","-20","-20","-20"
"49500","-20","-20","-20","-20","-20","-20","-20","-20","-20","-20","-20","-20","-20","-20","-20","-20","-20","-20","-20","-20","-20","-20","-20","-20","-20","-20","-20","-20","-20","-20"
"50000","-20","-20","-20","-20","-20","-20","-20","-20","-20","-20","-20","-20","-20","-20","-20","-20","-20","-20","-20","-20","-20","-20","-20","-20","-20","-20","-20","-20","-20","-20"