"Step","DDPG_EQL_Pendulum-v1_100 - eval/avg_reward","DDPG_EQL_Pendulum-v1_100 - eval/avg_reward__MIN","DDPG_EQL_Pendulum-v1_100 - eval/avg_reward__MAX","DDPG_EQL_Pendulum-v1_90 - eval/avg_reward","DDPG_EQL_Pendulum-v1_90 - eval/avg_reward__MIN","DDPG_EQL_Pendulum-v1_90 - eval/avg_reward__MAX","DDPG_EQL_Pendulum-v1_80 - eval/avg_reward","DDPG_EQL_Pendulum-v1_80 - eval/avg_reward__MIN","DDPG_EQL_Pendulum-v1_80 - eval/avg_reward__MAX","DDPG_EQL_Pendulum-v1_70 - eval/avg_reward","DDPG_EQL_Pendulum-v1_70 - eval/avg_reward__MIN","DDPG_EQL_Pendulum-v1_70 - eval/avg_reward__MAX","DDPG_EQL_Pendulum-v1_60 - eval/avg_reward","DDPG_EQL_Pendulum-v1_60 - eval/avg_reward__MIN","DDPG_EQL_Pendulum-v1_60 - eval/avg_reward__MAX","DDPG_EQL_Pendulum-v1_50 - eval/avg_reward","DDPG_EQL_Pendulum-v1_50 - eval/avg_reward__MIN","DDPG_EQL_Pendulum-v1_50 - eval/avg_reward__MAX","DDPG_EQL_Pendulum-v1_40 - eval/avg_reward","DDPG_EQL_Pendulum-v1_40 - eval/avg_reward__MIN","DDPG_EQL_Pendulum-v1_40 - eval/avg_reward__MAX","DDPG_EQL_Pendulum-v1_30 - eval/avg_reward","DDPG_EQL_Pendulum-v1_30 - eval/avg_reward__MIN","DDPG_EQL_Pendulum-v1_30 - eval/avg_reward__MAX","DDPG_EQL_Pendulum-v1_20 - eval/avg_reward","DDPG_EQL_Pendulum-v1_20 - eval/avg_reward__MIN","DDPG_EQL_Pendulum-v1_20 - eval/avg_reward__MAX","DDPG_EQL_Pendulum-v1_10 - eval/avg_reward","DDPG_EQL_Pendulum-v1_10 - eval/avg_reward__MIN","DDPG_EQL_Pendulum-v1_10 - eval/avg_reward__MAX"
"0","-1356.4766112403704","-1356.4766112403704","-1356.4766112403704","-1087.7671671790558","-1087.7671671790558","-1087.7671671790558","-1318.9788135959136","-1318.9788135959136","-1318.9788135959136","-1274.0977320837353","-1274.0977320837353","-1274.0977320837353","-1386.8868685926932","-1386.8868685926932","-1386.8868685926932","-1252.5151718933562","-1252.5151718933562","-1252.5151718933562","-1433.0072672589504","-1433.0072672589504","-1433.0072672589504","-1446.9520312824088","-1446.9520312824088","-1446.9520312824088","-1346.2116867109887","-1346.2116867109887","-1346.2116867109887","-1452.7631073899386","-1452.7631073899386","-1452.7631073899386"
"300","-1356.4766112403704","-1356.4766112403704","-1356.4766112403704","-1087.7671671790558","-1087.7671671790558","-1087.7671671790558","-1318.9788135959136","-1318.9788135959136","-1318.9788135959136","-1274.0977320837353","-1274.0977320837353","-1274.0977320837353","-1386.8868685926932","-1386.8868685926932","-1386.8868685926932","-1252.5151718933562","-1252.5151718933562","-1252.5151718933562","-1433.0072672589504","-1433.0072672589504","-1433.0072672589504","-1446.9520312824088","-1446.9520312824088","-1446.9520312824088","-1346.2116867109887","-1346.2116867109887","-1346.2116867109887","-1452.7631073899386","-1452.7631073899386","-1452.7631073899386"
"600","-1356.4766112403704","-1356.4766112403704","-1356.4766112403704","-1087.7671671790558","-1087.7671671790558","-1087.7671671790558","-1318.9788135959136","-1318.9788135959136","-1318.9788135959136","-1274.0977320837353","-1274.0977320837353","-1274.0977320837353","-1386.8868685926932","-1386.8868685926932","-1386.8868685926932","-1252.5151718933562","-1252.5151718933562","-1252.5151718933562","-1433.0072672589504","-1433.0072672589504","-1433.0072672589504","-1446.9520312824088","-1446.9520312824088","-1446.9520312824088","-1346.2116867109887","-1346.2116867109887","-1346.2116867109887","-1452.7631073899386","-1452.7631073899386","-1452.7631073899386"
"900","-1356.4766112403704","-1356.4766112403704","-1356.4766112403704","-1087.7671671790558","-1087.7671671790558","-1087.7671671790558","-1318.9788135959136","-1318.9788135959136","-1318.9788135959136","-1274.0977320837353","-1274.0977320837353","-1274.0977320837353","-1386.8868685926932","-1386.8868685926932","-1386.8868685926932","-1252.5151718933562","-1252.5151718933562","-1252.5151718933562","-1433.0072672589504","-1433.0072672589504","-1433.0072672589504","-1446.9520312824088","-1446.9520312824088","-1446.9520312824088","-1346.2116867109887","-1346.2116867109887","-1346.2116867109887","-1452.7631073899386","-1452.7631073899386","-1452.7631073899386"
"1200","-1495.7559605842387","-1495.7559605842387","-1495.7559605842387","-1495.9359045266276","-1495.9359045266276","-1495.9359045266276","-1726.7847854633037","-1726.7847854633037","-1726.7847854633037","-1679.3988484227004","-1679.3988484227004","-1679.3988484227004","-1842.6972050414504","-1842.6972050414504","-1842.6972050414504","-1670.606429951377","-1670.606429951377","-1670.606429951377","-1642.2473203924558","-1642.2473203924558","-1642.2473203924558","-1546.448175910564","-1546.448175910564","-1546.448175910564","-1676.9332642023553","-1676.9332642023553","-1676.9332642023553","-1730.4752538020252","-1730.4752538020252","-1730.4752538020252"
"1500","-1468.1643426281555","-1468.1643426281555","-1468.1643426281555","-1639.1067082577524","-1639.1067082577524","-1639.1067082577524","-1506.0202914463537","-1506.0202914463537","-1506.0202914463537","-1606.0809317002802","-1606.0809317002802","-1606.0809317002802","-1482.7167679059683","-1482.7167679059683","-1482.7167679059683","-1496.9184259239573","-1496.9184259239573","-1496.9184259239573","-1768.2505886309602","-1768.2505886309602","-1768.2505886309602","-1691.7860908940518","-1691.7860908940518","-1691.7860908940518","-1655.9700340801974","-1655.9700340801974","-1655.9700340801974","-1645.1852464582582","-1645.1852464582582","-1645.1852464582582"
"1800","-1465.6511226539747","-1465.6511226539747","-1465.6511226539747","-1411.1960053979446","-1411.1960053979446","-1411.1960053979446","-1469.963063837419","-1469.963063837419","-1469.963063837419","-1450.5339413670188","-1450.5339413670188","-1450.5339413670188","-1481.8943158436437","-1481.8943158436437","-1481.8943158436437","-1551.9883146333239","-1551.9883146333239","-1551.9883146333239","-1544.3405677632104","-1544.3405677632104","-1544.3405677632104","-1650.8107206434993","-1650.8107206434993","-1650.8107206434993","-1490.1356956806305","-1490.1356956806305","-1490.1356956806305","-1458.3204380495883","-1458.3204380495883","-1458.3204380495883"
"2100","-1421.6063697518523","-1421.6063697518523","-1421.6063697518523","-1388.4320959956754","-1388.4320959956754","-1388.4320959956754","-1459.476708657214","-1459.476708657214","-1459.476708657214","-1168.8162819233464","-1168.8162819233464","-1168.8162819233464","-1217.3207395944796","-1217.3207395944796","-1217.3207395944796","-1437.9708299234433","-1437.9708299234433","-1437.9708299234433","-1387.2545805445204","-1387.2545805445204","-1387.2545805445204","-1466.3140361949133","-1466.3140361949133","-1466.3140361949133","-1490.26341141925","-1490.26341141925","-1490.26341141925","-1275.8940229209309","-1275.8940229209309","-1275.8940229209309"
"2400","-1145.5774611352456","-1145.5774611352456","-1145.5774611352456","-1173.9872925256188","-1173.9872925256188","-1173.9872925256188","-1344.4375516018845","-1344.4375516018845","-1344.4375516018845","-1094.3487736018615","-1094.3487736018615","-1094.3487736018615","-1299.90191861613","-1299.90191861613","-1299.90191861613","-1179.7950834449307","-1179.7950834449307","-1179.7950834449307","-1259.4904689165203","-1259.4904689165203","-1259.4904689165203","-1336.5107499494934","-1336.5107499494934","-1336.5107499494934","-1236.1350129724608","-1236.1350129724608","-1236.1350129724608","-1207.764040958479","-1207.764040958479","-1207.764040958479"
"2700","-957.317977299457","-957.317977299457","-957.317977299457","-738.7589428842624","-738.7589428842624","-738.7589428842624","-1015.5179909665414","-1015.5179909665414","-1015.5179909665414","-1044.8797197585404","-1044.8797197585404","-1044.8797197585404","-1267.702032689329","-1267.702032689329","-1267.702032689329","-1176.7888875270596","-1176.7888875270596","-1176.7888875270596","-1022.5059494290824","-1022.5059494290824","-1022.5059494290824","-1145.7004733161637","-1145.7004733161637","-1145.7004733161637","-1058.8793303156629","-1058.8793303156629","-1058.8793303156629","-1164.100563598579","-1164.100563598579","-1164.100563598579"
"3000","-789.7859617259002","-789.7859617259002","-789.7859617259002","-631.9868559786507","-631.9868559786507","-631.9868559786507","-938.5353987061375","-938.5353987061375","-938.5353987061375","-921.7967627645855","-921.7967627645855","-921.7967627645855","-1225.34969956543","-1225.34969956543","-1225.34969956543","-1063.1605994149095","-1063.1605994149095","-1063.1605994149095","-947.6007278143583","-947.6007278143583","-947.6007278143583","-1056.8859150011178","-1056.8859150011178","-1056.8859150011178","-925.1191630585188","-925.1191630585188","-925.1191630585188","-1117.9421695765982","-1117.9421695765982","-1117.9421695765982"
"3300","-661.8057476533158","-661.8057476533158","-661.8057476533158","-187.42220046160537","-187.42220046160537","-187.42220046160537","-475.54762286071843","-475.54762286071843","-475.54762286071843","-843.3455387243315","-843.3455387243315","-843.3455387243315","-1102.4110961482056","-1102.4110961482056","-1102.4110961482056","-782.5333134387968","-782.5333134387968","-782.5333134387968","-286.5252187344169","-286.5252187344169","-286.5252187344169","-943.8686127921834","-943.8686127921834","-943.8686127921834","-729.3300524505797","-729.3300524505797","-729.3300524505797","-790.6422663451319","-790.6422663451319","-790.6422663451319"
"3600","-296.87310792884495","-296.87310792884495","-296.87310792884495","-130.31097929699712","-130.31097929699712","-130.31097929699712","-765.6963968736572","-765.6963968736572","-765.6963968736572","-180.59091527168943","-180.59091527168943","-180.59091527168943","-478.1107593174074","-478.1107593174074","-478.1107593174074","-302.0893458335755","-302.0893458335755","-302.0893458335755","-288.78279989930326","-288.78279989930326","-288.78279989930326","-790.1315627088117","-790.1315627088117","-790.1315627088117","-298.56839572658106","-298.56839572658106","-298.56839572658106","-430.94163499568185","-430.94163499568185","-430.94163499568185"
"3900","-132.07120082127986","-132.07120082127986","-132.07120082127986","-105.3095309965826","-105.3095309965826","-105.3095309965826","-207.35161867985636","-207.35161867985636","-207.35161867985636","-182.172614386097","-182.172614386097","-182.172614386097","-338.57156766227445","-338.57156766227445","-338.57156766227445","-206.4689924441437","-206.4689924441437","-206.4689924441437","-209.4338645127484","-209.4338645127484","-209.4338645127484","-329.2192076680234","-329.2192076680234","-329.2192076680234","-184.99726764100086","-184.99726764100086","-184.99726764100086","-401.29588694156445","-401.29588694156445","-401.29588694156445"
"4200","-127.0879905025707","-127.0879905025707","-127.0879905025707","-105.88033779861576","-105.88033779861576","-105.88033779861576","-173.15529120828933","-173.15529120828933","-173.15529120828933","-154.78648056194248","-154.78648056194248","-154.78648056194248","-194.81651073964008","-194.81651073964008","-194.81651073964008","-174.65440262595706","-174.65440262595706","-174.65440262595706","-176.4874438426072","-176.4874438426072","-176.4874438426072","-204.4376346140925","-204.4376346140925","-204.4376346140925","-179.23485467930618","-179.23485467930618","-179.23485467930618","-361.8648371642484","-361.8648371642484","-361.8648371642484"
"4500","-125.61831555252863","-125.61831555252863","-125.61831555252863","-102.95193827531969","-102.95193827531969","-102.95193827531969","-170.7325039522425","-170.7325039522425","-170.7325039522425","-124.96265391833126","-124.96265391833126","-124.96265391833126","-189.78306644583273","-189.78306644583273","-189.78306644583273","-173.13776050772316","-173.13776050772316","-173.13776050772316","-179.16148170649524","-179.16148170649524","-179.16148170649524","-201.7251129997753","-201.7251129997753","-201.7251129997753","-177.59980767175378","-177.59980767175378","-177.59980767175378","-146.5649619972633","-146.5649619972633","-146.5649619972633"
"4800","-126.70764519325078","-126.70764519325078","-126.70764519325078","-102.74897370309684","-102.74897370309684","-102.74897370309684","-169.87064379349755","-169.87064379349755","-169.87064379349755","-205.41619524827584","-205.41619524827584","-205.41619524827584","-190.87761392506235","-190.87761392506235","-190.87761392506235","-167.5183539471197","-167.5183539471197","-167.5183539471197","-176.69963726465156","-176.69963726465156","-176.69963726465156","-195.68446110657342","-195.68446110657342","-195.68446110657342","-173.68913910979347","-173.68913910979347","-173.68913910979347","-140.49639445231196","-140.49639445231196","-140.49639445231196"
"5100","-125.09880200395953","-125.09880200395953","-125.09880200395953","-102.92908843233383","-102.92908843233383","-102.92908843233383","-170.23389706016206","-170.23389706016206","-170.23389706016206","-518.2795130895751","-518.2795130895751","-518.2795130895751","-187.73328319560454","-187.73328319560454","-187.73328319560454","-167.48927846063813","-167.48927846063813","-167.48927846063813","-174.76371363497145","-174.76371363497145","-174.76371363497145","-191.49973296547796","-191.49973296547796","-191.49973296547796","-170.94074650620192","-170.94074650620192","-170.94074650620192","-138.29262088536356","-138.29262088536356","-138.29262088536356"
"5400","-154.5807889192229","-154.5807889192229","-154.5807889192229","-671.7476920080505","-671.7476920080505","-671.7476920080505","-248.26153323927824","-248.26153323927824","-248.26153323927824","-282.6246240075895","-282.6246240075895","-282.6246240075895","-188.16143729417863","-188.16143729417863","-188.16143729417863","-163.60545574484445","-163.60545574484445","-163.60545574484445","-172.47921148941293","-172.47921148941293","-172.47921148941293","-188.1812523594446","-188.1812523594446","-188.1812523594446","-170.07253787234902","-170.07253787234902","-170.07253787234902","-134.8671521698979","-134.8671521698979","-134.8671521698979"
"5700","-124.3050006366927","-124.3050006366927","-124.3050006366927","-101.79391247371414","-101.79391247371414","-101.79391247371414","-169.1993188902335","-169.1993188902335","-169.1993188902335","-124.22646685450441","-124.22646685450441","-124.22646685450441","-190.47028175033006","-190.47028175033006","-190.47028175033006","-161.3429652916422","-161.3429652916422","-161.3429652916422","-222.3276731141678","-222.3276731141678","-222.3276731141678","-186.12743977520586","-186.12743977520586","-186.12743977520586","-170.19573962497412","-170.19573962497412","-170.19573962497412","-134.83431959064052","-134.83431959064052","-134.83431959064052"
"6000","-124.09690288964319","-124.09690288964319","-124.09690288964319","-155.08458254014556","-155.08458254014556","-155.08458254014556","-169.28382027986774","-169.28382027986774","-169.28382027986774","-123.68244314656053","-123.68244314656053","-123.68244314656053","-328.3292954816901","-328.3292954816901","-328.3292954816901","-161.81597365256303","-161.81597365256303","-161.81597365256303","-348.3132396419766","-348.3132396419766","-348.3132396419766","-192.50749936687933","-192.50749936687933","-192.50749936687933","-168.41867953113373","-168.41867953113373","-168.41867953113373","-133.789318221982","-133.789318221982","-133.789318221982"
"6300","-123.34643073384981","-123.34643073384981","-123.34643073384981","-352.57305729343227","-352.57305729343227","-352.57305729343227","-168.88492370107244","-168.88492370107244","-168.88492370107244","-124.10568446241273","-124.10568446241273","-124.10568446241273","-197.26065587766197","-197.26065587766197","-197.26065587766197","-161.1997429120176","-161.1997429120176","-161.1997429120176","-166.96837054039943","-166.96837054039943","-166.96837054039943","-190.24979553482316","-190.24979553482316","-190.24979553482316","-167.95699859556115","-167.95699859556115","-167.95699859556115","-133.25673757055858","-133.25673757055858","-133.25673757055858"
"6600","-122.87072585855447","-122.87072585855447","-122.87072585855447","-104.34925875724505","-104.34925875724505","-104.34925875724505","-168.42799158482148","-168.42799158482148","-168.42799158482148","-123.96238723748979","-123.96238723748979","-123.96238723748979","-426.2838556301091","-426.2838556301091","-426.2838556301091","-162.84895090341482","-162.84895090341482","-162.84895090341482","-169.5057093002103","-169.5057093002103","-169.5057093002103","-190.22505003201448","-190.22505003201448","-190.22505003201448","-166.47659407077873","-166.47659407077873","-166.47659407077873","-135.55017771513513","-135.55017771513513","-135.55017771513513"
"6900","-202.4710988767021","-202.4710988767021","-202.4710988767021","-102.86252219705212","-102.86252219705212","-102.86252219705212","-168.544243580717","-168.544243580717","-168.544243580717","-124.17612903530639","-124.17612903530639","-124.17612903530639","-216.49045093478625","-216.49045093478625","-216.49045093478625","-240.9928135719634","-240.9928135719634","-240.9928135719634","-164.2955829426435","-164.2955829426435","-164.2955829426435","-187.45557971265558","-187.45557971265558","-187.45557971265558","-168.75560523598216","-168.75560523598216","-168.75560523598216","-134.84588386590414","-134.84588386590414","-134.84588386590414"
"7200","-258.1125119947568","-258.1125119947568","-258.1125119947568","-129.6298392697908","-129.6298392697908","-129.6298392697908","-165.67994115598793","-165.67994115598793","-165.67994115598793","-126.24989800125074","-126.24989800125074","-126.24989800125074","-188.1635253438529","-188.1635253438529","-188.1635253438529","-214.08678218081323","-214.08678218081323","-214.08678218081323","-155.86011719058516","-155.86011719058516","-155.86011719058516","-191.17056152216406","-191.17056152216406","-191.17056152216406","-167.153230240465","-167.153230240465","-167.153230240465","-136.10072953708743","-136.10072953708743","-136.10072953708743"
"7500","-229.1535584081326","-229.1535584081326","-229.1535584081326","-102.7017027153101","-102.7017027153101","-102.7017027153101","-167.6232260078286","-167.6232260078286","-167.6232260078286","-126.95947375155417","-126.95947375155417","-126.95947375155417","-186.63171641131333","-186.63171641131333","-186.63171641131333","-160.47496385975336","-160.47496385975336","-160.47496385975336","-615.3812340181296","-615.3812340181296","-615.3812340181296","-191.15435161846574","-191.15435161846574","-191.15435161846574","-168.00247831230635","-168.00247831230635","-168.00247831230635","-136.9267210524781","-136.9267210524781","-136.9267210524781"
"7800","-122.50766555842385","-122.50766555842385","-122.50766555842385","-128.2982716494394","-128.2982716494394","-128.2982716494394","-167.5565324671207","-167.5565324671207","-167.5565324671207","-127.45939903512712","-127.45939903512712","-127.45939903512712","-184.52934423122883","-184.52934423122883","-184.52934423122883","-380.7712680168913","-380.7712680168913","-380.7712680168913","-160.570002167187","-160.570002167187","-160.570002167187","-190.5917384762384","-190.5917384762384","-190.5917384762384","-167.05697675552864","-167.05697675552864","-167.05697675552864","-137.61045821754135","-137.61045821754135","-137.61045821754135"
"8100","-200.62349683270014","-200.62349683270014","-200.62349683270014","-101.24082289351095","-101.24082289351095","-101.24082289351095","-166.9573881178049","-166.9573881178049","-166.9573881178049","-127.908773979782","-127.908773979782","-127.908773979782","-183.08075209270197","-183.08075209270197","-183.08075209270197","-377.30738132944424","-377.30738132944424","-377.30738132944424","-160.8279627423743","-160.8279627423743","-160.8279627423743","-190.72587646178977","-190.72587646178977","-190.72587646178977","-167.49292420134506","-167.49292420134506","-167.49292420134506","-137.76429010056296","-137.76429010056296","-137.76429010056296"
"8400","-122.00573565925546","-122.00573565925546","-122.00573565925546","-101.59684816339539","-101.59684816339539","-101.59684816339539","-167.16451333455908","-167.16451333455908","-167.16451333455908","-127.10689591602645","-127.10689591602645","-127.10689591602645","-182.1361225197254","-182.1361225197254","-182.1361225197254","-163.1473201087552","-163.1473201087552","-163.1473201087552","-182.68836394963722","-182.68836394963722","-182.68836394963722","-193.84991120221304","-193.84991120221304","-193.84991120221304","-168.2671372289151","-168.2671372289151","-168.2671372289151","-139.14448651830742","-139.14448651830742","-139.14448651830742"
"8700","-121.16060176798192","-121.16060176798192","-121.16060176798192","-259.47030184278384","-259.47030184278384","-259.47030184278384","-166.52203807409694","-166.52203807409694","-166.52203807409694","-126.88619875672161","-126.88619875672161","-126.88619875672161","-182.54652038119548","-182.54652038119548","-182.54652038119548","-166.34116713771078","-166.34116713771078","-166.34116713771078","-159.7028463301609","-159.7028463301609","-159.7028463301609","-191.58918096264117","-191.58918096264117","-191.58918096264117","-169.586670753736","-169.586670753736","-169.586670753736","-137.999244057508","-137.999244057508","-137.999244057508"
"9000","-121.56198011068352","-121.56198011068352","-121.56198011068352","-151.60334939618818","-151.60334939618818","-151.60334939618818","-165.90658641999207","-165.90658641999207","-165.90658641999207","-124.98151526118811","-124.98151526118811","-124.98151526118811","-183.4805582132134","-183.4805582132134","-183.4805582132134","-164.2276837172625","-164.2276837172625","-164.2276837172625","-161.34889858816967","-161.34889858816967","-161.34889858816967","-191.6657945898092","-191.6657945898092","-191.6657945898092","-169.4162211835211","-169.4162211835211","-169.4162211835211","-138.24354157502654","-138.24354157502654","-138.24354157502654"
"9300","-121.89155390035148","-121.89155390035148","-121.89155390035148","-98.99697506484338","-98.99697506484338","-98.99697506484338","-165.94007319968475","-165.94007319968475","-165.94007319968475","-123.81663106374963","-123.81663106374963","-123.81663106374963","-184.592494494684","-184.592494494684","-184.592494494684","-164.02654972620348","-164.02654972620348","-164.02654972620348","-162.8580620251749","-162.8580620251749","-162.8580620251749","-192.56961679125396","-192.56961679125396","-192.56961679125396","-168.29925886236964","-168.29925886236964","-168.29925886236964","-138.2396150732145","-138.2396150732145","-138.2396150732145"
"9600","-123.26576564749374","-123.26576564749374","-123.26576564749374","-99.29247274206665","-99.29247274206665","-99.29247274206665","-165.41647660537996","-165.41647660537996","-165.41647660537996","-124.0505315817916","-124.0505315817916","-124.0505315817916","-186.23185939959308","-186.23185939959308","-186.23185939959308","-162.74776721093252","-162.74776721093252","-162.74776721093252","-164.32102514907174","-164.32102514907174","-164.32102514907174","-190.24166776553935","-190.24166776553935","-190.24166776553935","-169.37784875463174","-169.37784875463174","-169.37784875463174","-136.03601333159716","-136.03601333159716","-136.03601333159716"
"9900","-123.08776054053132","-123.08776054053132","-123.08776054053132","-98.78249902240462","-98.78249902240462","-98.78249902240462","-165.782621510936","-165.782621510936","-165.782621510936","-123.71296559894613","-123.71296559894613","-123.71296559894613","-184.77835553650817","-184.77835553650817","-184.77835553650817","-166.7057808608342","-166.7057808608342","-166.7057808608342","-241.32948054579282","-241.32948054579282","-241.32948054579282","-190.6469322785581","-190.6469322785581","-190.6469322785581","-169.50929098481353","-169.50929098481353","-169.50929098481353","-139.9453330388297","-139.9453330388297","-139.9453330388297"
"10200","-122.96077235016048","-122.96077235016048","-122.96077235016048","-125.26795095668088","-125.26795095668088","-125.26795095668088","-165.98964010267989","-165.98964010267989","-165.98964010267989","-122.51283275279653","-122.51283275279653","-122.51283275279653","-186.527657728832","-186.527657728832","-186.527657728832","-162.07903230736687","-162.07903230736687","-162.07903230736687","-163.5546933712118","-163.5546933712118","-163.5546933712118","-191.2290160362201","-191.2290160362201","-191.2290160362201","-278.65717044450764","-278.65717044450764","-278.65717044450764","-139.16848838504126","-139.16848838504126","-139.16848838504126"
"10500","-123.3279136548606","-123.3279136548606","-123.3279136548606","-125.01427249079909","-125.01427249079909","-125.01427249079909","-164.9930874436256","-164.9930874436256","-164.9930874436256","-122.94353973709067","-122.94353973709067","-122.94353973709067","-184.4990430078056","-184.4990430078056","-184.4990430078056","-163.93918829708633","-163.93918829708633","-163.93918829708633","-162.7136810200866","-162.7136810200866","-162.7136810200866","-190.20095581024717","-190.20095581024717","-190.20095581024717","-223.9196408594922","-223.9196408594922","-223.9196408594922","-138.8358853034269","-138.8358853034269","-138.8358853034269"
"10800","-124.80809783667367","-124.80809783667367","-124.80809783667367","-125.29703899313947","-125.29703899313947","-125.29703899313947","-165.22330485369736","-165.22330485369736","-165.22330485369736","-121.66140374779381","-121.66140374779381","-121.66140374779381","-187.5087672836442","-187.5087672836442","-187.5087672836442","-187.09518030753765","-187.09518030753765","-187.09518030753765","-290.9202952165871","-290.9202952165871","-290.9202952165871","-190.5477069215986","-190.5477069215986","-190.5477069215986","-334.43349723865737","-334.43349723865737","-334.43349723865737","-137.69459528405392","-137.69459528405392","-137.69459528405392"
"11100","-124.39366391663187","-124.39366391663187","-124.39366391663187","-97.95106706289809","-97.95106706289809","-97.95106706289809","-165.16003265138502","-165.16003265138502","-165.16003265138502","-121.58724398041736","-121.58724398041736","-121.58724398041736","-190.6511342486834","-190.6511342486834","-190.6511342486834","-266.8408031050008","-266.8408031050008","-266.8408031050008","-161.00072330057122","-161.00072330057122","-161.00072330057122","-191.11089001063135","-191.11089001063135","-191.11089001063135","-221.37910197738842","-221.37910197738842","-221.37910197738842","-137.70300773751967","-137.70300773751967","-137.70300773751967"
"11400","-124.17441394687876","-124.17441394687876","-124.17441394687876","-97.9696539187159","-97.9696539187159","-97.9696539187159","-166.5269888865588","-166.5269888865588","-166.5269888865588","-121.46881080509097","-121.46881080509097","-121.46881080509097","-186.7182041807078","-186.7182041807078","-186.7182041807078","-168.42834290605697","-168.42834290605697","-168.42834290605697","-161.47750165498923","-161.47750165498923","-161.47750165498923","-190.5759491310235","-190.5759491310235","-190.5759491310235","-171.3366438815615","-171.3366438815615","-171.3366438815615","-136.2198420771181","-136.2198420771181","-136.2198420771181"
"11700","-125.33045307244961","-125.33045307244961","-125.33045307244961","-207.43418953780687","-207.43418953780687","-207.43418953780687","-166.5387438398289","-166.5387438398289","-166.5387438398289","-121.72972317323165","-121.72972317323165","-121.72972317323165","-187.309402687982","-187.309402687982","-187.309402687982","-168.24317339676736","-168.24317339676736","-168.24317339676736","-161.5395951631795","-161.5395951631795","-161.5395951631795","-191.20905529925727","-191.20905529925727","-191.20905529925727","-226.47661143102295","-226.47661143102295","-226.47661143102295","-135.02789759315058","-135.02789759315058","-135.02789759315058"
"12000","-126.16937783897735","-126.16937783897735","-126.16937783897735","-208.53766389693413","-208.53766389693413","-208.53766389693413","-164.9764459402783","-164.9764459402783","-164.9764459402783","-122.23176665759107","-122.23176665759107","-122.23176665759107","-189.361252093045","-189.361252093045","-189.361252093045","-164.13309727412334","-164.13309727412334","-164.13309727412334","-188.11126406668376","-188.11126406668376","-188.11126406668376","-190.4957159446531","-190.4957159446531","-190.4957159446531","-174.82092181681503","-174.82092181681503","-174.82092181681503","-135.31649426266412","-135.31649426266412","-135.31649426266412"
"12300","-125.2622779438796","-125.2622779438796","-125.2622779438796","-403.280747800819","-403.280747800819","-403.280747800819","-166.35000460990182","-166.35000460990182","-166.35000460990182","-122.88746416937315","-122.88746416937315","-122.88746416937315","-188.76072366851412","-188.76072366851412","-188.76072366851412","-165.66140274207433","-165.66140274207433","-165.66140274207433","-450.7848061816538","-450.7848061816538","-450.7848061816538","-190.48554151220418","-190.48554151220418","-190.48554151220418","-173.21863875390267","-173.21863875390267","-173.21863875390267","-133.43380100589832","-133.43380100589832","-133.43380100589832"
"12600","-125.94042092525842","-125.94042092525842","-125.94042092525842","-377.6933717039673","-377.6933717039673","-377.6933717039673","-166.18258302882128","-166.18258302882128","-166.18258302882128","-123.66811149040923","-123.66811149040923","-123.66811149040923","-188.518451015636","-188.518451015636","-188.518451015636","-163.8098364342232","-163.8098364342232","-163.8098364342232","-297.9303303795965","-297.9303303795965","-297.9303303795965","-188.59819326230757","-188.59819326230757","-188.59819326230757","-173.09212254310523","-173.09212254310523","-173.09212254310523","-134.74487248956146","-134.74487248956146","-134.74487248956146"
"12900","-125.18571768858426","-125.18571768858426","-125.18571768858426","-407.1747563530398","-407.1747563530398","-407.1747563530398","-165.87000607135977","-165.87000607135977","-165.87000607135977","-123.91265776626221","-123.91265776626221","-123.91265776626221","-186.93091052104816","-186.93091052104816","-186.93091052104816","-164.85021228971468","-164.85021228971468","-164.85021228971468","-353.4610176300542","-353.4610176300542","-353.4610176300542","-190.78388387231092","-190.78388387231092","-190.78388387231092","-174.25546041056785","-174.25546041056785","-174.25546041056785","-134.2696207093807","-134.2696207093807","-134.2696207093807"
"13200","-125.21695279058989","-125.21695279058989","-125.21695279058989","-323.340733465883","-323.340733465883","-323.340733465883","-166.14423893559552","-166.14423893559552","-166.14423893559552","-123.37253245159266","-123.37253245159266","-123.37253245159266","-186.48485373197656","-186.48485373197656","-186.48485373197656","-165.72098288470363","-165.72098288470363","-165.72098288470363","-160.47791634324778","-160.47791634324778","-160.47791634324778","-190.83120671182738","-190.83120671182738","-190.83120671182738","-175.31112241944535","-175.31112241944535","-175.31112241944535","-134.5966649412555","-134.5966649412555","-134.5966649412555"
"13500","-123.3744245792454","-123.3744245792454","-123.3744245792454","-295.06672638998026","-295.06672638998026","-295.06672638998026","-166.76697083836982","-166.76697083836982","-166.76697083836982","-124.32529194453264","-124.32529194453264","-124.32529194453264","-183.9497867399497","-183.9497867399497","-183.9497867399497","-168.2389047982311","-168.2389047982311","-168.2389047982311","-161.23463314204687","-161.23463314204687","-161.23463314204687","-191.4752012103175","-191.4752012103175","-191.4752012103175","-170.3148669376163","-170.3148669376163","-170.3148669376163","-133.46184899322623","-133.46184899322623","-133.46184899322623"
"13800","-122.44315012023148","-122.44315012023148","-122.44315012023148","-179.65748909970472","-179.65748909970472","-179.65748909970472","-168.64554153098658","-168.64554153098658","-168.64554153098658","-123.79342289447102","-123.79342289447102","-123.79342289447102","-185.1176511322853","-185.1176511322853","-185.1176511322853","-188.1711872334728","-188.1711872334728","-188.1711872334728","-189.05934362397744","-189.05934362397744","-189.05934362397744","-188.48431754817295","-188.48431754817295","-188.48431754817295","-167.23949824057695","-167.23949824057695","-167.23949824057695","-134.0343535617107","-134.0343535617107","-134.0343535617107"
"14100","-122.91660612302371","-122.91660612302371","-122.91660612302371","-316.2742614834015","-316.2742614834015","-316.2742614834015","-167.27645782906083","-167.27645782906083","-167.27645782906083","-125.99898425509753","-125.99898425509753","-125.99898425509753","-186.62382990680615","-186.62382990680615","-186.62382990680615","-165.9428888265847","-165.9428888265847","-165.9428888265847","-163.70408217287294","-163.70408217287294","-163.70408217287294","-189.90788192428485","-189.90788192428485","-189.90788192428485","-193.72083260166846","-193.72083260166846","-193.72083260166846","-134.02262593116342","-134.02262593116342","-134.02262593116342"
"14400","-122.62037064429083","-122.62037064429083","-122.62037064429083","-180.32584164491072","-180.32584164491072","-180.32584164491072","-168.20802116020792","-168.20802116020792","-168.20802116020792","-128.13264795002675","-128.13264795002675","-128.13264795002675","-184.70222906311264","-184.70222906311264","-184.70222906311264","-164.45939521779354","-164.45939521779354","-164.45939521779354","-161.6746504667245","-161.6746504667245","-161.6746504667245","-189.22104437397905","-189.22104437397905","-189.22104437397905","-166.90487247126063","-166.90487247126063","-166.90487247126063","-135.07966222850703","-135.07966222850703","-135.07966222850703"
"14700","-123.09934669335262","-123.09934669335262","-123.09934669335262","-101.76586392452526","-101.76586392452526","-101.76586392452526","-168.203893150166","-168.203893150166","-168.203893150166","-128.2363505880411","-128.2363505880411","-128.2363505880411","-184.47187328730624","-184.47187328730624","-184.47187328730624","-163.9205537006543","-163.9205537006543","-163.9205537006543","-161.7593585930685","-161.7593585930685","-161.7593585930685","-190.06074758180247","-190.06074758180247","-190.06074758180247","-167.28399114225942","-167.28399114225942","-167.28399114225942","-135.07480675125979","-135.07480675125979","-135.07480675125979"
"15000","-124.6400566320473","-124.6400566320473","-124.6400566320473","-101.76565734729164","-101.76565734729164","-101.76565734729164","-167.70999890567995","-167.70999890567995","-167.70999890567995","-127.28864803057044","-127.28864803057044","-127.28864803057044","-185.43351702327237","-185.43351702327237","-185.43351702327237","-168.0960445079717","-168.0960445079717","-168.0960445079717","-162.92553862891123","-162.92553862891123","-162.92553862891123","-188.06985573824272","-188.06985573824272","-188.06985573824272","-169.43702218838845","-169.43702218838845","-169.43702218838845","-134.93170417490805","-134.93170417490805","-134.93170417490805"
"15300","-122.28380005552881","-122.28380005552881","-122.28380005552881","-127.5928665386879","-127.5928665386879","-127.5928665386879","-170.39817773428345","-170.39817773428345","-170.39817773428345","-124.92193007074869","-124.92193007074869","-124.92193007074869","-185.41226422442566","-185.41226422442566","-185.41226422442566","-163.30463486985002","-163.30463486985002","-163.30463486985002","-160.4980255810968","-160.4980255810968","-160.4980255810968","-188.53650573652567","-188.53650573652567","-188.53650573652567","-167.34757514842303","-167.34757514842303","-167.34757514842303","-135.10214406532472","-135.10214406532472","-135.10214406532472"
"15600","-122.78421261101039","-122.78421261101039","-122.78421261101039","-100.93927240336427","-100.93927240336427","-100.93927240336427","-168.72654148308882","-168.72654148308882","-168.72654148308882","-124.98010706605673","-124.98010706605673","-124.98010706605673","-186.6612904414695","-186.6612904414695","-186.6612904414695","-169.2487132437862","-169.2487132437862","-169.2487132437862","-160.59832050453684","-160.59832050453684","-160.59832050453684","-188.54984662333501","-188.54984662333501","-188.54984662333501","-169.07622121887243","-169.07622121887243","-169.07622121887243","-134.81079287660853","-134.81079287660853","-134.81079287660853"
"15900","-123.19039663277792","-123.19039663277792","-123.19039663277792","-101.25533549673196","-101.25533549673196","-101.25533549673196","-168.79209715971513","-168.79209715971513","-168.79209715971513","-123.51355819510074","-123.51355819510074","-123.51355819510074","-185.9959008887072","-185.9959008887072","-185.9959008887072","-163.58501496978826","-163.58501496978826","-163.58501496978826","-160.41450197542832","-160.41450197542832","-160.41450197542832","-187.12392630389627","-187.12392630389627","-187.12392630389627","-168.8804539966742","-168.8804539966742","-168.8804539966742","-133.48816763685022","-133.48816763685022","-133.48816763685022"
"16200","-123.18044307996259","-123.18044307996259","-123.18044307996259","-101.33055862851027","-101.33055862851027","-101.33055862851027","-169.66225677660893","-169.66225677660893","-169.66225677660893","-125.11457355766012","-125.11457355766012","-125.11457355766012","-182.2280475350218","-182.2280475350218","-182.2280475350218","-163.35320066677315","-163.35320066677315","-163.35320066677315","-160.4141188603209","-160.4141188603209","-160.4141188603209","-189.22873630601205","-189.22873630601205","-189.22873630601205","-168.48748137682207","-168.48748137682207","-168.48748137682207","-134.39816291680444","-134.39816291680444","-134.39816291680444"
"16500","-122.396278549333","-122.396278549333","-122.396278549333","-101.00248514157076","-101.00248514157076","-101.00248514157076","-171.1641355861006","-171.1641355861006","-171.1641355861006","-125.68124067572732","-125.68124067572732","-125.68124067572732","-184.6703238339838","-184.6703238339838","-184.6703238339838","-166.4407969666965","-166.4407969666965","-166.4407969666965","-160.09081043447725","-160.09081043447725","-160.09081043447725","-192.64905982454277","-192.64905982454277","-192.64905982454277","-168.41117721106107","-168.41117721106107","-168.41117721106107","-133.85029801275175","-133.85029801275175","-133.85029801275175"
"16800","-122.88091326559261","-122.88091326559261","-122.88091326559261","-101.58529277199256","-101.58529277199256","-101.58529277199256","-171.7913784242944","-171.7913784242944","-171.7913784242944","-127.07764695255067","-127.07764695255067","-127.07764695255067","-182.94618350841478","-182.94618350841478","-182.94618350841478","-166.61286014414546","-166.61286014414546","-166.61286014414546","-160.49755805222816","-160.49755805222816","-160.49755805222816","-189.89080513929676","-189.89080513929676","-189.89080513929676","-167.96990876726545","-167.96990876726545","-167.96990876726545","-134.18836315647818","-134.18836315647818","-134.18836315647818"
"17100","-123.70371676171851","-123.70371676171851","-123.70371676171851","-127.7942374624901","-127.7942374624901","-127.7942374624901","-173.19437673757432","-173.19437673757432","-173.19437673757432","-128.85293778731005","-128.85293778731005","-128.85293778731005","-181.88466471586216","-181.88466471586216","-181.88466471586216","-163.4150468702547","-163.4150468702547","-163.4150468702547","-159.28989463123943","-159.28989463123943","-159.28989463123943","-190.12602167748358","-190.12602167748358","-190.12602167748358","-167.04232586842005","-167.04232586842005","-167.04232586842005","-132.02739647651984","-132.02739647651984","-132.02739647651984"
"17400","-123.4839560337582","-123.4839560337582","-123.4839560337582","-549.7444619486325","-549.7444619486325","-549.7444619486325","-173.22448061049317","-173.22448061049317","-173.22448061049317","-129.15880249002964","-129.15880249002964","-129.15880249002964","-181.96947719889164","-181.96947719889164","-181.96947719889164","-165.59268894756855","-165.59268894756855","-165.59268894756855","-159.57980813225845","-159.57980813225845","-159.57980813225845","-189.42129012478347","-189.42129012478347","-189.42129012478347","-167.0420247364619","-167.0420247364619","-167.0420247364619","-132.61218938575934","-132.61218938575934","-132.61218938575934"
"17700","-122.0703001140545","-122.0703001140545","-122.0703001140545","-155.44661404957645","-155.44661404957645","-155.44661404957645","-171.82276792349253","-171.82276792349253","-171.82276792349253","-129.03328469452327","-129.03328469452327","-129.03328469452327","-183.8228175495676","-183.8228175495676","-183.8228175495676","-171.214228229133","-171.214228229133","-171.214228229133","-159.7384145167052","-159.7384145167052","-159.7384145167052","-187.93950210556073","-187.93950210556073","-187.93950210556073","-167.8771364940491","-167.8771364940491","-167.8771364940491","-132.7076640467438","-132.7076640467438","-132.7076640467438"
"18000","-123.50049481236037","-123.50049481236037","-123.50049481236037","-101.11529697744072","-101.11529697744072","-101.11529697744072","-171.6097267099131","-171.6097267099131","-171.6097267099131","-129.42916527485966","-129.42916527485966","-129.42916527485966","-183.10485102422913","-183.10485102422913","-183.10485102422913","-171.16453681922968","-171.16453681922968","-171.16453681922968","-158.9994155077776","-158.9994155077776","-158.9994155077776","-188.3977815415372","-188.3977815415372","-188.3977815415372","-167.9887025353027","-167.9887025353027","-167.9887025353027","-130.40345275185388","-130.40345275185388","-130.40345275185388"
"18300","-128.26294011750093","-128.26294011750093","-128.26294011750093","-100.84751504517732","-100.84751504517732","-100.84751504517732","-172.40020845191594","-172.40020845191594","-172.40020845191594","-127.12344446106322","-127.12344446106322","-127.12344446106322","-184.2039658594938","-184.2039658594938","-184.2039658594938","-169.32535266879714","-169.32535266879714","-169.32535266879714","-159.65865286784702","-159.65865286784702","-159.65865286784702","-189.8119510366163","-189.8119510366163","-189.8119510366163","-168.2470423200932","-168.2470423200932","-168.2470423200932","-130.03774815637541","-130.03774815637541","-130.03774815637541"
"18600","-129.3711307227251","-129.3711307227251","-129.3711307227251","-100.87728847667283","-100.87728847667283","-100.87728847667283","-171.35385608762036","-171.35385608762036","-171.35385608762036","-124.44665250058424","-124.44665250058424","-124.44665250058424","-181.22005090988733","-181.22005090988733","-181.22005090988733","-170.9349723269782","-170.9349723269782","-170.9349723269782","-159.4242729329783","-159.4242729329783","-159.4242729329783","-215.90172374783327","-215.90172374783327","-215.90172374783327","-168.44372357790257","-168.44372357790257","-168.44372357790257","-130.21387416739066","-130.21387416739066","-130.21387416739066"
"18900","-126.15620520536659","-126.15620520536659","-126.15620520536659","-180.09245450849056","-180.09245450849056","-180.09245450849056","-171.71232702823644","-171.71232702823644","-171.71232702823644","-124.20289047103465","-124.20289047103465","-124.20289047103465","-181.66138318282154","-181.66138318282154","-181.66138318282154","-169.03737101339408","-169.03737101339408","-169.03737101339408","-158.57715750434778","-158.57715750434778","-158.57715750434778","-189.1753067691543","-189.1753067691543","-189.1753067691543","-168.55655500535525","-168.55655500535525","-168.55655500535525","-131.00378835494865","-131.00378835494865","-131.00378835494865"
"19200","-125.25102775859932","-125.25102775859932","-125.25102775859932","-101.4285718024782","-101.4285718024782","-101.4285718024782","-170.60764724945105","-170.60764724945105","-170.60764724945105","-124.501179962672","-124.501179962672","-124.501179962672","-184.7023082675486","-184.7023082675486","-184.7023082675486","-170.27906810674853","-170.27906810674853","-170.27906810674853","-158.52075305820648","-158.52075305820648","-158.52075305820648","-189.3008656515698","-189.3008656515698","-189.3008656515698","-168.77284677127773","-168.77284677127773","-168.77284677127773","-131.3714328991029","-131.3714328991029","-131.3714328991029"
"19500","-127.67242731595033","-127.67242731595033","-127.67242731595033","-101.07873349007716","-101.07873349007716","-101.07873349007716","-171.33200717288756","-171.33200717288756","-171.33200717288756","-124.63516362973641","-124.63516362973641","-124.63516362973641","-183.50344116194637","-183.50344116194637","-183.50344116194637","-170.07548319499608","-170.07548319499608","-170.07548319499608","-158.70621487029427","-158.70621487029427","-158.70621487029427","-189.66075977825417","-189.66075977825417","-189.66075977825417","-169.58246024368435","-169.58246024368435","-169.58246024368435","-131.4812028898799","-131.4812028898799","-131.4812028898799"
"19800","-129.00329590333212","-129.00329590333212","-129.00329590333212","-100.92237945987159","-100.92237945987159","-100.92237945987159","-171.46851102942816","-171.46851102942816","-171.46851102942816","-125.38410333039648","-125.38410333039648","-125.38410333039648","-183.96825046955036","-183.96825046955036","-183.96825046955036","-169.45032936693102","-169.45032936693102","-169.45032936693102","-158.9994778965622","-158.9994778965622","-158.9994778965622","-189.36574255246697","-189.36574255246697","-189.36574255246697","-170.00211748566736","-170.00211748566736","-170.00211748566736","-132.17491009581633","-132.17491009581633","-132.17491009581633"
"20100","-129.77728834826735","-129.77728834826735","-129.77728834826735","-101.02977685461236","-101.02977685461236","-101.02977685461236","-172.66914287980603","-172.66914287980603","-172.66914287980603","-128.28377824309013","-128.28377824309013","-128.28377824309013","-182.3425367466932","-182.3425367466932","-182.3425367466932","-169.78991407635633","-169.78991407635633","-169.78991407635633","-159.41280373082972","-159.41280373082972","-159.41280373082972","-188.81381226228433","-188.81381226228433","-188.81381226228433","-168.83772181124726","-168.83772181124726","-168.83772181124726","-131.87793471095762","-131.87793471095762","-131.87793471095762"
"20400","-127.75865966390283","-127.75865966390283","-127.75865966390283","-100.91172900161877","-100.91172900161877","-100.91172900161877","-173.44282686975913","-173.44282686975913","-173.44282686975913","-126.9937057748263","-126.9937057748263","-126.9937057748263","-183.17472546442863","-183.17472546442863","-183.17472546442863","-168.39445962969398","-168.39445962969398","-168.39445962969398","-159.46651469814674","-159.46651469814674","-159.46651469814674","-189.20266001833036","-189.20266001833036","-189.20266001833036","-170.56547799322593","-170.56547799322593","-170.56547799322593","-132.0867317676822","-132.0867317676822","-132.0867317676822"
"20700","-125.91243830112728","-125.91243830112728","-125.91243830112728","-100.21065274717951","-100.21065274717951","-100.21065274717951","-172.5439226972365","-172.5439226972365","-172.5439226972365","-123.74033343743186","-123.74033343743186","-123.74033343743186","-183.62569387063996","-183.62569387063996","-183.62569387063996","-167.5077941118764","-167.5077941118764","-167.5077941118764","-159.1355535162042","-159.1355535162042","-159.1355535162042","-188.91346808650354","-188.91346808650354","-188.91346808650354","-170.22958686846223","-170.22958686846223","-170.22958686846223","-133.31040357406442","-133.31040357406442","-133.31040357406442"
"21000","-125.88210659432653","-125.88210659432653","-125.88210659432653","-100.72065884827346","-100.72065884827346","-100.72065884827346","-172.22682712488273","-172.22682712488273","-172.22682712488273","-123.69610236813318","-123.69610236813318","-123.69610236813318","-183.39268648865516","-183.39268648865516","-183.39268648865516","-167.25345372814485","-167.25345372814485","-167.25345372814485","-159.73630067753146","-159.73630067753146","-159.73630067753146","-189.0714127245838","-189.0714127245838","-189.0714127245838","-170.44568197569757","-170.44568197569757","-170.44568197569757","-132.7831790777516","-132.7831790777516","-132.7831790777516"
"21300","-124.70823709581002","-124.70823709581002","-124.70823709581002","-101.38205205025233","-101.38205205025233","-101.38205205025233","-172.9411602745754","-172.9411602745754","-172.9411602745754","-123.27193218783273","-123.27193218783273","-123.27193218783273","-183.87229316037374","-183.87229316037374","-183.87229316037374","-166.315949151782","-166.315949151782","-166.315949151782","-159.8832127681361","-159.8832127681361","-159.8832127681361","-189.3006913114789","-189.3006913114789","-189.3006913114789","-170.94418024871788","-170.94418024871788","-170.94418024871788","-133.1179419153851","-133.1179419153851","-133.1179419153851"
"21600","-124.61364404782162","-124.61364404782162","-124.61364404782162","-101.81690491591971","-101.81690491591971","-101.81690491591971","-172.3955413815511","-172.3955413815511","-172.3955413815511","-123.09355202674892","-123.09355202674892","-123.09355202674892","-182.99970291511704","-182.99970291511704","-182.99970291511704","-166.37499970811345","-166.37499970811345","-166.37499970811345","-161.60560553684536","-161.60560553684536","-161.60560553684536","-188.90106961454575","-188.90106961454575","-188.90106961454575","-170.90884437431038","-170.90884437431038","-170.90884437431038","-133.99147168475886","-133.99147168475886","-133.99147168475886"
"21900","-123.71959637991813","-123.71959637991813","-123.71959637991813","-101.455071369776","-101.455071369776","-101.455071369776","-173.1712537817655","-173.1712537817655","-173.1712537817655","-122.96948279799622","-122.96948279799622","-122.96948279799622","-182.15012118202574","-182.15012118202574","-182.15012118202574","-168.62494040181699","-168.62494040181699","-168.62494040181699","-160.67521256488556","-160.67521256488556","-160.67521256488556","-188.5698537639475","-188.5698537639475","-188.5698537639475","-169.91793874303178","-169.91793874303178","-169.91793874303178","-134.46087889601353","-134.46087889601353","-134.46087889601353"
"22200","-123.53903185686704","-123.53903185686704","-123.53903185686704","-100.89765863406366","-100.89765863406366","-100.89765863406366","-172.70158158036506","-172.70158158036506","-172.70158158036506","-122.907038655839","-122.907038655839","-122.907038655839","-182.88802320030973","-182.88802320030973","-182.88802320030973","-168.61287839192073","-168.61287839192073","-168.61287839192073","-159.90178887072233","-159.90178887072233","-159.90178887072233","-191.07894249506845","-191.07894249506845","-191.07894249506845","-170.70883471330512","-170.70883471330512","-170.70883471330512","-134.03494996098226","-134.03494996098226","-134.03494996098226"
"22500","-123.23981425288366","-123.23981425288366","-123.23981425288366","-102.211754766099","-102.211754766099","-102.211754766099","-172.4483702442254","-172.4483702442254","-172.4483702442254","-122.62329432375209","-122.62329432375209","-122.62329432375209","-183.41341831663038","-183.41341831663038","-183.41341831663038","-165.488081713699","-165.488081713699","-165.488081713699","-160.11958422119463","-160.11958422119463","-160.11958422119463","-189.88153705717056","-189.88153705717056","-189.88153705717056","-167.66737859931195","-167.66737859931195","-167.66737859931195","-133.15597530477154","-133.15597530477154","-133.15597530477154"
"22800","-122.26860943470513","-122.26860943470513","-122.26860943470513","-101.54655889125621","-101.54655889125621","-101.54655889125621","-172.80794599129413","-172.80794599129413","-172.80794599129413","-122.97175545040447","-122.97175545040447","-122.97175545040447","-182.91438542630445","-182.91438542630445","-182.91438542630445","-166.052694279949","-166.052694279949","-166.052694279949","-161.24764628812164","-161.24764628812164","-161.24764628812164","-189.2346243019839","-189.2346243019839","-189.2346243019839","-168.47825578643028","-168.47825578643028","-168.47825578643028","-133.29190387871859","-133.29190387871859","-133.29190387871859"
"23100","-122.68553058929074","-122.68553058929074","-122.68553058929074","-101.64721066101629","-101.64721066101629","-101.64721066101629","-173.45667317742016","-173.45667317742016","-173.45667317742016","-122.91275600288012","-122.91275600288012","-122.91275600288012","-181.69678733752963","-181.69678733752963","-181.69678733752963","-161.0001096401764","-161.0001096401764","-161.0001096401764","-160.8041977755351","-160.8041977755351","-160.8041977755351","-189.81121328090853","-189.81121328090853","-189.81121328090853","-166.37738488280237","-166.37738488280237","-166.37738488280237","-133.5108611781616","-133.5108611781616","-133.5108611781616"
"23400","-122.60512720394857","-122.60512720394857","-122.60512720394857","-100.57269705767749","-100.57269705767749","-100.57269705767749","-173.24258704769176","-173.24258704769176","-173.24258704769176","-122.40218781502055","-122.40218781502055","-122.40218781502055","-182.04392850071957","-182.04392850071957","-182.04392850071957","-159.96030398647616","-159.96030398647616","-159.96030398647616","-160.084176053133","-160.084176053133","-160.084176053133","-189.6043514820193","-189.6043514820193","-189.6043514820193","-167.72905979374218","-167.72905979374218","-167.72905979374218","-133.19059304643596","-133.19059304643596","-133.19059304643596"
"23700","-123.55561515898098","-123.55561515898098","-123.55561515898098","-101.02539634938161","-101.02539634938161","-101.02539634938161","-172.69983144023485","-172.69983144023485","-172.69983144023485","-122.46625243438541","-122.46625243438541","-122.46625243438541","-182.84459453805584","-182.84459453805584","-182.84459453805584","-162.61908608337902","-162.61908608337902","-162.61908608337902","-160.63685242749634","-160.63685242749634","-160.63685242749634","-188.78069529502346","-188.78069529502346","-188.78069529502346","-167.79860076988757","-167.79860076988757","-167.79860076988757","-133.3432317711789","-133.3432317711789","-133.3432317711789"
"24000","-123.51001472748415","-123.51001472748415","-123.51001472748415","-100.76143099675087","-100.76143099675087","-100.76143099675087","-174.23606493378585","-174.23606493378585","-174.23606493378585","-122.32485172196967","-122.32485172196967","-122.32485172196967","-182.68092484214958","-182.68092484214958","-182.68092484214958","-161.66246069480377","-161.66246069480377","-161.66246069480377","-159.76641378196737","-159.76641378196737","-159.76641378196737","-189.6624978457426","-189.6624978457426","-189.6624978457426","-167.72977821394232","-167.72977821394232","-167.72977821394232","-132.78181718922175","-132.78181718922175","-132.78181718922175"
"24300","-123.70503461580628","-123.70503461580628","-123.70503461580628","-101.00733686258154","-101.00733686258154","-101.00733686258154","-172.46972426922332","-172.46972426922332","-172.46972426922332","-122.22021545229852","-122.22021545229852","-122.22021545229852","-182.8354194916701","-182.8354194916701","-182.8354194916701","-164.4483580102976","-164.4483580102976","-164.4483580102976","-159.61164504999982","-159.61164504999982","-159.61164504999982","-189.53564802429065","-189.53564802429065","-189.53564802429065","-167.7100166032273","-167.7100166032273","-167.7100166032273","-132.69387033751607","-132.69387033751607","-132.69387033751607"
"24600","-124.44596665710606","-124.44596665710606","-124.44596665710606","-100.72389837866353","-100.72389837866353","-100.72389837866353","-173.24414356149202","-173.24414356149202","-173.24414356149202","-122.35378375930186","-122.35378375930186","-122.35378375930186","-182.47511564323702","-182.47511564323702","-182.47511564323702","-166.3416038293458","-166.3416038293458","-166.3416038293458","-159.9946908620212","-159.9946908620212","-159.9946908620212","-188.29747578298307","-188.29747578298307","-188.29747578298307","-166.68334732901434","-166.68334732901434","-166.68334732901434","-133.36326294275392","-133.36326294275392","-133.36326294275392"
"24900","-124.15079598343593","-124.15079598343593","-124.15079598343593","-100.81765097206063","-100.81765097206063","-100.81765097206063","-173.71389420617942","-173.71389420617942","-173.71389420617942","-122.15682029716947","-122.15682029716947","-122.15682029716947","-181.9922737473159","-181.9922737473159","-181.9922737473159","-165.10131210620244","-165.10131210620244","-165.10131210620244","-159.9840910165248","-159.9840910165248","-159.9840910165248","-189.02839277632643","-189.02839277632643","-189.02839277632643","-167.22937108416698","-167.22937108416698","-167.22937108416698","-132.95633644826376","-132.95633644826376","-132.95633644826376"
"25200","-124.13820561645844","-124.13820561645844","-124.13820561645844","-100.47227745764947","-100.47227745764947","-100.47227745764947","-172.71869329068028","-172.71869329068028","-172.71869329068028","-122.16048928670584","-122.16048928670584","-122.16048928670584","-182.0278775292568","-182.0278775292568","-182.0278775292568","-165.41361460902414","-165.41361460902414","-165.41361460902414","-160.2213953182184","-160.2213953182184","-160.2213953182184","-189.1143994116327","-189.1143994116327","-189.1143994116327","-167.0452872201306","-167.0452872201306","-167.0452872201306","-133.54450185693779","-133.54450185693779","-133.54450185693779"
"25500","-124.49520041186238","-124.49520041186238","-124.49520041186238","-100.56991909743975","-100.56991909743975","-100.56991909743975","-172.88106460634262","-172.88106460634262","-172.88106460634262","-122.19768850229055","-122.19768850229055","-122.19768850229055","-182.34296229917163","-182.34296229917163","-182.34296229917163","-163.83170245166508","-163.83170245166508","-163.83170245166508","-160.26777996583027","-160.26777996583027","-160.26777996583027","-189.2111208646059","-189.2111208646059","-189.2111208646059","-167.09479060917528","-167.09479060917528","-167.09479060917528","-133.41099474279784","-133.41099474279784","-133.41099474279784"
"25800","-125.02921571201708","-125.02921571201708","-125.02921571201708","-100.35277490773694","-100.35277490773694","-100.35277490773694","-172.70701153851104","-172.70701153851104","-172.70701153851104","-122.14078925452436","-122.14078925452436","-122.14078925452436","-182.73970341186768","-182.73970341186768","-182.73970341186768","-163.90082041537843","-163.90082041537843","-163.90082041537843","-160.59743569629714","-160.59743569629714","-160.59743569629714","-189.64364375338812","-189.64364375338812","-189.64364375338812","-167.20820063645183","-167.20820063645183","-167.20820063645183","-134.15466797650916","-134.15466797650916","-134.15466797650916"
"26100","-125.74381007876298","-125.74381007876298","-125.74381007876298","-100.44378373640873","-100.44378373640873","-100.44378373640873","-172.45992862791408","-172.45992862791408","-172.45992862791408","-122.14448731306743","-122.14448731306743","-122.14448731306743","-182.51158280084036","-182.51158280084036","-182.51158280084036","-163.49026475341773","-163.49026475341773","-163.49026475341773","-160.72933806963715","-160.72933806963715","-160.72933806963715","-189.45031675000482","-189.45031675000482","-189.45031675000482","-166.99261952687442","-166.99261952687442","-166.99261952687442","-132.8462629655669","-132.8462629655669","-132.8462629655669"
"26400","-125.73868578398796","-125.73868578398796","-125.73868578398796","-100.54749888739192","-100.54749888739192","-100.54749888739192","-172.22464374154896","-172.22464374154896","-172.22464374154896","-121.92703059376568","-121.92703059376568","-121.92703059376568","-182.7024985358393","-182.7024985358393","-182.7024985358393","-161.62923923956552","-161.62923923956552","-161.62923923956552","-160.29892129861997","-160.29892129861997","-160.29892129861997","-189.69243444146687","-189.69243444146687","-189.69243444146687","-167.97427075460368","-167.97427075460368","-167.97427075460368","-133.11380953100615","-133.11380953100615","-133.11380953100615"
"26700","-124.8452672462754","-124.8452672462754","-124.8452672462754","-100.63276026296073","-100.63276026296073","-100.63276026296073","-171.96774179263267","-171.96774179263267","-171.96774179263267","-122.08623660147688","-122.08623660147688","-122.08623660147688","-182.37666084190454","-182.37666084190454","-182.37666084190454","-164.27750585121186","-164.27750585121186","-164.27750585121186","-160.40896897405224","-160.40896897405224","-160.40896897405224","-188.8180407893645","-188.8180407893645","-188.8180407893645","-167.0967913773346","-167.0967913773346","-167.0967913773346","-133.35929562489056","-133.35929562489056","-133.35929562489056"
"27000","-125.0657523682841","-125.0657523682841","-125.0657523682841","-100.57999561404476","-100.57999561404476","-100.57999561404476","-172.9235444599865","-172.9235444599865","-172.9235444599865","-122.28527770432522","-122.28527770432522","-122.28527770432522","-181.62571120438167","-181.62571120438167","-181.62571120438167","-162.3419555852883","-162.3419555852883","-162.3419555852883","-160.2427447503316","-160.2427447503316","-160.2427447503316","-189.06338952928908","-189.06338952928908","-189.06338952928908","-168.37360566126924","-168.37360566126924","-168.37360566126924","-133.33398668472282","-133.33398668472282","-133.33398668472282"
"27300","-125.20129099991914","-125.20129099991914","-125.20129099991914","-100.3838947264639","-100.3838947264639","-100.3838947264639","-172.1219294512417","-172.1219294512417","-172.1219294512417","-122.1011847900575","-122.1011847900575","-122.1011847900575","-180.87007235298157","-180.87007235298157","-180.87007235298157","-163.5838681925151","-163.5838681925151","-163.5838681925151","-160.41684243494305","-160.41684243494305","-160.41684243494305","-190.39265825707665","-190.39265825707665","-190.39265825707665","-167.6527927719323","-167.6527927719323","-167.6527927719323","-132.64851230663868","-132.64851230663868","-132.64851230663868"
"27600","-125.3540129546603","-125.3540129546603","-125.3540129546603","-100.52663925898864","-100.52663925898864","-100.52663925898864","-171.90153226903328","-171.90153226903328","-171.90153226903328","-122.04136930495659","-122.04136930495659","-122.04136930495659","-181.37195405110938","-181.37195405110938","-181.37195405110938","-162.69302509720654","-162.69302509720654","-162.69302509720654","-160.55583943061558","-160.55583943061558","-160.55583943061558","-189.73779659936437","-189.73779659936437","-189.73779659936437","-167.62530021612315","-167.62530021612315","-167.62530021612315","-133.46913480410288","-133.46913480410288","-133.46913480410288"
"27900","-125.25897970778729","-125.25897970778729","-125.25897970778729","-100.64508252116542","-100.64508252116542","-100.64508252116542","-171.88324118625778","-171.88324118625778","-171.88324118625778","-122.13473671793429","-122.13473671793429","-122.13473671793429","-181.23828316853204","-181.23828316853204","-181.23828316853204","-162.24527389411963","-162.24527389411963","-162.24527389411963","-160.7327760241167","-160.7327760241167","-160.7327760241167","-189.2443954045613","-189.2443954045613","-189.2443954045613","-167.35533340122487","-167.35533340122487","-167.35533340122487","-132.25844374978345","-132.25844374978345","-132.25844374978345"
"28200","-125.25639603328753","-125.25639603328753","-125.25639603328753","-100.76072042652092","-100.76072042652092","-100.76072042652092","-171.86412629562312","-171.86412629562312","-171.86412629562312","-121.88716424276663","-121.88716424276663","-121.88716424276663","-181.30354293695285","-181.30354293695285","-181.30354293695285","-163.8690735650533","-163.8690735650533","-163.8690735650533","-160.40740552193847","-160.40740552193847","-160.40740552193847","-189.15761070822","-189.15761070822","-189.15761070822","-167.51396927429738","-167.51396927429738","-167.51396927429738","-133.1282676394318","-133.1282676394318","-133.1282676394318"
"28500","-125.76908115854228","-125.76908115854228","-125.76908115854228","-101.01547056855588","-101.01547056855588","-101.01547056855588","-172.00699591828783","-172.00699591828783","-172.00699591828783","-122.21893296027129","-122.21893296027129","-122.21893296027129","-181.4959194560625","-181.4959194560625","-181.4959194560625","-164.96487912421668","-164.96487912421668","-164.96487912421668","-160.5108475930405","-160.5108475930405","-160.5108475930405","-189.89943427089185","-189.89943427089185","-189.89943427089185","-167.29728789844134","-167.29728789844134","-167.29728789844134","-133.3903683320476","-133.3903683320476","-133.3903683320476"
"28800","-125.52668113481793","-125.52668113481793","-125.52668113481793","-101.0876488063702","-101.0876488063702","-101.0876488063702","-171.71989254449034","-171.71989254449034","-171.71989254449034","-122.17547631829555","-122.17547631829555","-122.17547631829555","-180.9561039677748","-180.9561039677748","-180.9561039677748","-163.2946829801686","-163.2946829801686","-163.2946829801686","-160.72633097229186","-160.72633097229186","-160.72633097229186","-190.22116987207593","-190.22116987207593","-190.22116987207593","-167.02679891680026","-167.02679891680026","-167.02679891680026","-132.64351045624545","-132.64351045624545","-132.64351045624545"
"29100","-125.6288955048971","-125.6288955048971","-125.6288955048971","-100.75208912467966","-100.75208912467966","-100.75208912467966","-171.13222536967922","-171.13222536967922","-171.13222536967922","-122.04482667008305","-122.04482667008305","-122.04482667008305","-181.76511340702604","-181.76511340702604","-181.76511340702604","-162.6617055351519","-162.6617055351519","-162.6617055351519","-160.30565122600882","-160.30565122600882","-160.30565122600882","-189.73464268840195","-189.73464268840195","-189.73464268840195","-167.3516651915508","-167.3516651915508","-167.3516651915508","-132.73384062106055","-132.73384062106055","-132.73384062106055"
"29400","-125.4325539223581","-125.4325539223581","-125.4325539223581","-101.18787330733457","-101.18787330733457","-101.18787330733457","-171.15699354829513","-171.15699354829513","-171.15699354829513","-121.87572105081063","-121.87572105081063","-121.87572105081063","-181.7635146531654","-181.7635146531654","-181.7635146531654","-165.65237910053293","-165.65237910053293","-165.65237910053293","-160.25181806858984","-160.25181806858984","-160.25181806858984","-189.73859816756058","-189.73859816756058","-189.73859816756058","-168.06984477235284","-168.06984477235284","-168.06984477235284","-133.75315832409584","-133.75315832409584","-133.75315832409584"
"29700","-125.1824441149071","-125.1824441149071","-125.1824441149071","-101.15237294351714","-101.15237294351714","-101.15237294351714","-171.15534506962803","-171.15534506962803","-171.15534506962803","-122.08770550919141","-122.08770550919141","-122.08770550919141","-181.16171716786096","-181.16171716786096","-181.16171716786096","-164.04133920493456","-164.04133920493456","-164.04133920493456","-160.19097769733244","-160.19097769733244","-160.19097769733244","-189.83494914696297","-189.83494914696297","-189.83494914696297","-167.87826948302248","-167.87826948302248","-167.87826948302248","-133.86100868453394","-133.86100868453394","-133.86100868453394"
"30000","-125.1688731965334","-125.1688731965334","-125.1688731965334","-101.67529786517805","-101.67529786517805","-101.67529786517805","-170.94310114332885","-170.94310114332885","-170.94310114332885","-121.90127440375882","-121.90127440375882","-121.90127440375882","-181.23577988932007","-181.23577988932007","-181.23577988932007","-165.3263381176266","-165.3263381176266","-165.3263381176266","-160.7344895198405","-160.7344895198405","-160.7344895198405","-188.81738752168798","-188.81738752168798","-188.81738752168798","-168.23176228242147","-168.23176228242147","-168.23176228242147","-133.47036171466758","-133.47036171466758","-133.47036171466758"