"Step","DDPG_EQL_PointMaze_Medium_Diverse_GRDense-v3_9 - eval/avg_reward","DDPG_EQL_PointMaze_Medium_Diverse_GRDense-v3_9 - eval/avg_reward__MIN","DDPG_EQL_PointMaze_Medium_Diverse_GRDense-v3_9 - eval/avg_reward__MAX","DDPG_EQL_PointMaze_Medium_Diverse_GRDense-v3_8 - eval/avg_reward","DDPG_EQL_PointMaze_Medium_Diverse_GRDense-v3_8 - eval/avg_reward__MIN","DDPG_EQL_PointMaze_Medium_Diverse_GRDense-v3_8 - eval/avg_reward__MAX","DDPG_EQL_PointMaze_Medium_Diverse_GRDense-v3_7 - eval/avg_reward","DDPG_EQL_PointMaze_Medium_Diverse_GRDense-v3_7 - eval/avg_reward__MIN","DDPG_EQL_PointMaze_Medium_Diverse_GRDense-v3_7 - eval/avg_reward__MAX","DDPG_EQL_PointMaze_Medium_Diverse_GRDense-v3_6 - eval/avg_reward","DDPG_EQL_PointMaze_Medium_Diverse_GRDense-v3_6 - eval/avg_reward__MIN","DDPG_EQL_PointMaze_Medium_Diverse_GRDense-v3_6 - eval/avg_reward__MAX","DDPG_EQL_PointMaze_Medium_Diverse_GRDense-v3_5 - eval/avg_reward","DDPG_EQL_PointMaze_Medium_Diverse_GRDense-v3_5 - eval/avg_reward__MIN","DDPG_EQL_PointMaze_Medium_Diverse_GRDense-v3_5 - eval/avg_reward__MAX","DDPG_EQL_PointMaze_Medium_Diverse_GRDense-v3_4 - eval/avg_reward","DDPG_EQL_PointMaze_Medium_Diverse_GRDense-v3_4 - eval/avg_reward__MIN","DDPG_EQL_PointMaze_Medium_Diverse_GRDense-v3_4 - eval/avg_reward__MAX","DDPG_EQL_PointMaze_Medium_Diverse_GRDense-v3_3 - eval/avg_reward","DDPG_EQL_PointMaze_Medium_Diverse_GRDense-v3_3 - eval/avg_reward__MIN","DDPG_EQL_PointMaze_Medium_Diverse_GRDense-v3_3 - eval/avg_reward__MAX","DDPG_EQL_PointMaze_Medium_Diverse_GRDense-v3_2 - eval/avg_reward","DDPG_EQL_PointMaze_Medium_Diverse_GRDense-v3_2 - eval/avg_reward__MIN","DDPG_EQL_PointMaze_Medium_Diverse_GRDense-v3_2 - eval/avg_reward__MAX","DDPG_EQL_PointMaze_Medium_Diverse_GRDense-v3_1 - eval/avg_reward","DDPG_EQL_PointMaze_Medium_Diverse_GRDense-v3_1 - eval/avg_reward__MIN","DDPG_EQL_PointMaze_Medium_Diverse_GRDense-v3_1 - eval/avg_reward__MAX","DDPG_EQL_PointMaze_Medium_Diverse_GRDense-v3_0 - eval/avg_reward","DDPG_EQL_PointMaze_Medium_Diverse_GRDense-v3_0 - eval/avg_reward__MIN","DDPG_EQL_PointMaze_Medium_Diverse_GRDense-v3_0 - eval/avg_reward__MAX"
"0","16.80951473146576","16.80951473146576","16.80951473146576","13.788447224985044","13.788447224985044","13.788447224985044","42.299381200309384","42.299381200309384","42.299381200309384","4.53764197294319","4.53764197294319","4.53764197294319","2.7113472675460186","2.7113472675460186","2.7113472675460186","13.96168542746552","13.96168542746552","13.96168542746552","6.525772680379954","6.525772680379954","6.525772680379954","4.723462580267801","4.723462580267801","4.723462580267801","4.327886977974736","4.327886977974736","4.327886977974736","2.95754412605061","2.95754412605061","2.95754412605061"
"4000","7.743413167021695","7.743413167021695","7.743413167021695","26.81807898366223","26.81807898366223","26.81807898366223","13.137671227110195","13.137671227110195","13.137671227110195","25.49689356053289","25.49689356053289","25.49689356053289","11.14930081314024","11.14930081314024","11.14930081314024","13.203177033101053","13.203177033101053","13.203177033101053","23.281024743283673","23.281024743283673","23.281024743283673","45.57015762403678","45.57015762403678","45.57015762403678","47.73617852025196","47.73617852025196","47.73617852025196","7.858036300332533","7.858036300332533","7.858036300332533"
"8000","36.8992837989293","36.8992837989293","36.8992837989293","26.72140480937942","26.72140480937942","26.72140480937942","37.93593366503825","37.93593366503825","37.93593366503825","24.617252089728613","24.617252089728613","24.617252089728613","3.7026896182332436","3.7026896182332436","3.7026896182332436","29.6105892378004","29.6105892378004","29.6105892378004","34.968692748916254","34.968692748916254","34.968692748916254","17.599692158786798","17.599692158786798","17.599692158786798","33.72523936106671","33.72523936106671","33.72523936106671","81.37299138397573","81.37299138397573","81.37299138397573"
"12000","8.413976428901353","8.413976428901353","8.413976428901353","28.328604958375013","28.328604958375013","28.328604958375013","33.25528696859902","33.25528696859902","33.25528696859902","23.150675103916104","23.150675103916104","23.150675103916104","7.591846044263069","7.591846044263069","7.591846044263069","29.351808441413404","29.351808441413404","29.351808441413404","40.93418881495563","40.93418881495563","40.93418881495563","22.13627646690231","22.13627646690231","22.13627646690231","66.19156635705488","66.19156635705488","66.19156635705488","3.613743082469599","3.613743082469599","3.613743082469599"
"16000","66.0552809854382","66.0552809854382","66.0552809854382","89.63461454863291","89.63461454863291","89.63461454863291","34.587428614419196","34.587428614419196","34.587428614419196","34.01158446986996","34.01158446986996","34.01158446986996","10.243093951791609","10.243093951791609","10.243093951791609","28.009686532500957","28.009686532500957","28.009686532500957","18.82505574612135","18.82505574612135","18.82505574612135","25.143947941426525","25.143947941426525","25.143947941426525","69.3718537021028","69.3718537021028","69.3718537021028","9.98821585687395","9.98821585687395","9.98821585687395"
"20000","58.320947273515074","58.320947273515074","58.320947273515074","85.17479477006928","85.17479477006928","85.17479477006928","35.965953118449356","35.965953118449356","35.965953118449356","23.647879410265087","23.647879410265087","23.647879410265087","31.085146486652985","31.085146486652985","31.085146486652985","29.49220643528696","29.49220643528696","29.49220643528696","47.40554603686724","47.40554603686724","47.40554603686724","15.361226840509165","15.361226840509165","15.361226840509165","69.37183679939557","69.37183679939557","69.37183679939557","44.78762594820087","44.78762594820087","44.78762594820087"
"24000","78.03364683441507","78.03364683441507","78.03364683441507","70.36990234124377","70.36990234124377","70.36990234124377","41.982112480802606","41.982112480802606","41.982112480802606","54.244443228760574","54.244443228760574","54.244443228760574","32.16335920644311","32.16335920644311","32.16335920644311","29.682843417580226","29.682843417580226","29.682843417580226","50.781842511508984","50.781842511508984","50.781842511508984","68.56135275485673","68.56135275485673","68.56135275485673","69.37272074116575","69.37272074116575","69.37272074116575","16.621936052074933","16.621936052074933","16.621936052074933"
"28000","44.8362995101255","44.8362995101255","44.8362995101255","81.28135961283553","81.28135961283553","81.28135961283553","41.624905167311866","41.624905167311866","41.624905167311866","21.97188029765217","21.97188029765217","21.97188029765217","41.698312221944754","41.698312221944754","41.698312221944754","29.431755999644103","29.431755999644103","29.431755999644103","73.41012889684181","73.41012889684181","73.41012889684181","80.88765345573626","80.88765345573626","80.88765345573626","69.371620937743","69.371620937743","69.371620937743","111.42193990582373","111.42193990582373","111.42193990582373"
"32000","87.9032022579955","87.9032022579955","87.9032022579955","95.7307672940435","95.7307672940435","95.7307672940435","44.344982989310736","44.344982989310736","44.344982989310736","103.2538669285263","103.2538669285263","103.2538669285263","63.79510986970679","63.79510986970679","63.79510986970679","30.534330312000872","30.534330312000872","30.534330312000872","76.05417843773404","76.05417843773404","76.05417843773404","95.48992131389643","95.48992131389643","95.48992131389643","69.37068922322135","69.37068922322135","69.37068922322135","129.15715957912371","129.15715957912371","129.15715957912371"
"36000","74.66482303224947","74.66482303224947","74.66482303224947","136.7005797887485","136.7005797887485","136.7005797887485","47.097285865154646","47.097285865154646","47.097285865154646","47.59253385529846","47.59253385529846","47.59253385529846","104.53881704553191","104.53881704553191","104.53881704553191","31.010848796949908","31.010848796949908","31.010848796949908","82.33522561293574","82.33522561293574","82.33522561293574","121.84720787137334","121.84720787137334","121.84720787137334","100.38261914533464","100.38261914533464","100.38261914533464","184.89808113504282","184.89808113504282","184.89808113504282"
"40000","69.998552841543","69.998552841543","69.998552841543","129.34110280470736","129.34110280470736","129.34110280470736","146.72717162874807","146.72717162874807","146.72717162874807","130.89116661134776","130.89116661134776","130.89116661134776","82.72598208281366","82.72598208281366","82.72598208281366","31.00717957042168","31.00717957042168","31.00717957042168","109.89834342910936","109.89834342910936","109.89834342910936","119.7800446009021","119.7800446009021","119.7800446009021","80.65747369421254","80.65747369421254","80.65747369421254","162.61722731741392","162.61722731741392","162.61722731741392"
"44000","62.63864948715908","62.63864948715908","62.63864948715908","132.7689535489882","132.7689535489882","132.7689535489882","98.9999710699976","98.9999710699976","98.9999710699976","130.25919834540494","130.25919834540494","130.25919834540494","118.62783927845248","118.62783927845248","118.62783927845248","28.154157071591698","28.154157071591698","28.154157071591698","116.31262300886529","116.31262300886529","116.31262300886529","94.27570771697233","94.27570771697233","94.27570771697233","79.55701039241092","79.55701039241092","79.55701039241092","155.34701459071283","155.34701459071283","155.34701459071283"
"48000","78.69273954105094","78.69273954105094","78.69273954105094","142.04762724168896","142.04762724168896","142.04762724168896","66.51407623049474","66.51407623049474","66.51407623049474","133.395795899222","133.395795899222","133.395795899222","129.075954996564","129.075954996564","129.075954996564","28.840760949795698","28.840760949795698","28.840760949795698","89.02109528101832","89.02109528101832","89.02109528101832","129.23989626767437","129.23989626767437","129.23989626767437","109.29530445287946","109.29530445287946","109.29530445287946","146.0006638509945","146.0006638509945","146.0006638509945"
"52000","115.9338905589854","115.9338905589854","115.9338905589854","98.36318978279114","98.36318978279114","98.36318978279114","48.257250016489174","48.257250016489174","48.257250016489174","131.77960324379234","131.77960324379234","131.77960324379234","134.84581444277882","134.84581444277882","134.84581444277882","27.933393481909867","27.933393481909867","27.933393481909867","64.45823128564902","64.45823128564902","64.45823128564902","113.65768680686115","113.65768680686115","113.65768680686115","110.55306024366666","110.55306024366666","110.55306024366666","160.70792639958395","160.70792639958395","160.70792639958395"
"56000","82.03227994557984","82.03227994557984","82.03227994557984","122.76959647763995","122.76959647763995","122.76959647763995","86.1861144319619","86.1861144319619","86.1861144319619","128.28268284951315","128.28268284951315","128.28268284951315","137.33938030937998","137.33938030937998","137.33938030937998","28.391188453851015","28.391188453851015","28.391188453851015","63.81476718134114","63.81476718134114","63.81476718134114","163.01349233126592","163.01349233126592","163.01349233126592","108.81361229968017","108.81361229968017","108.81361229968017","137.20734689108258","137.20734689108258","137.20734689108258"
"60000","85.04585976159456","85.04585976159456","85.04585976159456","145.18514563035498","145.18514563035498","145.18514563035498","126.0143537000602","126.0143537000602","126.0143537000602","134.07822248148895","134.07822248148895","134.07822248148895","139.4908220896197","139.4908220896197","139.4908220896197","28.519724673748954","28.519724673748954","28.519724673748954","71.00600465763331","71.00600465763331","71.00600465763331","145.82446382134472","145.82446382134472","145.82446382134472","17.581247041028607","17.581247041028607","17.581247041028607","157.77029644603437","157.77029644603437","157.77029644603437"
"64000","97.73088499548831","97.73088499548831","97.73088499548831","143.71665241606962","143.71665241606962","143.71665241606962","119.87472495190225","119.87472495190225","119.87472495190225","140.90496812811884","140.90496812811884","140.90496812811884","38.35039815675708","38.35039815675708","38.35039815675708","32.381730973744716","32.381730973744716","32.381730973744716","79.2837449291794","79.2837449291794","79.2837449291794","148.30864610568057","148.30864610568057","148.30864610568057","50.75362264346187","50.75362264346187","50.75362264346187","175.83499594152946","175.83499594152946","175.83499594152946"
"68000","121.0356454742014","121.0356454742014","121.0356454742014","120.338097036618","120.338097036618","120.338097036618","119.59021668556011","119.59021668556011","119.59021668556011","140.018416549408","140.018416549408","140.018416549408","129.97117421216004","129.97117421216004","129.97117421216004","27.60366672115763","27.60366672115763","27.60366672115763","132.8403841593268","132.8403841593268","132.8403841593268","152.48920521754502","152.48920521754502","152.48920521754502","53.697882115577116","53.697882115577116","53.697882115577116","151.78743217445066","151.78743217445066","151.78743217445066"
"72000","145.1089056698958","145.1089056698958","145.1089056698958","143.86410592210063","143.86410592210063","143.86410592210063","197.52814314084904","197.52814314084904","197.52814314084904","140.0325018974077","140.0325018974077","140.0325018974077","144.97815943240312","144.97815943240312","144.97815943240312","28.28427596295661","28.28427596295661","28.28427596295661","95.0451762377514","95.0451762377514","95.0451762377514","165.4283601586147","165.4283601586147","165.4283601586147","154.44049776891424","154.44049776891424","154.44049776891424","135.4319914472779","135.4319914472779","135.4319914472779"
"76000","124.8483768467654","124.8483768467654","124.8483768467654","141.23468675634973","141.23468675634973","141.23468675634973","161.0589904803831","161.0589904803831","161.0589904803831","36.655266101407655","36.655266101407655","36.655266101407655","118.98958780020962","118.98958780020962","118.98958780020962","29.637901053135455","29.637901053135455","29.637901053135455","103.10343824718605","103.10343824718605","103.10343824718605","151.96421392416332","151.96421392416332","151.96421392416332","157.71785798139678","157.71785798139678","157.71785798139678","142.0593250013911","142.0593250013911","142.0593250013911"
"80000","257.0866844574735","257.0866844574735","257.0866844574735","140.10924444931365","140.10924444931365","140.10924444931365","117.2819412109611","117.2819412109611","117.2819412109611","33.803094577150354","33.803094577150354","33.803094577150354","108.04686262884411","108.04686262884411","108.04686262884411","45.20421686534878","45.20421686534878","45.20421686534878","80.76799225934198","80.76799225934198","80.76799225934198","132.55407548472374","132.55407548472374","132.55407548472374","45.189654321313476","45.189654321313476","45.189654321313476","133.3083530643594","133.3083530643594","133.3083530643594"
"84000","254.03187179899842","254.03187179899842","254.03187179899842","195.16349058814865","195.16349058814865","195.16349058814865","126.2377587355846","126.2377587355846","126.2377587355846","116.10746887928137","116.10746887928137","116.10746887928137","143.77483094793172","143.77483094793172","143.77483094793172","37.94666918958794","37.94666918958794","37.94666918958794","107.0248631933504","107.0248631933504","107.0248631933504","164.56284169651016","164.56284169651016","164.56284169651016","161.7053853825488","161.7053853825488","161.7053853825488","183.03203768004897","183.03203768004897","183.03203768004897"
"88000","259.16083271961827","259.16083271961827","259.16083271961827","202.88588354850066","202.88588354850066","202.88588354850066","181.92190184269765","181.92190184269765","181.92190184269765","144.33791791833033","144.33791791833033","144.33791791833033","118.33252569916303","118.33252569916303","118.33252569916303","23.408649632033768","23.408649632033768","23.408649632033768","96.50819378026355","96.50819378026355","96.50819378026355","141.23605125924956","141.23605125924956","141.23605125924956","176.80850972294758","176.80850972294758","176.80850972294758","203.67314320567965","203.67314320567965","203.67314320567965"
"92000","249.40847015188916","249.40847015188916","249.40847015188916","197.838662031175","197.838662031175","197.838662031175","112.43671260361984","112.43671260361984","112.43671260361984","165.3666065326463","165.3666065326463","165.3666065326463","136.70686882957008","136.70686882957008","136.70686882957008","59.07671131632835","59.07671131632835","59.07671131632835","73.52319307203888","73.52319307203888","73.52319307203888","172.04298735551396","172.04298735551396","172.04298735551396","140.0553696892271","140.0553696892271","140.0553696892271","206.42202100660984","206.42202100660984","206.42202100660984"
"96000","256.0202663453491","256.0202663453491","256.0202663453491","194.37206381255675","194.37206381255675","194.37206381255675","63.274576618299974","63.274576618299974","63.274576618299974","154.85270551300715","154.85270551300715","154.85270551300715","140.56543215299723","140.56543215299723","140.56543215299723","52.67788566510511","52.67788566510511","52.67788566510511","116.6209020975381","116.6209020975381","116.6209020975381","176.78409874512388","176.78409874512388","176.78409874512388","124.81822658849849","124.81822658849849","124.81822658849849","199.25293087869187","199.25293087869187","199.25293087869187"
"100000","259.8487509716663","259.8487509716663","259.8487509716663","200.10734170277755","200.10734170277755","200.10734170277755","147.32316337972722","147.32316337972722","147.32316337972722","89.44888726742218","89.44888726742218","89.44888726742218","146.78515099345503","146.78515099345503","146.78515099345503","55.974302556245945","55.974302556245945","55.974302556245945","144.9694999086802","144.9694999086802","144.9694999086802","229.00199600402385","229.00199600402385","229.00199600402385","123.95377057775946","123.95377057775946","123.95377057775946","183.17487781354652","183.17487781354652","183.17487781354652"
"104000","282.0559801501633","282.0559801501633","282.0559801501633","183.56470105037528","183.56470105037528","183.56470105037528","215.349155998271","215.349155998271","215.349155998271","165.7038366959649","165.7038366959649","165.7038366959649","164.56331083602618","164.56331083602618","164.56331083602618","35.63335080174908","35.63335080174908","35.63335080174908","105.83129598324476","105.83129598324476","105.83129598324476","196.09617067218278","196.09617067218278","196.09617067218278","127.29506981360797","127.29506981360797","127.29506981360797","167.1213607943417","167.1213607943417","167.1213607943417"
"108000","258.14239578846394","258.14239578846394","258.14239578846394","179.6829248363169","179.6829248363169","179.6829248363169","236.19495157382897","236.19495157382897","236.19495157382897","158.40708765320232","158.40708765320232","158.40708765320232","123.60817995354687","123.60817995354687","123.60817995354687","52.1403977607192","52.1403977607192","52.1403977607192","152.9208873800103","152.9208873800103","152.9208873800103","215.24383949736503","215.24383949736503","215.24383949736503","123.27930815877491","123.27930815877491","123.27930815877491","139.5680999642305","139.5680999642305","139.5680999642305"
"112000","259.18474392307996","259.18474392307996","259.18474392307996","204.67318503924724","204.67318503924724","204.67318503924724","230.0447171273489","230.0447171273489","230.0447171273489","135.73506868621686","135.73506868621686","135.73506868621686","134.01239936513","134.01239936513","134.01239936513","81.33755809753298","81.33755809753298","81.33755809753298","149.42820648663434","149.42820648663434","149.42820648663434","209.65668966406488","209.65668966406488","209.65668966406488","127.77689771615194","127.77689771615194","127.77689771615194","169.7017888951799","169.7017888951799","169.7017888951799"
"116000","277.9026952089752","277.9026952089752","277.9026952089752","251.34850650644563","251.34850650644563","251.34850650644563","229.41501289391772","229.41501289391772","229.41501289391772","149.98048219094034","149.98048219094034","149.98048219094034","142.54578882916215","142.54578882916215","142.54578882916215","77.56804851350755","77.56804851350755","77.56804851350755","131.9238281136767","131.9238281136767","131.9238281136767","230.42412165217033","230.42412165217033","230.42412165217033","130.09542613495506","130.09542613495506","130.09542613495506","82.89675278620419","82.89675278620419","82.89675278620419"
"120000","287.17998849701866","287.17998849701866","287.17998849701866","208.64847143156743","208.64847143156743","208.64847143156743","220.8354529691141","220.8354529691141","220.8354529691141","151.27474201923377","151.27474201923377","151.27474201923377","146.96563866193455","146.96563866193455","146.96563866193455","85.83145718319724","85.83145718319724","85.83145718319724","205.6534393716126","205.6534393716126","205.6534393716126","230.28806065059626","230.28806065059626","230.28806065059626","192.64056657262603","192.64056657262603","192.64056657262603","164.10930873114722","164.10930873114722","164.10930873114722"
"124000","262.32659858768085","262.32659858768085","262.32659858768085","198.47229904008364","198.47229904008364","198.47229904008364","225.47890190710365","225.47890190710365","225.47890190710365","160.2208595652474","160.2208595652474","160.2208595652474","149.61565582157135","149.61565582157135","149.61565582157135","142.63840681280402","142.63840681280402","142.63840681280402","167.823264870815","167.823264870815","167.823264870815","213.8781282817974","213.8781282817974","213.8781282817974","191.5074918558742","191.5074918558742","191.5074918558742","159.50345578061612","159.50345578061612","159.50345578061612"
"128000","290.2233504201607","290.2233504201607","290.2233504201607","170.032079081927","170.032079081927","170.032079081927","227.48768458226124","227.48768458226124","227.48768458226124","118.89170560331434","118.89170560331434","118.89170560331434","113.38298205414917","113.38298205414917","113.38298205414917","90.42613453207224","90.42613453207224","90.42613453207224","192.43736816044984","192.43736816044984","192.43736816044984","259.4909100760716","259.4909100760716","259.4909100760716","168.90677529782806","168.90677529782806","168.90677529782806","108.4268108754806","108.4268108754806","108.4268108754806"
"132000","308.91809326429734","308.91809326429734","308.91809326429734","219.79685500346318","219.79685500346318","219.79685500346318","228.9472059801069","228.9472059801069","228.9472059801069","100.05382143605381","100.05382143605381","100.05382143605381","131.65678222308776","131.65678222308776","131.65678222308776","80.02849255242829","80.02849255242829","80.02849255242829","210.40355451880836","210.40355451880836","210.40355451880836","245.05038641963128","245.05038641963128","245.05038641963128","144.85840428020214","144.85840428020214","144.85840428020214","85.687704997051","85.687704997051","85.687704997051"
"136000","314.0109930851142","314.0109930851142","314.0109930851142","210.15579670060706","210.15579670060706","210.15579670060706","245.7587411614063","245.7587411614063","245.7587411614063","40.009383828380116","40.009383828380116","40.009383828380116","100.57442691058262","100.57442691058262","100.57442691058262","84.20635506531391","84.20635506531391","84.20635506531391","200.74322256215905","200.74322256215905","200.74322256215905","240.42370361771594","240.42370361771594","240.42370361771594","86.14839982464001","86.14839982464001","86.14839982464001","151.0016615148664","151.0016615148664","151.0016615148664"
"140000","294.9803870730515","294.9803870730515","294.9803870730515","206.902278684864","206.902278684864","206.902278684864","251.77245956255047","251.77245956255047","251.77245956255047","40.87219680237922","40.87219680237922","40.87219680237922","31.790850631373225","31.790850631373225","31.790850631373225","84.52324101686145","84.52324101686145","84.52324101686145","196.2320655459126","196.2320655459126","196.2320655459126","196.5880708421138","196.5880708421138","196.5880708421138","171.59609754999036","171.59609754999036","171.59609754999036","114.39045553008089","114.39045553008089","114.39045553008089"
"144000","283.5524823602349","283.5524823602349","283.5524823602349","209.84329856380072","209.84329856380072","209.84329856380072","239.50573655756997","239.50573655756997","239.50573655756997","39.72468406428762","39.72468406428762","39.72468406428762","46.65198713503198","46.65198713503198","46.65198713503198","89.58761066822734","89.58761066822734","89.58761066822734","199.28757064410257","199.28757064410257","199.28757064410257","204.63811349247158","204.63811349247158","204.63811349247158","134.95563615872487","134.95563615872487","134.95563615872487","167.5742440106124","167.5742440106124","167.5742440106124"
"148000","286.2526254858455","286.2526254858455","286.2526254858455","266.5607304057367","266.5607304057367","266.5607304057367","243.28130503921594","243.28130503921594","243.28130503921594","150.05867271171684","150.05867271171684","150.05867271171684","124.28521523500838","124.28521523500838","124.28521523500838","83.6852003428929","83.6852003428929","83.6852003428929","175.4708417254578","175.4708417254578","175.4708417254578","235.22378301291315","235.22378301291315","235.22378301291315","220.42893613999794","220.42893613999794","220.42893613999794","224.07843277470016","224.07843277470016","224.07843277470016"
"152000","283.34833392936605","283.34833392936605","283.34833392936605","286.60265436471764","286.60265436471764","286.60265436471764","136.26142017198637","136.26142017198637","136.26142017198637","142.30528937280397","142.30528937280397","142.30528937280397","96.09757519036974","96.09757519036974","96.09757519036974","82.39655025960828","82.39655025960828","82.39655025960828","176.03884486624264","176.03884486624264","176.03884486624264","225.50029776191576","225.50029776191576","225.50029776191576","197.21963648266467","197.21963648266467","197.21963648266467","200.23622730288918","200.23622730288918","200.23622730288918"
"156000","268.2368228701324","268.2368228701324","268.2368228701324","286.5068678435628","286.5068678435628","286.5068678435628","136.031681135952","136.031681135952","136.031681135952","81.19162193157082","81.19162193157082","81.19162193157082","99.62381138308947","99.62381138308947","99.62381138308947","89.23158076009653","89.23158076009653","89.23158076009653","239.35806190765288","239.35806190765288","239.35806190765288","235.6499629025518","235.6499629025518","235.6499629025518","177.89870830482946","177.89870830482946","177.89870830482946","111.6823560773606","111.6823560773606","111.6823560773606"
"160000","265.65380751286403","265.65380751286403","265.65380751286403","265.0116785052648","265.0116785052648","265.0116785052648","117.03250505114818","117.03250505114818","117.03250505114818","74.56610960433294","74.56610960433294","74.56610960433294","39.50092309862464","39.50092309862464","39.50092309862464","84.84795147151226","84.84795147151226","84.84795147151226","251.74542841646434","251.74542841646434","251.74542841646434","243.16734287372543","243.16734287372543","243.16734287372543","91.61588585579766","91.61588585579766","91.61588585579766","227.4271066881438","227.4271066881438","227.4271066881438"
"164000","298.0393300115037","298.0393300115037","298.0393300115037","277.88555195169096","277.88555195169096","277.88555195169096","109.59046423501457","109.59046423501457","109.59046423501457","114.39638049786092","114.39638049786092","114.39638049786092","41.290560146240075","41.290560146240075","41.290560146240075","82.68280696908332","82.68280696908332","82.68280696908332","245.75069099143576","245.75069099143576","245.75069099143576","236.62175775265277","236.62175775265277","236.62175775265277","120.12527517805874","120.12527517805874","120.12527517805874","203.83309175716371","203.83309175716371","203.83309175716371"
"168000","281.82159960228455","281.82159960228455","281.82159960228455","266.3717761485852","266.3717761485852","266.3717761485852","233.93851466459597","233.93851466459597","233.93851466459597","79.912749321189","79.912749321189","79.912749321189","84.37828954685074","84.37828954685074","84.37828954685074","96.62417552863704","96.62417552863704","96.62417552863704","243.86662051355697","243.86662051355697","243.86662051355697","248.62454278919031","248.62454278919031","248.62454278919031","35.23273258577508","35.23273258577508","35.23273258577508","208.36691818695095","208.36691818695095","208.36691818695095"
"172000","305.21643425302267","305.21643425302267","305.21643425302267","265.8753941387773","265.8753941387773","265.8753941387773","238.9525715527456","238.9525715527456","238.9525715527456","63.13065401473252","63.13065401473252","63.13065401473252","144.92718661757777","144.92718661757777","144.92718661757777","142.7413019075289","142.7413019075289","142.7413019075289","201.96319289257434","201.96319289257434","201.96319289257434","251.9591553283918","251.9591553283918","251.9591553283918","64.78890045279525","64.78890045279525","64.78890045279525","196.97083935576174","196.97083935576174","196.97083935576174"
"176000","258.0665668322863","258.0665668322863","258.0665668322863","258.68156744784363","258.68156744784363","258.68156744784363","182.85332101317425","182.85332101317425","182.85332101317425","71.29343462283694","71.29343462283694","71.29343462283694","141.3231352115665","141.3231352115665","141.3231352115665","123.5813284739367","123.5813284739367","123.5813284739367","204.05540306388565","204.05540306388565","204.05540306388565","226.60231059409415","226.60231059409415","226.60231059409415","180.60553045166608","180.60553045166608","180.60553045166608","219.74270986714677","219.74270986714677","219.74270986714677"
"180000","274.10875270736557","274.10875270736557","274.10875270736557","256.07638966989896","256.07638966989896","256.07638966989896","167.9485481791728","167.9485481791728","167.9485481791728","89.99705244774101","89.99705244774101","89.99705244774101","142.73476755173272","142.73476755173272","142.73476755173272","107.69057460599672","107.69057460599672","107.69057460599672","248.20869337016865","248.20869337016865","248.20869337016865","245.68159832488055","245.68159832488055","245.68159832488055","219.46903572347256","219.46903572347256","219.46903572347256","201.26855880301173","201.26855880301173","201.26855880301173"
"184000","240.68054240672103","240.68054240672103","240.68054240672103","256.5964937787663","256.5964937787663","256.5964937787663","248.1813709707444","248.1813709707444","248.1813709707444","78.81254081948659","78.81254081948659","78.81254081948659","149.3876329781515","149.3876329781515","149.3876329781515","123.54284390664277","123.54284390664277","123.54284390664277","272.0372327687769","272.0372327687769","272.0372327687769","251.05648897861403","251.05648897861403","251.05648897861403","192.01750052500086","192.01750052500086","192.01750052500086","148.38046854727799","148.38046854727799","148.38046854727799"
"188000","247.1953555287273","247.1953555287273","247.1953555287273","304.7423455534984","304.7423455534984","304.7423455534984","271.92539430786826","271.92539430786826","271.92539430786826","128.3289028394847","128.3289028394847","128.3289028394847","142.38895150019238","142.38895150019238","142.38895150019238","133.93905068378677","133.93905068378677","133.93905068378677","258.31985295750127","258.31985295750127","258.31985295750127","254.12804719280902","254.12804719280902","254.12804719280902","229.5989796175474","229.5989796175474","229.5989796175474","183.2789757825948","183.2789757825948","183.2789757825948"
"192000","212.61407224164842","212.61407224164842","212.61407224164842","294.87498984130934","294.87498984130934","294.87498984130934","248.20553136951426","248.20553136951426","248.20553136951426","158.3764305109086","158.3764305109086","158.3764305109086","118.20769616218601","118.20769616218601","118.20769616218601","99.03094037702408","99.03094037702408","99.03094037702408","242.82304010206173","242.82304010206173","242.82304010206173","258.3644123963522","258.3644123963522","258.3644123963522","197.0030978540481","197.0030978540481","197.0030978540481","184.1826051212849","184.1826051212849","184.1826051212849"
"196000","273.76807004663954","273.76807004663954","273.76807004663954","280.62475075130783","280.62475075130783","280.62475075130783","199.3983608813267","199.3983608813267","199.3983608813267","152.45208347121397","152.45208347121397","152.45208347121397","137.41098780475542","137.41098780475542","137.41098780475542","118.72383219624692","118.72383219624692","118.72383219624692","230.49139291446107","230.49139291446107","230.49139291446107","231.3385016852838","231.3385016852838","231.3385016852838","214.05036414996584","214.05036414996584","214.05036414996584","182.36851466129815","182.36851466129815","182.36851466129815"
"200000","243.50321368727418","243.50321368727418","243.50321368727418","245.03384672501397","245.03384672501397","245.03384672501397","216.16004636533154","216.16004636533154","216.16004636533154","153.08431337455016","153.08431337455016","153.08431337455016","18.55725821699923","18.55725821699923","18.55725821699923","64.08953685541074","64.08953685541074","64.08953685541074","257.6391085750986","257.6391085750986","257.6391085750986","253.46230817527558","253.46230817527558","253.46230817527558","222.42555356783504","222.42555356783504","222.42555356783504","167.10157066782995","167.10157066782995","167.10157066782995"
"204000","298.56536742089895","298.56536742089895","298.56536742089895","250.40154749478165","250.40154749478165","250.40154749478165","208.06851545988155","208.06851545988155","208.06851545988155","152.91119798997624","152.91119798997624","152.91119798997624","36.95055716190002","36.95055716190002","36.95055716190002","109.06544317166079","109.06544317166079","109.06544317166079","283.90868852267005","283.90868852267005","283.90868852267005","273.0370340473256","273.0370340473256","273.0370340473256","206.78768485607958","206.78768485607958","206.78768485607958","194.61054587510407","194.61054587510407","194.61054587510407"
"208000","252.6507649102179","252.6507649102179","252.6507649102179","275.16387456501513","275.16387456501513","275.16387456501513","207.95194199900942","207.95194199900942","207.95194199900942","135.80224478485297","135.80224478485297","135.80224478485297","151.9075055393827","151.9075055393827","151.9075055393827","125.98551428962796","125.98551428962796","125.98551428962796","265.28123175582203","265.28123175582203","265.28123175582203","260.9754643612423","260.9754643612423","260.9754643612423","158.732610319833","158.732610319833","158.732610319833","233.42560478433361","233.42560478433361","233.42560478433361"
"212000","253.0327592644398","253.0327592644398","253.0327592644398","292.87760253161633","292.87760253161633","292.87760253161633","188.0559448679328","188.0559448679328","188.0559448679328","136.22730076328082","136.22730076328082","136.22730076328082","147.79123166083156","147.79123166083156","147.79123166083156","56.84964774946313","56.84964774946313","56.84964774946313","268.05940095887854","268.05940095887854","268.05940095887854","249.3820639227327","249.3820639227327","249.3820639227327","151.48829616789925","151.48829616789925","151.48829616789925","235.45449813855893","235.45449813855893","235.45449813855893"
"216000","305.80766209060897","305.80766209060897","305.80766209060897","299.90553645294085","299.90553645294085","299.90553645294085","189.50153075683698","189.50153075683698","189.50153075683698","144.34578946946922","144.34578946946922","144.34578946946922","177.60456726155098","177.60456726155098","177.60456726155098","76.66956420437734","76.66956420437734","76.66956420437734","260.0850097471981","260.0850097471981","260.0850097471981","256.02343518827786","256.02343518827786","256.02343518827786","183.4345833898342","183.4345833898342","183.4345833898342","226.52194452646108","226.52194452646108","226.52194452646108"
"220000","285.575625943884","285.575625943884","285.575625943884","304.09197104244265","304.09197104244265","304.09197104244265","185.8642586951038","185.8642586951038","185.8642586951038","81.69264342699499","81.69264342699499","81.69264342699499","153.7389006698537","153.7389006698537","153.7389006698537","83.81151706384352","83.81151706384352","83.81151706384352","264.9707524142766","264.9707524142766","264.9707524142766","236.93340025021516","236.93340025021516","236.93340025021516","190.71822928893164","190.71822928893164","190.71822928893164","220.63232492519256","220.63232492519256","220.63232492519256"
"224000","266.06025197253865","266.06025197253865","266.06025197253865","288.8872243079014","288.8872243079014","288.8872243079014","233.2678113218586","233.2678113218586","233.2678113218586","66.3598972963773","66.3598972963773","66.3598972963773","195.16395218706563","195.16395218706563","195.16395218706563","94.43212293132117","94.43212293132117","94.43212293132117","253.60253794994145","253.60253794994145","253.60253794994145","243.20252233818718","243.20252233818718","243.20252233818718","161.61945914353106","161.61945914353106","161.61945914353106","226.11542367057888","226.11542367057888","226.11542367057888"
"228000","310.833340366612","310.833340366612","310.833340366612","243.62694400875768","243.62694400875768","243.62694400875768","202.38639868076706","202.38639868076706","202.38639868076706","128.97422323718052","128.97422323718052","128.97422323718052","179.15340629841484","179.15340629841484","179.15340629841484","143.32850162625851","143.32850162625851","143.32850162625851","249.39561876169742","249.39561876169742","249.39561876169742","234.95883693601095","234.95883693601095","234.95883693601095","179.1262509873952","179.1262509873952","179.1262509873952","174.67005213113","174.67005213113","174.67005213113"
"232000","238.10863344903214","238.10863344903214","238.10863344903214","280.6388438129726","280.6388438129726","280.6388438129726","259.28891352395874","259.28891352395874","259.28891352395874","139.5624627010971","139.5624627010971","139.5624627010971","181.628626871747","181.628626871747","181.628626871747","157.1153532040854","157.1153532040854","157.1153532040854","300.05655563161906","300.05655563161906","300.05655563161906","233.64342891182383","233.64342891182383","233.64342891182383","182.02322228601685","182.02322228601685","182.02322228601685","217.030046685857","217.030046685857","217.030046685857"
"236000","275.5281990775471","275.5281990775471","275.5281990775471","262.9441734705187","262.9441734705187","262.9441734705187","238.97213260507706","238.97213260507706","238.97213260507706","151.5340221765824","151.5340221765824","151.5340221765824","184.36849920228002","184.36849920228002","184.36849920228002","156.55927345871936","156.55927345871936","156.55927345871936","247.60238138133474","247.60238138133474","247.60238138133474","236.553887837739","236.553887837739","236.553887837739","181.48490664399145","181.48490664399145","181.48490664399145","234.78359877733132","234.78359877733132","234.78359877733132"
"240000","270.96245146841005","270.96245146841005","270.96245146841005","279.23866779729497","279.23866779729497","279.23866779729497","255.36057666818638","255.36057666818638","255.36057666818638","159.04995851477094","159.04995851477094","159.04995851477094","50.289041649969384","50.289041649969384","50.289041649969384","147.90745756214523","147.90745756214523","147.90745756214523","283.89600737535227","283.89600737535227","283.89600737535227","241.1450045090935","241.1450045090935","241.1450045090935","186.83726845527093","186.83726845527093","186.83726845527093","191.0409293037916","191.0409293037916","191.0409293037916"
"244000","245.02030555756124","245.02030555756124","245.02030555756124","281.1547405040292","281.1547405040292","281.1547405040292","248.45853158339742","248.45853158339742","248.45853158339742","148.74680401236827","148.74680401236827","148.74680401236827","41.10793592415739","41.10793592415739","41.10793592415739","160.91139671144919","160.91139671144919","160.91139671144919","268.3835709084874","268.3835709084874","268.3835709084874","248.33241194286302","248.33241194286302","248.33241194286302","199.64138345533178","199.64138345533178","199.64138345533178","180.25216024050854","180.25216024050854","180.25216024050854"
"248000","268.40441909413846","268.40441909413846","268.40441909413846","280.49828014402584","280.49828014402584","280.49828014402584","193.95347260375965","193.95347260375965","193.95347260375965","153.60122863275757","153.60122863275757","153.60122863275757","127.11993717557823","127.11993717557823","127.11993717557823","154.62665468279846","154.62665468279846","154.62665468279846","287.0004505851402","287.0004505851402","287.0004505851402","247.5292172694898","247.5292172694898","247.5292172694898","157.23873318871642","157.23873318871642","157.23873318871642","209.13089623271418","209.13089623271418","209.13089623271418"
"252000","267.7636089909236","267.7636089909236","267.7636089909236","291.52544218500464","291.52544218500464","291.52544218500464","224.69904904561022","224.69904904561022","224.69904904561022","147.6301041106213","147.6301041106213","147.6301041106213","97.09691889101137","97.09691889101137","97.09691889101137","118.32546886104384","118.32546886104384","118.32546886104384","271.95318115607984","271.95318115607984","271.95318115607984","260.8858670885481","260.8858670885481","260.8858670885481","251.83663899134245","251.83663899134245","251.83663899134245","186.38362446086396","186.38362446086396","186.38362446086396"
"256000","244.03856757378063","244.03856757378063","244.03856757378063","284.7281722559736","284.7281722559736","284.7281722559736","237.42575098302405","237.42575098302405","237.42575098302405","74.93057280809589","74.93057280809589","74.93057280809589","74.49413838382853","74.49413838382853","74.49413838382853","141.46779059397005","141.46779059397005","141.46779059397005","269.11246151430225","269.11246151430225","269.11246151430225","228.77403972483927","228.77403972483927","228.77403972483927","243.22686611734144","243.22686611734144","243.22686611734144","195.5122690975978","195.5122690975978","195.5122690975978"
"260000","292.33193089994785","292.33193089994785","292.33193089994785","269.55695780821543","269.55695780821543","269.55695780821543","228.05990963269733","228.05990963269733","228.05990963269733","87.08306446312318","87.08306446312318","87.08306446312318","48.917027338349975","48.917027338349975","48.917027338349975","140.97455790781765","140.97455790781765","140.97455790781765","240.96870791014007","240.96870791014007","240.96870791014007","213.29056231858553","213.29056231858553","213.29056231858553","256.7670081229874","256.7670081229874","256.7670081229874","215.72491009709967","215.72491009709967","215.72491009709967"
"264000","292.8395174458331","292.8395174458331","292.8395174458331","297.26237994663387","297.26237994663387","297.26237994663387","219.04858180899933","219.04858180899933","219.04858180899933","140.74890552974458","140.74890552974458","140.74890552974458","154.36770913871976","154.36770913871976","154.36770913871976","132.60881970659094","132.60881970659094","132.60881970659094","270.204611496718","270.204611496718","270.204611496718","253.48490186635416","253.48490186635416","253.48490186635416","243.68374053895255","243.68374053895255","243.68374053895255","229.45373155748584","229.45373155748584","229.45373155748584"
"268000","330.7194747370424","330.7194747370424","330.7194747370424","283.51725957878296","283.51725957878296","283.51725957878296","240.69516949331714","240.69516949331714","240.69516949331714","151.3794372012395","151.3794372012395","151.3794372012395","112.72519540892765","112.72519540892765","112.72519540892765","135.02802798024783","135.02802798024783","135.02802798024783","290.7527530091506","290.7527530091506","290.7527530091506","261.30320771716407","261.30320771716407","261.30320771716407","185.3289909390782","185.3289909390782","185.3289909390782","210.25612726337008","210.25612726337008","210.25612726337008"
"272000","314.4645094135977","314.4645094135977","314.4645094135977","288.6018807409143","288.6018807409143","288.6018807409143","250.6497602142922","250.6497602142922","250.6497602142922","127.0824327187041","127.0824327187041","127.0824327187041","144.23793654620886","144.23793654620886","144.23793654620886","131.92785873575423","131.92785873575423","131.92785873575423","289.14277458051174","289.14277458051174","289.14277458051174","271.8976871549363","271.8976871549363","271.8976871549363","199.71304234626558","199.71304234626558","199.71304234626558","181.46855915708258","181.46855915708258","181.46855915708258"
"276000","233.0111167138144","233.0111167138144","233.0111167138144","295.3963397922804","295.3963397922804","295.3963397922804","262.95977284937544","262.95977284937544","262.95977284937544","133.05482853113747","133.05482853113747","133.05482853113747","178.59287931510025","178.59287931510025","178.59287931510025","138.98801272372788","138.98801272372788","138.98801272372788","292.49785371518976","292.49785371518976","292.49785371518976","257.4395109936213","257.4395109936213","257.4395109936213","262.33301096568334","262.33301096568334","262.33301096568334","221.05380602204673","221.05380602204673","221.05380602204673"
"280000","220.94433148462235","220.94433148462235","220.94433148462235","269.79024609337955","269.79024609337955","269.79024609337955","254.93024207314028","254.93024207314028","254.93024207314028","146.05296380512345","146.05296380512345","146.05296380512345","147.3761022044483","147.3761022044483","147.3761022044483","138.38575513322402","138.38575513322402","138.38575513322402","280.59201825219225","280.59201825219225","280.59201825219225","249.90533650632398","249.90533650632398","249.90533650632398","280.7901984949228","280.7901984949228","280.7901984949228","196.62426140907957","196.62426140907957","196.62426140907957"
"284000","302.393789589716","302.393789589716","302.393789589716","258.2608404326049","258.2608404326049","258.2608404326049","243.31941054639546","243.31941054639546","243.31941054639546","155.72152454550883","155.72152454550883","155.72152454550883","181.32848795754052","181.32848795754052","181.32848795754052","135.24974026904326","135.24974026904326","135.24974026904326","283.70418202768985","283.70418202768985","283.70418202768985","223.90805549539755","223.90805549539755","223.90805549539755","279.2589945913637","279.2589945913637","279.2589945913637","195.8056663416421","195.8056663416421","195.8056663416421"
"288000","237.04390415986728","237.04390415986728","237.04390415986728","214.9216228717646","214.9216228717646","214.9216228717646","206.77656433201324","206.77656433201324","206.77656433201324","158.46316169865824","158.46316169865824","158.46316169865824","169.57521901896294","169.57521901896294","169.57521901896294","158.7576424410985","158.7576424410985","158.7576424410985","259.31242184490856","259.31242184490856","259.31242184490856","214.29862688055314","214.29862688055314","214.29862688055314","309.1088407316768","309.1088407316768","309.1088407316768","204.61547711491545","204.61547711491545","204.61547711491545"
"292000","306.78099901959615","306.78099901959615","306.78099901959615","255.06915282464706","255.06915282464706","255.06915282464706","229.84937267767754","229.84937267767754","229.84937267767754","161.91119868571687","161.91119868571687","161.91119868571687","162.83599118731647","162.83599118731647","162.83599118731647","154.69232999197695","154.69232999197695","154.69232999197695","292.9932215117335","292.9932215117335","292.9932215117335","216.18926002922558","216.18926002922558","216.18926002922558","309.59085975926035","309.59085975926035","309.59085975926035","189.83833506681736","189.83833506681736","189.83833506681736"
"296000","284.9001849540208","284.9001849540208","284.9001849540208","212.92864258320074","212.92864258320074","212.92864258320074","248.57321362077482","248.57321362077482","248.57321362077482","150.74738179136222","150.74738179136222","150.74738179136222","156.97064416943618","156.97064416943618","156.97064416943618","135.32199255718606","135.32199255718606","135.32199255718606","250.3377813302001","250.3377813302001","250.3377813302001","216.53102324412598","216.53102324412598","216.53102324412598","324.2211690060905","324.2211690060905","324.2211690060905","219.1902455141341","219.1902455141341","219.1902455141341"
"300000","298.7572234076668","298.7572234076668","298.7572234076668","235.85120584222028","235.85120584222028","235.85120584222028","223.01263809143256","223.01263809143256","223.01263809143256","160.37521060393476","160.37521060393476","160.37521060393476","171.39049721062352","171.39049721062352","171.39049721062352","147.4404676139114","147.4404676139114","147.4404676139114","264.612727973312","264.612727973312","264.612727973312","199.9319276148126","199.9319276148126","199.9319276148126","289.0258680149285","289.0258680149285","289.0258680149285","227.34513396903125","227.34513396903125","227.34513396903125"
"304000","263.5848953114441","263.5848953114441","263.5848953114441","195.50208613123382","195.50208613123382","195.50208613123382","233.64805652930673","233.64805652930673","233.64805652930673","148.9050168339324","148.9050168339324","148.9050168339324","144.17037205840495","144.17037205840495","144.17037205840495","128.34240387471098","128.34240387471098","128.34240387471098","245.1283841161203","245.1283841161203","245.1283841161203","240.98926093315677","240.98926093315677","240.98926093315677","252.60430798156918","252.60430798156918","252.60430798156918","236.13073314419108","236.13073314419108","236.13073314419108"
"308000","219.817613252488","219.817613252488","219.817613252488","305.6475360114213","305.6475360114213","305.6475360114213","207.53661920264813","207.53661920264813","207.53661920264813","146.02756392469377","146.02756392469377","146.02756392469377","179.18220709542797","179.18220709542797","179.18220709542797","140.4950985573084","140.4950985573084","140.4950985573084","245.82898091013948","245.82898091013948","245.82898091013948","250.51945234177896","250.51945234177896","250.51945234177896","278.5642943468842","278.5642943468842","278.5642943468842","216.1835538957142","216.1835538957142","216.1835538957142"
"312000","236.01833302222357","236.01833302222357","236.01833302222357","281.00747959883273","281.00747959883273","281.00747959883273","212.73860254007496","212.73860254007496","212.73860254007496","173.79359668195372","173.79359668195372","173.79359668195372","171.93759911450692","171.93759911450692","171.93759911450692","153.17272388204987","153.17272388204987","153.17272388204987","254.69485653141118","254.69485653141118","254.69485653141118","246.53231773374515","246.53231773374515","246.53231773374515","287.2605445761628","287.2605445761628","287.2605445761628","194.01713900978194","194.01713900978194","194.01713900978194"
"316000","215.0292597999171","215.0292597999171","215.0292597999171","278.0335673076821","278.0335673076821","278.0335673076821","244.74420653072502","244.74420653072502","244.74420653072502","156.59317842729843","156.59317842729843","156.59317842729843","182.1130542957402","182.1130542957402","182.1130542957402","172.23777779557403","172.23777779557403","172.23777779557403","296.7504593766088","296.7504593766088","296.7504593766088","233.13266523783446","233.13266523783446","233.13266523783446","219.27697669766448","219.27697669766448","219.27697669766448","192.35761890536176","192.35761890536176","192.35761890536176"
"320000","283.31836402062703","283.31836402062703","283.31836402062703","280.66245603927774","280.66245603927774","280.66245603927774","262.3289798312315","262.3289798312315","262.3289798312315","156.05135973762006","156.05135973762006","156.05135973762006","164.6256995898728","164.6256995898728","164.6256995898728","125.9636850485094","125.9636850485094","125.9636850485094","288.690970479701","288.690970479701","288.690970479701","245.0443233306964","245.0443233306964","245.0443233306964","221.25777653688502","221.25777653688502","221.25777653688502","187.61560789521494","187.61560789521494","187.61560789521494"
"324000","296.231530408154","296.231530408154","296.231530408154","293.185762689813","293.185762689813","293.185762689813","252.06049425589262","252.06049425589262","252.06049425589262","141.01062597964724","141.01062597964724","141.01062597964724","169.55337448395764","169.55337448395764","169.55337448395764","113.71059896893159","113.71059896893159","113.71059896893159","283.5633495526346","283.5633495526346","283.5633495526346","258.7691715980921","258.7691715980921","258.7691715980921","236.27834887468853","236.27834887468853","236.27834887468853","169.61951438060368","169.61951438060368","169.61951438060368"
"328000","254.95218476398955","254.95218476398955","254.95218476398955","299.7123802612924","299.7123802612924","299.7123802612924","271.98877325165125","271.98877325165125","271.98877325165125","163.93819266379145","163.93819266379145","163.93819266379145","154.06487104087165","154.06487104087165","154.06487104087165","80.23581771959068","80.23581771959068","80.23581771959068","279.89128499065043","279.89128499065043","279.89128499065043","249.61103029723827","249.61103029723827","249.61103029723827","299.7340663616239","299.7340663616239","299.7340663616239","214.515433237452","214.515433237452","214.515433237452"
"332000","317.8983114657896","317.8983114657896","317.8983114657896","212.22187698810893","212.22187698810893","212.22187698810893","275.7056987822209","275.7056987822209","275.7056987822209","150.347831396918","150.347831396918","150.347831396918","125.12006224122656","125.12006224122656","125.12006224122656","116.09902558106096","116.09902558106096","116.09902558106096","285.9071057492529","285.9071057492529","285.9071057492529","233.44766046485375","233.44766046485375","233.44766046485375","274.3906140913617","274.3906140913617","274.3906140913617","173.66422713260314","173.66422713260314","173.66422713260314"
"336000","309.124280350669","309.124280350669","309.124280350669","248.75292563034517","248.75292563034517","248.75292563034517","276.32750658452204","276.32750658452204","276.32750658452204","162.44843295777923","162.44843295777923","162.44843295777923","102.73022677385111","102.73022677385111","102.73022677385111","106.5244015933018","106.5244015933018","106.5244015933018","233.10568443197525","233.10568443197525","233.10568443197525","246.00501617749774","246.00501617749774","246.00501617749774","236.42471334565502","236.42471334565502","236.42471334565502","165.29274277606936","165.29274277606936","165.29274277606936"
"340000","339.2557092860385","339.2557092860385","339.2557092860385","302.9938795678098","302.9938795678098","302.9938795678098","227.1777537127336","227.1777537127336","227.1777537127336","151.8739641387533","151.8739641387533","151.8739641387533","108.97430400445276","108.97430400445276","108.97430400445276","113.70798675010151","113.70798675010151","113.70798675010151","213.40620690176425","213.40620690176425","213.40620690176425","246.19562382402341","246.19562382402341","246.19562382402341","279.3413457001237","279.3413457001237","279.3413457001237","209.05554675400427","209.05554675400427","209.05554675400427"
"344000","335.6364559043759","335.6364559043759","335.6364559043759","317.3599448392244","317.3599448392244","317.3599448392244","252.32276342045466","252.32276342045466","252.32276342045466","168.09213617185463","168.09213617185463","168.09213617185463","103.24992354307423","103.24992354307423","103.24992354307423","122.66033349036645","122.66033349036645","122.66033349036645","270.08195802648413","270.08195802648413","270.08195802648413","200.13957555667443","200.13957555667443","200.13957555667443","272.4079973742532","272.4079973742532","272.4079973742532","177.6756021744334","177.6756021744334","177.6756021744334"
"348000","333.99100678958746","333.99100678958746","333.99100678958746","292.91959438911516","292.91959438911516","292.91959438911516","250.9143810327583","250.9143810327583","250.9143810327583","175.23457285309945","175.23457285309945","175.23457285309945","148.46985360652806","148.46985360652806","148.46985360652806","120.12209307207782","120.12209307207782","120.12209307207782","290.8099156811078","290.8099156811078","290.8099156811078","209.05795261002217","209.05795261002217","209.05795261002217","272.34286513904465","272.34286513904465","272.34286513904465","249.0769942503727","249.0769942503727","249.0769942503727"
"352000","302.71087544943185","302.71087544943185","302.71087544943185","309.47285774298933","309.47285774298933","309.47285774298933","242.4083659296879","242.4083659296879","242.4083659296879","157.09726533821268","157.09726533821268","157.09726533821268","146.9266562653037","146.9266562653037","146.9266562653037","136.2327395054519","136.2327395054519","136.2327395054519","284.5318107484145","284.5318107484145","284.5318107484145","253.78330124696527","253.78330124696527","253.78330124696527","294.1128008039089","294.1128008039089","294.1128008039089","218.94508279802685","218.94508279802685","218.94508279802685"
"356000","301.29813550220376","301.29813550220376","301.29813550220376","259.26902186772304","259.26902186772304","259.26902186772304","232.17718199644932","232.17718199644932","232.17718199644932","151.37581836341036","151.37581836341036","151.37581836341036","114.17742970941933","114.17742970941933","114.17742970941933","109.56740436933049","109.56740436933049","109.56740436933049","272.4925223777758","272.4925223777758","272.4925223777758","238.90202409271396","238.90202409271396","238.90202409271396","249.70298276750583","249.70298276750583","249.70298276750583","204.600065822214","204.600065822214","204.600065822214"
"360000","274.53165221434085","274.53165221434085","274.53165221434085","259.6425897338558","259.6425897338558","259.6425897338558","261.0698334603836","261.0698334603836","261.0698334603836","107.58727775787354","107.58727775787354","107.58727775787354","152.71076169579922","152.71076169579922","152.71076169579922","80.34791979148288","80.34791979148288","80.34791979148288","213.19406861849126","213.19406861849126","213.19406861849126","216.5353861577878","216.5353861577878","216.5353861577878","267.6738115779786","267.6738115779786","267.6738115779786","187.88731855566704","187.88731855566704","187.88731855566704"
"364000","285.7216042440083","285.7216042440083","285.7216042440083","257.8472642540874","257.8472642540874","257.8472642540874","230.33973324155812","230.33973324155812","230.33973324155812","84.03080793539227","84.03080793539227","84.03080793539227","144.68550085852266","144.68550085852266","144.68550085852266","82.44841447079263","82.44841447079263","82.44841447079263","261.18701854330124","261.18701854330124","261.18701854330124","227.93808620211558","227.93808620211558","227.93808620211558","238.68140679435373","238.68140679435373","238.68140679435373","204.4605704884711","204.4605704884711","204.4605704884711"
"368000","307.12129761172946","307.12129761172946","307.12129761172946","204.649219942116","204.649219942116","204.649219942116","211.51688773968303","211.51688773968303","211.51688773968303","145.55028692910085","145.55028692910085","145.55028692910085","157.50652851494593","157.50652851494593","157.50652851494593","121.49440542812613","121.49440542812613","121.49440542812613","266.75146015387895","266.75146015387895","266.75146015387895","163.67740096294955","163.67740096294955","163.67740096294955","265.81189544446727","265.81189544446727","265.81189544446727","229.08654214038543","229.08654214038543","229.08654214038543"
"372000","335.2662029491089","335.2662029491089","335.2662029491089","255.01449408994648","255.01449408994648","255.01449408994648","203.8893040141916","203.8893040141916","203.8893040141916","131.41807035604046","131.41807035604046","131.41807035604046","158.53729654440153","158.53729654440153","158.53729654440153","109.62578353979401","109.62578353979401","109.62578353979401","260.3388601599157","260.3388601599157","260.3388601599157","158.6843769950825","158.6843769950825","158.6843769950825","255.05576237958658","255.05576237958658","255.05576237958658","204.4595344633001","204.4595344633001","204.4595344633001"
"376000","218.04843710564273","218.04843710564273","218.04843710564273","226.4042591911262","226.4042591911262","226.4042591911262","176.15957560687713","176.15957560687713","176.15957560687713","123.41315964487208","123.41315964487208","123.41315964487208","164.2358290728216","164.2358290728216","164.2358290728216","141.5338033350174","141.5338033350174","141.5338033350174","294.3774662298273","294.3774662298273","294.3774662298273","235.96016818040647","235.96016818040647","235.96016818040647","215.09622206836428","215.09622206836428","215.09622206836428","199.36179395044385","199.36179395044385","199.36179395044385"
"380000","275.36416114732367","275.36416114732367","275.36416114732367","246.77745225878152","246.77745225878152","246.77745225878152","159.4424747758648","159.4424747758648","159.4424747758648","120.52477092655072","120.52477092655072","120.52477092655072","155.19626595251498","155.19626595251498","155.19626595251498","135.39258136300163","135.39258136300163","135.39258136300163","270.4795864755018","270.4795864755018","270.4795864755018","246.01049096323626","246.01049096323626","246.01049096323626","216.46514097924145","216.46514097924145","216.46514097924145","172.6475098689636","172.6475098689636","172.6475098689636"
"384000","266.0554166210524","266.0554166210524","266.0554166210524","262.68621671337723","262.68621671337723","262.68621671337723","225.35370333450356","225.35370333450356","225.35370333450356","112.28680393127304","112.28680393127304","112.28680393127304","139.55709366172184","139.55709366172184","139.55709366172184","136.7514653067067","136.7514653067067","136.7514653067067","252.89058531656056","252.89058531656056","252.89058531656056","233.2986880469166","233.2986880469166","233.2986880469166","249.34779619920818","249.34779619920818","249.34779619920818","190.32623837863673","190.32623837863673","190.32623837863673"
"388000","302.8723528273223","302.8723528273223","302.8723528273223","263.4248202269775","263.4248202269775","263.4248202269775","202.64417219274802","202.64417219274802","202.64417219274802","138.33695853231472","138.33695853231472","138.33695853231472","143.10634215524055","143.10634215524055","143.10634215524055","121.8013632619649","121.8013632619649","121.8013632619649","259.73177923584456","259.73177923584456","259.73177923584456","207.41688705823168","207.41688705823168","207.41688705823168","286.37149077516995","286.37149077516995","286.37149077516995","166.4596620552498","166.4596620552498","166.4596620552498"
"392000","279.05722249332047","279.05722249332047","279.05722249332047","267.3277605440045","267.3277605440045","267.3277605440045","183.9991310716175","183.9991310716175","183.9991310716175","113.12917378501686","113.12917378501686","113.12917378501686","136.92328153156348","136.92328153156348","136.92328153156348","131.3816432436742","131.3816432436742","131.3816432436742","281.18043577155487","281.18043577155487","281.18043577155487","244.06348905609997","244.06348905609997","244.06348905609997","214.43688895450222","214.43688895450222","214.43688895450222","164.03361409541492","164.03361409541492","164.03361409541492"
"396000","249.77304393555073","249.77304393555073","249.77304393555073","247.05688301450544","247.05688301450544","247.05688301450544","224.02105889038543","224.02105889038543","224.02105889038543","168.09209838635604","168.09209838635604","168.09209838635604","142.83276178707803","142.83276178707803","142.83276178707803","139.39770091391196","139.39770091391196","139.39770091391196","270.59089897162727","270.59089897162727","270.59089897162727","235.07532419549847","235.07532419549847","235.07532419549847","266.5456997637885","266.5456997637885","266.5456997637885","236.7320976554509","236.7320976554509","236.7320976554509"
"400000","243.6163464607742","243.6163464607742","243.6163464607742","258.0033022031692","258.0033022031692","258.0033022031692","181.48117288984187","181.48117288984187","181.48117288984187","172.7916062576589","172.7916062576589","172.7916062576589","148.91501334431078","148.91501334431078","148.91501334431078","157.67720638749523","157.67720638749523","157.67720638749523","284.40536475960545","284.40536475960545","284.40536475960545","207.66416832724144","207.66416832724144","207.66416832724144","250.87489202053402","250.87489202053402","250.87489202053402","204.47074968544322","204.47074968544322","204.47074968544322"