"Step","DDPG_EQL_PointMaze_Medium_Diverse_GRDense-v3_100 - eval/avg_reward","DDPG_EQL_PointMaze_Medium_Diverse_GRDense-v3_100 - eval/avg_reward__MIN","DDPG_EQL_PointMaze_Medium_Diverse_GRDense-v3_100 - eval/avg_reward__MAX","DDPG_EQL_PointMaze_Medium_Diverse_GRDense-v3_90 - eval/avg_reward","DDPG_EQL_PointMaze_Medium_Diverse_GRDense-v3_90 - eval/avg_reward__MIN","DDPG_EQL_PointMaze_Medium_Diverse_GRDense-v3_90 - eval/avg_reward__MAX","DDPG_EQL_PointMaze_Medium_Diverse_GRDense-v3_80 - eval/avg_reward","DDPG_EQL_PointMaze_Medium_Diverse_GRDense-v3_80 - eval/avg_reward__MIN","DDPG_EQL_PointMaze_Medium_Diverse_GRDense-v3_80 - eval/avg_reward__MAX","DDPG_EQL_PointMaze_Medium_Diverse_GRDense-v3_70 - eval/avg_reward","DDPG_EQL_PointMaze_Medium_Diverse_GRDense-v3_70 - eval/avg_reward__MIN","DDPG_EQL_PointMaze_Medium_Diverse_GRDense-v3_70 - eval/avg_reward__MAX","DDPG_EQL_PointMaze_Medium_Diverse_GRDense-v3_60 - eval/avg_reward","DDPG_EQL_PointMaze_Medium_Diverse_GRDense-v3_60 - eval/avg_reward__MIN","DDPG_EQL_PointMaze_Medium_Diverse_GRDense-v3_60 - eval/avg_reward__MAX","DDPG_EQL_PointMaze_Medium_Diverse_GRDense-v3_50 - eval/avg_reward","DDPG_EQL_PointMaze_Medium_Diverse_GRDense-v3_50 - eval/avg_reward__MIN","DDPG_EQL_PointMaze_Medium_Diverse_GRDense-v3_50 - eval/avg_reward__MAX","DDPG_EQL_PointMaze_Medium_Diverse_GRDense-v3_40 - eval/avg_reward","DDPG_EQL_PointMaze_Medium_Diverse_GRDense-v3_40 - eval/avg_reward__MIN","DDPG_EQL_PointMaze_Medium_Diverse_GRDense-v3_40 - eval/avg_reward__MAX","DDPG_EQL_PointMaze_Medium_Diverse_GRDense-v3_30 - eval/avg_reward","DDPG_EQL_PointMaze_Medium_Diverse_GRDense-v3_30 - eval/avg_reward__MIN","DDPG_EQL_PointMaze_Medium_Diverse_GRDense-v3_30 - eval/avg_reward__MAX","DDPG_EQL_PointMaze_Medium_Diverse_GRDense-v3_20 - eval/avg_reward","DDPG_EQL_PointMaze_Medium_Diverse_GRDense-v3_20 - eval/avg_reward__MIN","DDPG_EQL_PointMaze_Medium_Diverse_GRDense-v3_20 - eval/avg_reward__MAX","DDPG_EQL_PointMaze_Medium_Diverse_GRDense-v3_10 - eval/avg_reward","DDPG_EQL_PointMaze_Medium_Diverse_GRDense-v3_10 - eval/avg_reward__MIN","DDPG_EQL_PointMaze_Medium_Diverse_GRDense-v3_10 - eval/avg_reward__MAX"
"0","28.98665549783625","28.98665549783625","28.98665549783625","14.216058914322252","14.216058914322252","14.216058914322252","29.152748069773754","29.152748069773754","29.152748069773754","13.714771503101346","13.714771503101346","13.714771503101346","19.941519307343583","19.941519307343583","19.941519307343583","21.55086695005724","21.55086695005724","21.55086695005724","4.2935048636318545","4.2935048636318545","4.2935048636318545","9.423412809668829","9.423412809668829","9.423412809668829","8.620035076098642","8.620035076098642","8.620035076098642","36.27183051738649","36.27183051738649","36.27183051738649"
"4000","23.959941757863625","23.959941757863625","23.959941757863625","3.369276867146673","3.369276867146673","3.369276867146673","53.08819626567148","53.08819626567148","53.08819626567148","16.396868476222558","16.396868476222558","16.396868476222558","60.42070746651617","60.42070746651617","60.42070746651617","27.261462987440552","27.261462987440552","27.261462987440552","24.382797327898807","24.382797327898807","24.382797327898807","16.030237981278876","16.030237981278876","16.030237981278876","9.692861188924637","9.692861188924637","9.692861188924637","9.557635261307887","9.557635261307887","9.557635261307887"
"8000","75.69345079988808","75.69345079988808","75.69345079988808","70.31549550220277","70.31549550220277","70.31549550220277","59.76682003328555","59.76682003328555","59.76682003328555","57.0807838247762","57.0807838247762","57.0807838247762","25.916862405351043","25.916862405351043","25.916862405351043","62.75139395302334","62.75139395302334","62.75139395302334","17.962745122587837","17.962745122587837","17.962745122587837","16.11309419777123","16.11309419777123","16.11309419777123","17.2704174720782","17.2704174720782","17.2704174720782","45.50361339331231","45.50361339331231","45.50361339331231"
"12000","70.56255642487585","70.56255642487585","70.56255642487585","50.265814175154205","50.265814175154205","50.265814175154205","73.48003704552016","73.48003704552016","73.48003704552016","68.15489435388858","68.15489435388858","68.15489435388858","32.354968423825255","32.354968423825255","32.354968423825255","40.4376847216661","40.4376847216661","40.4376847216661","17.591306697469253","17.591306697469253","17.591306697469253","16.04704510388126","16.04704510388126","16.04704510388126","18.84440884241878","18.84440884241878","18.84440884241878","40.5002100421331","40.5002100421331","40.5002100421331"
"16000","58.67923136973345","58.67923136973345","58.67923136973345","104.94655584298725","104.94655584298725","104.94655584298725","60.77050857599435","60.77050857599435","60.77050857599435","51.91081192213485","51.91081192213485","51.91081192213485","31.94696472519239","31.94696472519239","31.94696472519239","53.82537836639938","53.82537836639938","53.82537836639938","17.951131947656236","17.951131947656236","17.951131947656236","16.362562796026214","16.362562796026214","16.362562796026214","21.59596192858817","21.59596192858817","21.59596192858817","42.33578615149272","42.33578615149272","42.33578615149272"
"20000","91.89638907672091","91.89638907672091","91.89638907672091","118.62085608337323","118.62085608337323","118.62085608337323","72.67721425238696","72.67721425238696","72.67721425238696","64.92257248528965","64.92257248528965","64.92257248528965","32.75133130474925","32.75133130474925","32.75133130474925","40.96808713939508","40.96808713939508","40.96808713939508","21.03353407062415","21.03353407062415","21.03353407062415","45.27531182773468","45.27531182773468","45.27531182773468","26.687884501593402","26.687884501593402","26.687884501593402","83.45547825317625","83.45547825317625","83.45547825317625"
"24000","19.01712975962684","19.01712975962684","19.01712975962684","135.14928418519656","135.14928418519656","135.14928418519656","78.55722011679646","78.55722011679646","78.55722011679646","33.735394882261545","33.735394882261545","33.735394882261545","78.48959332583021","78.48959332583021","78.48959332583021","61.26479041464294","61.26479041464294","61.26479041464294","20.351569507247582","20.351569507247582","20.351569507247582","89.33079079123581","89.33079079123581","89.33079079123581","39.37657360380308","39.37657360380308","39.37657360380308","88.74020351192247","88.74020351192247","88.74020351192247"
"28000","20.260528540261","20.260528540261","20.260528540261","91.85411308816876","91.85411308816876","91.85411308816876","74.25818079322129","74.25818079322129","74.25818079322129","43.42277343901763","43.42277343901763","43.42277343901763","18.86639825501183","18.86639825501183","18.86639825501183","52.850918265805646","52.850918265805646","52.850918265805646","20.34457990585649","20.34457990585649","20.34457990585649","94.56110904666227","94.56110904666227","94.56110904666227","54.43239786637406","54.43239786637406","54.43239786637406","71.9387586820473","71.9387586820473","71.9387586820473"
"32000","19.668046841732313","19.668046841732313","19.668046841732313","66.77183279315277","66.77183279315277","66.77183279315277","70.35921864468568","70.35921864468568","70.35921864468568","45.126265086399066","45.126265086399066","45.126265086399066","49.5446045250386","49.5446045250386","49.5446045250386","40.58746280620254","40.58746280620254","40.58746280620254","33.36216537542354","33.36216537542354","33.36216537542354","91.82340533582718","91.82340533582718","91.82340533582718","53.60888124604357","53.60888124604357","53.60888124604357","56.97842287951622","56.97842287951622","56.97842287951622"
"36000","20.86633060135425","20.86633060135425","20.86633060135425","141.82501152683494","141.82501152683494","141.82501152683494","83.6553893156118","83.6553893156118","83.6553893156118","8.771774907894606","8.771774907894606","8.771774907894606","91.38165558330132","91.38165558330132","91.38165558330132","61.58073137260352","61.58073137260352","61.58073137260352","65.62598283138031","65.62598283138031","65.62598283138031","114.38186782012545","114.38186782012545","114.38186782012545","102.8071296542065","102.8071296542065","102.8071296542065","97.10045086312226","97.10045086312226","97.10045086312226"
"40000","21.738627588966533","21.738627588966533","21.738627588966533","152.8626382941125","152.8626382941125","152.8626382941125","87.16336615598536","87.16336615598536","87.16336615598536","80.54537597183318","80.54537597183318","80.54537597183318","77.96597638767597","77.96597638767597","77.96597638767597","78.01336105048301","78.01336105048301","78.01336105048301","66.34804620818596","66.34804620818596","66.34804620818596","134.6081598794041","134.6081598794041","134.6081598794041","53.81012281537888","53.81012281537888","53.81012281537888","51.1983630708845","51.1983630708845","51.1983630708845"
"44000","95.66362279518518","95.66362279518518","95.66362279518518","138.3021280333833","138.3021280333833","138.3021280333833","86.17776544518208","86.17776544518208","86.17776544518208","96.24958794635288","96.24958794635288","96.24958794635288","102.74531199013079","102.74531199013079","102.74531199013079","62.00024232191252","62.00024232191252","62.00024232191252","51.97133721269338","51.97133721269338","51.97133721269338","117.32064715226927","117.32064715226927","117.32064715226927","66.1068405264994","66.1068405264994","66.1068405264994","80.59825382042816","80.59825382042816","80.59825382042816"
"48000","64.61297382460113","64.61297382460113","64.61297382460113","152.57709731136688","152.57709731136688","152.57709731136688","88.2617240399157","88.2617240399157","88.2617240399157","129.7927017029237","129.7927017029237","129.7927017029237","139.1696779392801","139.1696779392801","139.1696779392801","42.073632148608255","42.073632148608255","42.073632148608255","27.650428387959067","27.650428387959067","27.650428387959067","133.18133625769727","133.18133625769727","133.18133625769727","59.02681826499086","59.02681826499086","59.02681826499086","80.04375283333268","80.04375283333268","80.04375283333268"
"52000","71.54769129243934","71.54769129243934","71.54769129243934","173.4260481420489","173.4260481420489","173.4260481420489","95.58913643851247","95.58913643851247","95.58913643851247","124.03755998262507","124.03755998262507","124.03755998262507","138.05332375734125","138.05332375734125","138.05332375734125","51.84901813136334","51.84901813136334","51.84901813136334","27.91050503934523","27.91050503934523","27.91050503934523","142.5950967478047","142.5950967478047","142.5950967478047","44.138730692004295","44.138730692004295","44.138730692004295","85.94757421584033","85.94757421584033","85.94757421584033"
"56000","183.98799426063326","183.98799426063326","183.98799426063326","189.34401259608626","189.34401259608626","189.34401259608626","148.09347211658877","148.09347211658877","148.09347211658877","124.90119698908907","124.90119698908907","124.90119698908907","134.44798988557184","134.44798988557184","134.44798988557184","51.706920553739714","51.706920553739714","51.706920553739714","110.3625033306624","110.3625033306624","110.3625033306624","141.05740536129082","141.05740536129082","141.05740536129082","88.29958938020033","88.29958938020033","88.29958938020033","111.71153997743473","111.71153997743473","111.71153997743473"
"60000","259.9188685498643","259.9188685498643","259.9188685498643","131.55282761181928","131.55282761181928","131.55282761181928","133.76268189235208","133.76268189235208","133.76268189235208","150.69058008840642","150.69058008840642","150.69058008840642","126.30852569030938","126.30852569030938","126.30852569030938","82.25027964243318","82.25027964243318","82.25027964243318","86.54810546178552","86.54810546178552","86.54810546178552","99.59699004648976","99.59699004648976","99.59699004648976","94.31088764960158","94.31088764960158","94.31088764960158","140.74026562719524","140.74026562719524","140.74026562719524"
"64000","210.4673056251823","210.4673056251823","210.4673056251823","165.34943764672428","165.34943764672428","165.34943764672428","131.94642000529058","131.94642000529058","131.94642000529058","152.08515956809268","152.08515956809268","152.08515956809268","166.40245402724545","166.40245402724545","166.40245402724545","107.09171404673612","107.09171404673612","107.09171404673612","92.13831070698858","92.13831070698858","92.13831070698858","156.61381840599998","156.61381840599998","156.61381840599998","81.59947649358949","81.59947649358949","81.59947649358949","138.70961797674593","138.70961797674593","138.70961797674593"
"68000","189.4203904657607","189.4203904657607","189.4203904657607","208.49031711905496","208.49031711905496","208.49031711905496","128.65645922179706","128.65645922179706","128.65645922179706","134.67620827428658","134.67620827428658","134.67620827428658","117.217820226965","117.217820226965","117.217820226965","133.17700450025103","133.17700450025103","133.17700450025103","92.25363014786636","92.25363014786636","92.25363014786636","151.264949129061","151.264949129061","151.264949129061","95.06449282192114","95.06449282192114","95.06449282192114","133.1384621978988","133.1384621978988","133.1384621978988"
"72000","212.21784823029458","212.21784823029458","212.21784823029458","237.698495098194","237.698495098194","237.698495098194","138.26975197974812","138.26975197974812","138.26975197974812","176.24177926607288","176.24177926607288","176.24177926607288","175.40380987638608","175.40380987638608","175.40380987638608","79.16901623790291","79.16901623790291","79.16901623790291","107.50478940264675","107.50478940264675","107.50478940264675","169.00038349612086","169.00038349612086","169.00038349612086","134.05219375496839","134.05219375496839","134.05219375496839","126.63004610756495","126.63004610756495","126.63004610756495"
"76000","226.6516447667314","226.6516447667314","226.6516447667314","229.74610855868997","229.74610855868997","229.74610855868997","146.21126648117112","146.21126648117112","146.21126648117112","206.71051822630528","206.71051822630528","206.71051822630528","178.13301269666186","178.13301269666186","178.13301269666186","86.73627110592453","86.73627110592453","86.73627110592453","114.62772221815597","114.62772221815597","114.62772221815597","181.8540599672313","181.8540599672313","181.8540599672313","111.87621239168496","111.87621239168496","111.87621239168496","180.6664137372655","180.6664137372655","180.6664137372655"
"80000","241.47824001165128","241.47824001165128","241.47824001165128","234.4118698573327","234.4118698573327","234.4118698573327","143.7882829231823","143.7882829231823","143.7882829231823","186.3815919790092","186.3815919790092","186.3815919790092","152.78616659556866","152.78616659556866","152.78616659556866","133.91172037757104","133.91172037757104","133.91172037757104","117.52957442113488","117.52957442113488","117.52957442113488","111.32767655959569","111.32767655959569","111.32767655959569","136.79118431993533","136.79118431993533","136.79118431993533","170.97855352246893","170.97855352246893","170.97855352246893"
"84000","245.26352613839276","245.26352613839276","245.26352613839276","247.50349857083444","247.50349857083444","247.50349857083444","142.27716915622855","142.27716915622855","142.27716915622855","200.64357934619215","200.64357934619215","200.64357934619215","127.15562535523085","127.15562535523085","127.15562535523085","109.43868212395503","109.43868212395503","109.43868212395503","38.689413739395775","38.689413739395775","38.689413739395775","82.2958071330627","82.2958071330627","82.2958071330627","115.86155878399695","115.86155878399695","115.86155878399695","118.50450475644573","118.50450475644573","118.50450475644573"
"88000","292.84203038331077","292.84203038331077","292.84203038331077","276.00110795701664","276.00110795701664","276.00110795701664","155.67449466224588","155.67449466224588","155.67449466224588","195.9663791141578","195.9663791141578","195.9663791141578","69.6614624412949","69.6614624412949","69.6614624412949","149.51716498115042","149.51716498115042","149.51716498115042","68.462255253239","68.462255253239","68.462255253239","170.672261549251","170.672261549251","170.672261549251","114.59718133763393","114.59718133763393","114.59718133763393","137.40980563395033","137.40980563395033","137.40980563395033"
"92000","270.54788383967235","270.54788383967235","270.54788383967235","245.88375746812827","245.88375746812827","245.88375746812827","160.70845657011358","160.70845657011358","160.70845657011358","229.12364591841614","229.12364591841614","229.12364591841614","129.89294053875494","129.89294053875494","129.89294053875494","117.76193307284821","117.76193307284821","117.76193307284821","8.608980788325162","8.608980788325162","8.608980788325162","176.91810919963615","176.91810919963615","176.91810919963615","112.73747795234176","112.73747795234176","112.73747795234176","128.16285625392004","128.16285625392004","128.16285625392004"
"96000","281.38348265722226","281.38348265722226","281.38348265722226","250.05805753567637","250.05805753567637","250.05805753567637","139.62343890260024","139.62343890260024","139.62343890260024","152.55819251622913","152.55819251622913","152.55819251622913","127.6489960147899","127.6489960147899","127.6489960147899","128.5953702280964","128.5953702280964","128.5953702280964","79.41623563880974","79.41623563880974","79.41623563880974","166.67503950974304","166.67503950974304","166.67503950974304","161.85495312640663","161.85495312640663","161.85495312640663","173.1913362687259","173.1913362687259","173.1913362687259"
"100000","206.01411182370757","206.01411182370757","206.01411182370757","246.34419052479757","246.34419052479757","246.34419052479757","125.83443113018095","125.83443113018095","125.83443113018095","149.84922170439756","149.84922170439756","149.84922170439756","189.49125918480115","189.49125918480115","189.49125918480115","162.769544383647","162.769544383647","162.769544383647","17.096826063275024","17.096826063275024","17.096826063275024","217.9686973796325","217.9686973796325","217.9686973796325","143.03336333394518","143.03336333394518","143.03336333394518","162.2238510821539","162.2238510821539","162.2238510821539"
"104000","230.49373998321016","230.49373998321016","230.49373998321016","244.6755140110052","244.6755140110052","244.6755140110052","145.52321892536932","145.52321892536932","145.52321892536932","150.77995025457543","150.77995025457543","150.77995025457543","159.57245774693882","159.57245774693882","159.57245774693882","253.16834519793048","253.16834519793048","253.16834519793048","21.168936206487178","21.168936206487178","21.168936206487178","241.1243236076511","241.1243236076511","241.1243236076511","164.95761619869305","164.95761619869305","164.95761619869305","202.7120028803525","202.7120028803525","202.7120028803525"
"108000","217.8399329941416","217.8399329941416","217.8399329941416","283.2386884240251","283.2386884240251","283.2386884240251","137.74722763076596","137.74722763076596","137.74722763076596","188.12954533182426","188.12954533182426","188.12954533182426","183.13465800328362","183.13465800328362","183.13465800328362","240.79983337242047","240.79983337242047","240.79983337242047","19.60548546753916","19.60548546753916","19.60548546753916","233.90229207137668","233.90229207137668","233.90229207137668","134.9447493823476","134.9447493823476","134.9447493823476","210.13428728965582","210.13428728965582","210.13428728965582"
"112000","267.882411281165","267.882411281165","267.882411281165","294.5333878761944","294.5333878761944","294.5333878761944","152.3390064522986","152.3390064522986","152.3390064522986","201.46111649122295","201.46111649122295","201.46111649122295","151.74480760107681","151.74480760107681","151.74480760107681","240.9381975364398","240.9381975364398","240.9381975364398","118.95260894706989","118.95260894706989","118.95260894706989","232.39232623988354","232.39232623988354","232.39232623988354","130.75914038557255","130.75914038557255","130.75914038557255","239.57832736207473","239.57832736207473","239.57832736207473"
"116000","263.7510781229804","263.7510781229804","263.7510781229804","289.46079772252017","289.46079772252017","289.46079772252017","155.85630918417738","155.85630918417738","155.85630918417738","207.75267605474352","207.75267605474352","207.75267605474352","168.47397539802688","168.47397539802688","168.47397539802688","261.9479093665168","261.9479093665168","261.9479093665168","203.3332347246523","203.3332347246523","203.3332347246523","259.22172030979857","259.22172030979857","259.22172030979857","107.11711751833187","107.11711751833187","107.11711751833187","233.66620173256297","233.66620173256297","233.66620173256297"
"120000","221.84095540610565","221.84095540610565","221.84095540610565","241.18296591264357","241.18296591264357","241.18296591264357","187.47168192712147","187.47168192712147","187.47168192712147","212.98499759225268","212.98499759225268","212.98499759225268","122.06355267132986","122.06355267132986","122.06355267132986","255.19252467992618","255.19252467992618","255.19252467992618","91.82991266149106","91.82991266149106","91.82991266149106","254.74247755040625","254.74247755040625","254.74247755040625","130.86811304383025","130.86811304383025","130.86811304383025","217.11038814808245","217.11038814808245","217.11038814808245"
"124000","313.5026634706967","313.5026634706967","313.5026634706967","292.2208354499486","292.2208354499486","292.2208354499486","188.05059252929863","188.05059252929863","188.05059252929863","181.84178524126654","181.84178524126654","181.84178524126654","121.551880352229","121.551880352229","121.551880352229","252.4551165977272","252.4551165977272","252.4551165977272","157.2044603119654","157.2044603119654","157.2044603119654","274.2291767929936","274.2291767929936","274.2291767929936","121.31643305401795","121.31643305401795","121.31643305401795","213.14560593951737","213.14560593951737","213.14560593951737"
"128000","309.0008139314241","309.0008139314241","309.0008139314241","291.6597773467039","291.6597773467039","291.6597773467039","199.53528452322197","199.53528452322197","199.53528452322197","219.6091359302139","219.6091359302139","219.6091359302139","179.33709641880773","179.33709641880773","179.33709641880773","247.13906314504933","247.13906314504933","247.13906314504933","119.6553525345611","119.6553525345611","119.6553525345611","275.13585030835895","275.13585030835895","275.13585030835895","138.35648724535292","138.35648724535292","138.35648724535292","219.07140806794195","219.07140806794195","219.07140806794195"
"132000","251.11617657251546","251.11617657251546","251.11617657251546","291.0745890911635","291.0745890911635","291.0745890911635","193.77197282027583","193.77197282027583","193.77197282027583","221.3431245172434","221.3431245172434","221.3431245172434","136.76569686058843","136.76569686058843","136.76569686058843","277.6586011657038","277.6586011657038","277.6586011657038","115.86294980192906","115.86294980192906","115.86294980192906","249.01992263232515","249.01992263232515","249.01992263232515","103.23180236929531","103.23180236929531","103.23180236929531","203.1802034585732","203.1802034585732","203.1802034585732"
"136000","281.99218095701883","281.99218095701883","281.99218095701883","238.75134946134796","238.75134946134796","238.75134946134796","148.03043603332867","148.03043603332867","148.03043603332867","229.92536536115327","229.92536536115327","229.92536536115327","112.2349250673586","112.2349250673586","112.2349250673586","262.6659289260526","262.6659289260526","262.6659289260526","122.1493793352065","122.1493793352065","122.1493793352065","251.12405548578505","251.12405548578505","251.12405548578505","111.39788140037149","111.39788140037149","111.39788140037149","156.41733963094288","156.41733963094288","156.41733963094288"
"140000","288.3697480484715","288.3697480484715","288.3697480484715","79.27137722972115","79.27137722972115","79.27137722972115","152.3940591640689","152.3940591640689","152.3940591640689","251.73733691112716","251.73733691112716","251.73733691112716","191.35545944792062","191.35545944792062","191.35545944792062","221.54577841049314","221.54577841049314","221.54577841049314","133.6148081846285","133.6148081846285","133.6148081846285","252.34659776289655","252.34659776289655","252.34659776289655","133.17655488583492","133.17655488583492","133.17655488583492","227.96822937612097","227.96822937612097","227.96822937612097"
"144000","281.1968958672028","281.1968958672028","281.1968958672028","107.04345537696341","107.04345537696341","107.04345537696341","146.9586516090608","146.9586516090608","146.9586516090608","151.67394990976328","151.67394990976328","151.67394990976328","218.38382836792744","218.38382836792744","218.38382836792744","262.84969169971043","262.84969169971043","262.84969169971043","158.7986415529018","158.7986415529018","158.7986415529018","269.4187610662954","269.4187610662954","269.4187610662954","103.65265742721229","103.65265742721229","103.65265742721229","170.03912104999472","170.03912104999472","170.03912104999472"
"148000","296.64683675519433","296.64683675519433","296.64683675519433","52.34424858569611","52.34424858569611","52.34424858569611","158.62997307100827","158.62997307100827","158.62997307100827","163.08277038931703","163.08277038931703","163.08277038931703","241.52015768308107","241.52015768308107","241.52015768308107","260.01318673979625","260.01318673979625","260.01318673979625","150.03412827272655","150.03412827272655","150.03412827272655","273.25451076397223","273.25451076397223","273.25451076397223","146.03374252594926","146.03374252594926","146.03374252594926","177.69955949710092","177.69955949710092","177.69955949710092"
"152000","292.71679901526056","292.71679901526056","292.71679901526056","54.84979167280329","54.84979167280329","54.84979167280329","203.29568452664162","203.29568452664162","203.29568452664162","198.6219764032344","198.6219764032344","198.6219764032344","231.16082195714935","231.16082195714935","231.16082195714935","260.1525811964292","260.1525811964292","260.1525811964292","151.4676444434603","151.4676444434603","151.4676444434603","280.6773849066743","280.6773849066743","280.6773849066743","76.39862671612744","76.39862671612744","76.39862671612744","190.81413464795423","190.81413464795423","190.81413464795423"
"156000","265.79876189456917","265.79876189456917","265.79876189456917","124.25955223671512","124.25955223671512","124.25955223671512","199.2393946981271","199.2393946981271","199.2393946981271","149.17113538798975","149.17113538798975","149.17113538798975","228.9147275733679","228.9147275733679","228.9147275733679","247.36029053174207","247.36029053174207","247.36029053174207","224.59981907636862","224.59981907636862","224.59981907636862","218.1251049561036","218.1251049561036","218.1251049561036","93.11572574634185","93.11572574634185","93.11572574634185","186.78612354789828","186.78612354789828","186.78612354789828"
"160000","283.00513852156416","283.00513852156416","283.00513852156416","222.51895650328964","222.51895650328964","222.51895650328964","207.41028900627353","207.41028900627353","207.41028900627353","212.6746738282064","212.6746738282064","212.6746738282064","185.41651368415776","185.41651368415776","185.41651368415776","293.9595386121115","293.9595386121115","293.9595386121115","253.37730295639727","253.37730295639727","253.37730295639727","190.5303992994976","190.5303992994976","190.5303992994976","130.92919448067437","130.92919448067437","130.92919448067437","173.7102509954642","173.7102509954642","173.7102509954642"
"164000","263.9959765738415","263.9959765738415","263.9959765738415","210.41337052629424","210.41337052629424","210.41337052629424","197.045637587599","197.045637587599","197.045637587599","257.6756258788953","257.6756258788953","257.6756258788953","194.333957539861","194.333957539861","194.333957539861","282.13473811621293","282.13473811621293","282.13473811621293","142.58878368344153","142.58878368344153","142.58878368344153","140.44593030156503","140.44593030156503","140.44593030156503","109.92930646601735","109.92930646601735","109.92930646601735","180.67693855945416","180.67693855945416","180.67693855945416"
"168000","249.8364798700221","249.8364798700221","249.8364798700221","248.70486774642063","248.70486774642063","248.70486774642063","188.23015783670976","188.23015783670976","188.23015783670976","253.42185153757242","253.42185153757242","253.42185153757242","205.52505738350038","205.52505738350038","205.52505738350038","284.7138083437423","284.7138083437423","284.7138083437423","207.07673812679982","207.07673812679982","207.07673812679982","57.4218528395074","57.4218528395074","57.4218528395074","127.83536771990514","127.83536771990514","127.83536771990514","212.75257257223205","212.75257257223205","212.75257257223205"
"172000","230.97836536976374","230.97836536976374","230.97836536976374","211.35957855909913","211.35957855909913","211.35957855909913","137.52887558104746","137.52887558104746","137.52887558104746","283.47247490702824","283.47247490702824","283.47247490702824","229.8685332613274","229.8685332613274","229.8685332613274","280.6420612827293","280.6420612827293","280.6420612827293","140.47112166921303","140.47112166921303","140.47112166921303","15.89361306919422","15.89361306919422","15.89361306919422","122.343165020709","122.343165020709","122.343165020709","226.42469902000008","226.42469902000008","226.42469902000008"
"176000","204.2222610289469","204.2222610289469","204.2222610289469","199.17486026891896","199.17486026891896","199.17486026891896","141.6733223146419","141.6733223146419","141.6733223146419","277.01680123629654","277.01680123629654","277.01680123629654","194.2835581080948","194.2835581080948","194.2835581080948","301.2289587809478","301.2289587809478","301.2289587809478","152.79162526384098","152.79162526384098","152.79162526384098","36.92954177479788","36.92954177479788","36.92954177479788","187.58414804182513","187.58414804182513","187.58414804182513","225.59514746414771","225.59514746414771","225.59514746414771"
"180000","249.03749011075803","249.03749011075803","249.03749011075803","183.26271855817967","183.26271855817967","183.26271855817967","143.79223630414626","143.79223630414626","143.79223630414626","306.4797609901115","306.4797609901115","306.4797609901115","191.45210981827512","191.45210981827512","191.45210981827512","261.18370588779123","261.18370588779123","261.18370588779123","152.1412010574633","152.1412010574633","152.1412010574633","42.09372106427564","42.09372106427564","42.09372106427564","106.38407378135196","106.38407378135196","106.38407378135196","178.59943349255232","178.59943349255232","178.59943349255232"
"184000","311.1187006904121","311.1187006904121","311.1187006904121","160.47120317349507","160.47120317349507","160.47120317349507","197.79408808956723","197.79408808956723","197.79408808956723","263.94945943682603","263.94945943682603","263.94945943682603","226.33134898643934","226.33134898643934","226.33134898643934","293.70248033494823","293.70248033494823","293.70248033494823","158.15150983561435","158.15150983561435","158.15150983561435","49.74081952753546","49.74081952753546","49.74081952753546","102.76543380447906","102.76543380447906","102.76543380447906","182.50186682297112","182.50186682297112","182.50186682297112"
"188000","268.3156710254181","268.3156710254181","268.3156710254181","50.105798034885325","50.105798034885325","50.105798034885325","183.90364865883504","183.90364865883504","183.90364865883504","286.91161056797375","286.91161056797375","286.91161056797375","244.14361236705204","244.14361236705204","244.14361236705204","301.53183466547796","301.53183466547796","301.53183466547796","158.0873975382058","158.0873975382058","158.0873975382058","195.65715275475873","195.65715275475873","195.65715275475873","88.73519022624171","88.73519022624171","88.73519022624171","190.066331346481","190.066331346481","190.066331346481"
"192000","256.9843624155094","256.9843624155094","256.9843624155094","47.14235225946686","47.14235225946686","47.14235225946686","188.4574728008758","188.4574728008758","188.4574728008758","265.7207504192232","265.7207504192232","265.7207504192232","235.34673850785506","235.34673850785506","235.34673850785506","288.4277002693542","288.4277002693542","288.4277002693542","169.13015637692507","169.13015637692507","169.13015637692507","193.8525991575713","193.8525991575713","193.8525991575713","102.46842914698308","102.46842914698308","102.46842914698308","178.00622899238348","178.00622899238348","178.00622899238348"
"196000","309.5740483154441","309.5740483154441","309.5740483154441","48.412022997975825","48.412022997975825","48.412022997975825","188.15788864010688","188.15788864010688","188.15788864010688","275.24403779776463","275.24403779776463","275.24403779776463","208.2666137492819","208.2666137492819","208.2666137492819","268.4889177175569","268.4889177175569","268.4889177175569","171.06940697223223","171.06940697223223","171.06940697223223","206.34777713595344","206.34777713595344","206.34777713595344","78.25599216447323","78.25599216447323","78.25599216447323","228.97970448103428","228.97970448103428","228.97970448103428"
"200000","311.65685741808863","311.65685741808863","311.65685741808863","43.995137326440414","43.995137326440414","43.995137326440414","212.15281088214732","212.15281088214732","212.15281088214732","248.26881043785815","248.26881043785815","248.26881043785815","230.34141149100637","230.34141149100637","230.34141149100637","275.76933353273864","275.76933353273864","275.76933353273864","169.28763821889916","169.28763821889916","169.28763821889916","154.59392514397786","154.59392514397786","154.59392514397786","89.81254054777051","89.81254054777051","89.81254054777051","223.14851061058098","223.14851061058098","223.14851061058098"
"204000","308.786286523469","308.786286523469","308.786286523469","232.92604137995835","232.92604137995835","232.92604137995835","211.25119613767583","211.25119613767583","211.25119613767583","272.25815428692266","272.25815428692266","272.25815428692266","234.00279326169112","234.00279326169112","234.00279326169112","292.80876869536314","292.80876869536314","292.80876869536314","149.90328923963622","149.90328923963622","149.90328923963622","203.52758924259783","203.52758924259783","203.52758924259783","163.6201883860444","163.6201883860444","163.6201883860444","214.6830423509429","214.6830423509429","214.6830423509429"
"208000","323.61618677836987","323.61618677836987","323.61618677836987","217.14129384524273","217.14129384524273","217.14129384524273","189.7894739196506","189.7894739196506","189.7894739196506","306.79007224319554","306.79007224319554","306.79007224319554","202.2554275034265","202.2554275034265","202.2554275034265","271.5473780394819","271.5473780394819","271.5473780394819","191.13772228062282","191.13772228062282","191.13772228062282","161.6545547258974","161.6545547258974","161.6545547258974","182.86719773783256","182.86719773783256","182.86719773783256","232.2725888177394","232.2725888177394","232.2725888177394"
"212000","321.6314607129169","321.6314607129169","321.6314607129169","224.02594230728437","224.02594230728437","224.02594230728437","188.83759488919037","188.83759488919037","188.83759488919037","300.0167790927033","300.0167790927033","300.0167790927033","220.2797616549783","220.2797616549783","220.2797616549783","285.1354465916264","285.1354465916264","285.1354465916264","158.3431014461402","158.3431014461402","158.3431014461402","213.15160523644053","213.15160523644053","213.15160523644053","82.18959137813539","82.18959137813539","82.18959137813539","213.70586082103517","213.70586082103517","213.70586082103517"
"216000","303.94605337872974","303.94605337872974","303.94605337872974","228.57666882562748","228.57666882562748","228.57666882562748","191.36507441160987","191.36507441160987","191.36507441160987","306.62327047094584","306.62327047094584","306.62327047094584","237.07603744693446","237.07603744693446","237.07603744693446","296.6273601992077","296.6273601992077","296.6273601992077","147.95095213718503","147.95095213718503","147.95095213718503","220.57193204913102","220.57193204913102","220.57193204913102","89.67851400782078","89.67851400782078","89.67851400782078","191.04598581575829","191.04598581575829","191.04598581575829"
"220000","286.88811340600574","286.88811340600574","286.88811340600574","225.76113130189384","225.76113130189384","225.76113130189384","186.01371587435915","186.01371587435915","186.01371587435915","284.5648923909459","284.5648923909459","284.5648923909459","225.8189444800831","225.8189444800831","225.8189444800831","306.49030656710585","306.49030656710585","306.49030656710585","169.29716774103392","169.29716774103392","169.29716774103392","225.64818981780826","225.64818981780826","225.64818981780826","141.9798091270683","141.9798091270683","141.9798091270683","170.99603583007655","170.99603583007655","170.99603583007655"
"224000","268.1195777685215","268.1195777685215","268.1195777685215","164.03839928496316","164.03839928496316","164.03839928496316","187.30642548967143","187.30642548967143","187.30642548967143","270.7497973609805","270.7497973609805","270.7497973609805","262.82488612615134","262.82488612615134","262.82488612615134","310.44015864131563","310.44015864131563","310.44015864131563","170.46750882961405","170.46750882961405","170.46750882961405","242.85168093181838","242.85168093181838","242.85168093181838","108.97421270163359","108.97421270163359","108.97421270163359","201.83794250868507","201.83794250868507","201.83794250868507"
"228000","259.78649651770957","259.78649651770957","259.78649651770957","289.80699996114134","289.80699996114134","289.80699996114134","179.52541209134685","179.52541209134685","179.52541209134685","261.1024918817755","261.1024918817755","261.1024918817755","261.3827105967231","261.3827105967231","261.3827105967231","297.6658978891654","297.6658978891654","297.6658978891654","170.81838245741108","170.81838245741108","170.81838245741108","259.639420449894","259.639420449894","259.639420449894","113.00087676457046","113.00087676457046","113.00087676457046","195.61401312090973","195.61401312090973","195.61401312090973"
"232000","275.8496623300492","275.8496623300492","275.8496623300492","251.80219434009382","251.80219434009382","251.80219434009382","188.75928814675913","188.75928814675913","188.75928814675913","288.2763764875261","288.2763764875261","288.2763764875261","253.63572097681862","253.63572097681862","253.63572097681862","235.8230209491966","235.8230209491966","235.8230209491966","186.71007601745623","186.71007601745623","186.71007601745623","258.8573926339239","258.8573926339239","258.8573926339239","87.19043964895985","87.19043964895985","87.19043964895985","222.6167628743045","222.6167628743045","222.6167628743045"
"236000","288.0916637859294","288.0916637859294","288.0916637859294","252.93703957362246","252.93703957362246","252.93703957362246","211.35732494336116","211.35732494336116","211.35732494336116","287.70633659481416","287.70633659481416","287.70633659481416","234.13025958455768","234.13025958455768","234.13025958455768","223.6639735517759","223.6639735517759","223.6639735517759","157.2038921989137","157.2038921989137","157.2038921989137","197.12655852025932","197.12655852025932","197.12655852025932","88.87932719741916","88.87932719741916","88.87932719741916","197.06325476777425","197.06325476777425","197.06325476777425"
"240000","256.4542204022818","256.4542204022818","256.4542204022818","223.0552581338411","223.0552581338411","223.0552581338411","193.39056673568749","193.39056673568749","193.39056673568749","281.621008396356","281.621008396356","281.621008396356","246.3391129352267","246.3391129352267","246.3391129352267","299.4666761182706","299.4666761182706","299.4666761182706","167.98727745753663","167.98727745753663","167.98727745753663","269.7707615032076","269.7707615032076","269.7707615032076","116.33607798220024","116.33607798220024","116.33607798220024","213.114167138834","213.114167138834","213.114167138834"
"244000","295.90639225731735","295.90639225731735","295.90639225731735","247.84942322903606","247.84942322903606","247.84942322903606","207.44218598824756","207.44218598824756","207.44218598824756","258.8307542003628","258.8307542003628","258.8307542003628","249.29077866959","249.29077866959","249.29077866959","297.1616548830843","297.1616548830843","297.1616548830843","167.80645671389584","167.80645671389584","167.80645671389584","256.50115396163966","256.50115396163966","256.50115396163966","103.09813979091102","103.09813979091102","103.09813979091102","215.26011701317702","215.26011701317702","215.26011701317702"
"248000","304.471770763428","304.471770763428","304.471770763428","240.5305158030068","240.5305158030068","240.5305158030068","169.82026434579058","169.82026434579058","169.82026434579058","198.68584438030538","198.68584438030538","198.68584438030538","231.43680561912765","231.43680561912765","231.43680561912765","255.35450255862753","255.35450255862753","255.35450255862753","150.88227655877483","150.88227655877483","150.88227655877483","269.6625425950374","269.6625425950374","269.6625425950374","112.14117814680785","112.14117814680785","112.14117814680785","183.7896013838948","183.7896013838948","183.7896013838948"
"252000","315.17172803070935","315.17172803070935","315.17172803070935","277.533544648367","277.533544648367","277.533544648367","222.06248368641883","222.06248368641883","222.06248368641883","272.0329088598377","272.0329088598377","272.0329088598377","197.44329098122853","197.44329098122853","197.44329098122853","274.12587910380904","274.12587910380904","274.12587910380904","143.49444153405625","143.49444153405625","143.49444153405625","277.80817188980654","277.80817188980654","277.80817188980654","110.04660905512876","110.04660905512876","110.04660905512876","175.02360449653435","175.02360449653435","175.02360449653435"
"256000","291.1852851419678","291.1852851419678","291.1852851419678","294.61887412286154","294.61887412286154","294.61887412286154","153.92322078301362","153.92322078301362","153.92322078301362","234.34253152686875","234.34253152686875","234.34253152686875","213.79567277145824","213.79567277145824","213.79567277145824","305.8412231193741","305.8412231193741","305.8412231193741","155.88132907297637","155.88132907297637","155.88132907297637","247.43024662697752","247.43024662697752","247.43024662697752","109.40534060322727","109.40534060322727","109.40534060322727","187.06395022650173","187.06395022650173","187.06395022650173"
"260000","284.2964882224951","284.2964882224951","284.2964882224951","247.6276065705199","247.6276065705199","247.6276065705199","161.47768910006639","161.47768910006639","161.47768910006639","188.29032538907313","188.29032538907313","188.29032538907313","199.04481081859097","199.04481081859097","199.04481081859097","306.510261826353","306.510261826353","306.510261826353","162.4290970895026","162.4290970895026","162.4290970895026","267.29637553975107","267.29637553975107","267.29637553975107","104.09032553128152","104.09032553128152","104.09032553128152","230.0792437302796","230.0792437302796","230.0792437302796"
"264000","314.16794889532497","314.16794889532497","314.16794889532497","304.6295219927196","304.6295219927196","304.6295219927196","165.7847176097592","165.7847176097592","165.7847176097592","167.78111421172522","167.78111421172522","167.78111421172522","199.24522675232564","199.24522675232564","199.24522675232564","243.83259899047212","243.83259899047212","243.83259899047212","139.57352398542747","139.57352398542747","139.57352398542747","266.07749315471483","266.07749315471483","266.07749315471483","99.70979468934922","99.70979468934922","99.70979468934922","214.9993862369794","214.9993862369794","214.9993862369794"
"268000","320.8405300194417","320.8405300194417","320.8405300194417","313.4345927599404","313.4345927599404","313.4345927599404","209.5209468846102","209.5209468846102","209.5209468846102","256.9353447701966","256.9353447701966","256.9353447701966","212.54135148699143","212.54135148699143","212.54135148699143","235.93817514883122","235.93817514883122","235.93817514883122","145.2040776065036","145.2040776065036","145.2040776065036","279.67640147063105","279.67640147063105","279.67640147063105","101.29519847612416","101.29519847612416","101.29519847612416","217.44732387663902","217.44732387663902","217.44732387663902"
"272000","296.479799904234","296.479799904234","296.479799904234","311.98125632004735","311.98125632004735","311.98125632004735","212.29919541724013","212.29919541724013","212.29919541724013","284.7976340302096","284.7976340302096","284.7976340302096","210.26996607481357","210.26996607481357","210.26996607481357","249.4967367640683","249.4967367640683","249.4967367640683","200.00564295008385","200.00564295008385","200.00564295008385","281.53383480764904","281.53383480764904","281.53383480764904","151.42012163849296","151.42012163849296","151.42012163849296","195.80121430490075","195.80121430490075","195.80121430490075"
"276000","270.4212960776289","270.4212960776289","270.4212960776289","309.9076799027189","309.9076799027189","309.9076799027189","194.43944538431398","194.43944538431398","194.43944538431398","293.4464235316906","293.4464235316906","293.4464235316906","189.68742256155105","189.68742256155105","189.68742256155105","261.07411297103357","261.07411297103357","261.07411297103357","179.8827900476004","179.8827900476004","179.8827900476004","290.33764175568115","290.33764175568115","290.33764175568115","232.3873262134065","232.3873262134065","232.3873262134065","220.00740354739256","220.00740354739256","220.00740354739256"
"280000","276.9018601101747","276.9018601101747","276.9018601101747","287.99813088749795","287.99813088749795","287.99813088749795","205.51039078249158","205.51039078249158","205.51039078249158","258.769135186622","258.769135186622","258.769135186622","207.70695661079634","207.70695661079634","207.70695661079634","245.5244599017267","245.5244599017267","245.5244599017267","163.13982450362323","163.13982450362323","163.13982450362323","287.03706850624275","287.03706850624275","287.03706850624275","114.61721709891876","114.61721709891876","114.61721709891876","224.6833180968643","224.6833180968643","224.6833180968643"
"284000","279.6880915545697","279.6880915545697","279.6880915545697","226.9851396062101","226.9851396062101","226.9851396062101","188.35401219760217","188.35401219760217","188.35401219760217","189.43439089523923","189.43439089523923","189.43439089523923","214.0437906824115","214.0437906824115","214.0437906824115","276.0553211819764","276.0553211819764","276.0553211819764","174.26494236624603","174.26494236624603","174.26494236624603","281.2442529603033","281.2442529603033","281.2442529603033","112.31225758333963","112.31225758333963","112.31225758333963","223.47673776481997","223.47673776481997","223.47673776481997"
"288000","250.40386315394252","250.40386315394252","250.40386315394252","224.80989633124176","224.80989633124176","224.80989633124176","143.00706143199324","143.00706143199324","143.00706143199324","226.03995317743875","226.03995317743875","226.03995317743875","223.70886022540836","223.70886022540836","223.70886022540836","268.5828118967345","268.5828118967345","268.5828118967345","177.24534294286983","177.24534294286983","177.24534294286983","268.0246165572945","268.0246165572945","268.0246165572945","106.15298646226006","106.15298646226006","106.15298646226006","227.52814274103622","227.52814274103622","227.52814274103622"
"292000","232.6108515565332","232.6108515565332","232.6108515565332","278.21062571308073","278.21062571308073","278.21062571308073","145.0259358548842","145.0259358548842","145.0259358548842","264.6392142376242","264.6392142376242","264.6392142376242","203.12664612350613","203.12664612350613","203.12664612350613","308.982663546621","308.982663546621","308.982663546621","156.51287077279724","156.51287077279724","156.51287077279724","223.95394731132063","223.95394731132063","223.95394731132063","113.15311105812002","113.15311105812002","113.15311105812002","226.7591399630801","226.7591399630801","226.7591399630801"
"296000","251.417658037413","251.417658037413","251.417658037413","269.8101739696969","269.8101739696969","269.8101739696969","158.18892968672495","158.18892968672495","158.18892968672495","221.66653575959486","221.66653575959486","221.66653575959486","230.1333162902286","230.1333162902286","230.1333162902286","269.6387245521721","269.6387245521721","269.6387245521721","164.3139642944809","164.3139642944809","164.3139642944809","228.58465507547035","228.58465507547035","228.58465507547035","110.42110523296836","110.42110523296836","110.42110523296836","211.10287474916308","211.10287474916308","211.10287474916308"
"300000","239.94840494327818","239.94840494327818","239.94840494327818","282.5209914482765","282.5209914482765","282.5209914482765","126.20320812935874","126.20320812935874","126.20320812935874","252.3693145405642","252.3693145405642","252.3693145405642","199.2498822936869","199.2498822936869","199.2498822936869","263.79941049748857","263.79941049748857","263.79941049748857","163.62095507079226","163.62095507079226","163.62095507079226","275.0296761091937","275.0296761091937","275.0296761091937","196.9165098352456","196.9165098352456","196.9165098352456","231.39358765365654","231.39358765365654","231.39358765365654"
"304000","264.1404122317748","264.1404122317748","264.1404122317748","264.70202289913976","264.70202289913976","264.70202289913976","133.72142688960213","133.72142688960213","133.72142688960213","226.60980699943903","226.60980699943903","226.60980699943903","181.4710039563528","181.4710039563528","181.4710039563528","282.552926657348","282.552926657348","282.552926657348","144.3696191646565","144.3696191646565","144.3696191646565","271.5104969218703","271.5104969218703","271.5104969218703","181.01661901652497","181.01661901652497","181.01661901652497","228.69653826419216","228.69653826419216","228.69653826419216"
"308000","254.72753575657438","254.72753575657438","254.72753575657438","299.9474693478886","299.9474693478886","299.9474693478886","122.30859568308696","122.30859568308696","122.30859568308696","225.94126109076623","225.94126109076623","225.94126109076623","148.54424446616363","148.54424446616363","148.54424446616363","278.658238029313","278.658238029313","278.658238029313","124.90970327947745","124.90970327947745","124.90970327947745","279.34822829736817","279.34822829736817","279.34822829736817","206.87348148140967","206.87348148140967","206.87348148140967","208.34495033802773","208.34495033802773","208.34495033802773"
"312000","260.6403964404909","260.6403964404909","260.6403964404909","311.4791398214507","311.4791398214507","311.4791398214507","203.74171928993405","203.74171928993405","203.74171928993405","261.0163547275059","261.0163547275059","261.0163547275059","228.92758236822593","228.92758236822593","228.92758236822593","284.0855241027294","284.0855241027294","284.0855241027294","170.89086498879865","170.89086498879865","170.89086498879865","278.0551189673338","278.0551189673338","278.0551189673338","195.40654661160224","195.40654661160224","195.40654661160224","228.11238573575156","228.11238573575156","228.11238573575156"
"316000","274.4659118725905","274.4659118725905","274.4659118725905","344.7839106675091","344.7839106675091","344.7839106675091","209.96924767912986","209.96924767912986","209.96924767912986","262.57934365389235","262.57934365389235","262.57934365389235","240.1515026026162","240.1515026026162","240.1515026026162","297.10369618534435","297.10369618534435","297.10369618534435","168.79792018117863","168.79792018117863","168.79792018117863","274.8277984951877","274.8277984951877","274.8277984951877","181.83629342538467","181.83629342538467","181.83629342538467","204.6232388278608","204.6232388278608","204.6232388278608"
"320000","275.57312843243966","275.57312843243966","275.57312843243966","314.6377460038747","314.6377460038747","314.6377460038747","202.58195245709155","202.58195245709155","202.58195245709155","244.96622191782117","244.96622191782117","244.96622191782117","222.74310972949488","222.74310972949488","222.74310972949488","280.15924612919855","280.15924612919855","280.15924612919855","155.1968534393281","155.1968534393281","155.1968534393281","250.23396275846062","250.23396275846062","250.23396275846062","189.32864323335576","189.32864323335576","189.32864323335576","209.8396672239506","209.8396672239506","209.8396672239506"
"324000","281.24652874774205","281.24652874774205","281.24652874774205","322.53692440708545","322.53692440708545","322.53692440708545","200.57448936633972","200.57448936633972","200.57448936633972","233.5100593828397","233.5100593828397","233.5100593828397","216.91425891469444","216.91425891469444","216.91425891469444","276.3183998289439","276.3183998289439","276.3183998289439","143.26069591852647","143.26069591852647","143.26069591852647","231.2760927785072","231.2760927785072","231.2760927785072","176.65241681126042","176.65241681126042","176.65241681126042","222.19421665436158","222.19421665436158","222.19421665436158"
"328000","269.6645264438745","269.6645264438745","269.6645264438745","263.35026342098183","263.35026342098183","263.35026342098183","204.5159565059984","204.5159565059984","204.5159565059984","252.91163528977708","252.91163528977708","252.91163528977708","188.63755412365896","188.63755412365896","188.63755412365896","255.71474839687585","255.71474839687585","255.71474839687585","121.51971594853458","121.51971594853458","121.51971594853458","280.3682374211734","280.3682374211734","280.3682374211734","210.51126987846197","210.51126987846197","210.51126987846197","206.32487573639492","206.32487573639492","206.32487573639492"
"332000","269.0300513523865","269.0300513523865","269.0300513523865","325.3410032178615","325.3410032178615","325.3410032178615","199.09144947190023","199.09144947190023","199.09144947190023","273.4317404334395","273.4317404334395","273.4317404334395","227.02904116320778","227.02904116320778","227.02904116320778","286.5917007369543","286.5917007369543","286.5917007369543","151.04946710037729","151.04946710037729","151.04946710037729","278.1263527752425","278.1263527752425","278.1263527752425","170.28414214828996","170.28414214828996","170.28414214828996","192.13840720434672","192.13840720434672","192.13840720434672"
"336000","271.7241317532465","271.7241317532465","271.7241317532465","310.94940300963714","310.94940300963714","310.94940300963714","214.54833603806256","214.54833603806256","214.54833603806256","283.64842630002624","283.64842630002624","283.64842630002624","229.10344575675649","229.10344575675649","229.10344575675649","274.34313541601375","274.34313541601375","274.34313541601375","124.1117945612255","124.1117945612255","124.1117945612255","283.8781552526948","283.8781552526948","283.8781552526948","197.17695918446972","197.17695918446972","197.17695918446972","238.13927723935757","238.13927723935757","238.13927723935757"
"340000","292.5614623505344","292.5614623505344","292.5614623505344","309.494107996133","309.494107996133","309.494107996133","202.06665958209803","202.06665958209803","202.06665958209803","276.739357851499","276.739357851499","276.739357851499","196.23928814415135","196.23928814415135","196.23928814415135","270.86405171508295","270.86405171508295","270.86405171508295","126.64753736923512","126.64753736923512","126.64753736923512","279.89146790057237","279.89146790057237","279.89146790057237","128.73558943866826","128.73558943866826","128.73558943866826","226.50210800350138","226.50210800350138","226.50210800350138"
"344000","292.43553153442724","292.43553153442724","292.43553153442724","295.91161875181535","295.91161875181535","295.91161875181535","207.53057898068306","207.53057898068306","207.53057898068306","246.41249820788485","246.41249820788485","246.41249820788485","185.38422077023864","185.38422077023864","185.38422077023864","274.9164309393241","274.9164309393241","274.9164309393241","176.17416822203865","176.17416822203865","176.17416822203865","264.41951484221863","264.41951484221863","264.41951484221863","177.54197362198326","177.54197362198326","177.54197362198326","230.95824797632986","230.95824797632986","230.95824797632986"
"348000","311.1344346956038","311.1344346956038","311.1344346956038","313.59093065985337","313.59093065985337","313.59093065985337","212.0929570731263","212.0929570731263","212.0929570731263","271.04560379197665","271.04560379197665","271.04560379197665","184.15235644253025","184.15235644253025","184.15235644253025","313.16322754408384","313.16322754408384","313.16322754408384","142.6828611852319","142.6828611852319","142.6828611852319","265.462218979197","265.462218979197","265.462218979197","160.18240515961938","160.18240515961938","160.18240515961938","190.6389578107126","190.6389578107126","190.6389578107126"
"352000","295.0156042977902","295.0156042977902","295.0156042977902","279.4732181645695","279.4732181645695","279.4732181645695","200.5543527739961","200.5543527739961","200.5543527739961","284.7952521658133","284.7952521658133","284.7952521658133","211.35407696566563","211.35407696566563","211.35407696566563","293.5130628532826","293.5130628532826","293.5130628532826","155.48596809485554","155.48596809485554","155.48596809485554","265.87293406523537","265.87293406523537","265.87293406523537","171.837527286424","171.837527286424","171.837527286424","237.8444624849702","237.8444624849702","237.8444624849702"
"356000","287.7937006814594","287.7937006814594","287.7937006814594","321.6150826491747","321.6150826491747","321.6150826491747","188.38955568937976","188.38955568937976","188.38955568937976","253.94552708250663","253.94552708250663","253.94552708250663","210.47443391241168","210.47443391241168","210.47443391241168","293.55898972047004","293.55898972047004","293.55898972047004","153.2174068797692","153.2174068797692","153.2174068797692","278.33709801562634","278.33709801562634","278.33709801562634","176.4497401948084","176.4497401948084","176.4497401948084","235.80383422072677","235.80383422072677","235.80383422072677"
"360000","291.7941877382109","291.7941877382109","291.7941877382109","320.8828070523799","320.8828070523799","320.8828070523799","231.2936951283441","231.2936951283441","231.2936951283441","254.10583284149192","254.10583284149192","254.10583284149192","203.8028935187818","203.8028935187818","203.8028935187818","272.66386780692864","272.66386780692864","272.66386780692864","165.58024236808342","165.58024236808342","165.58024236808342","252.68493639201552","252.68493639201552","252.68493639201552","179.4331567474665","179.4331567474665","179.4331567474665","222.59779011416109","222.59779011416109","222.59779011416109"
"364000","269.3232594323429","269.3232594323429","269.3232594323429","280.6522791961228","280.6522791961228","280.6522791961228","223.27301605853216","223.27301605853216","223.27301605853216","245.4921615814115","245.4921615814115","245.4921615814115","221.06242016627812","221.06242016627812","221.06242016627812","294.14264179961634","294.14264179961634","294.14264179961634","167.4946153810322","167.4946153810322","167.4946153810322","168.81237255051494","168.81237255051494","168.81237255051494","209.76729843132745","209.76729843132745","209.76729843132745","222.20793771316494","222.20793771316494","222.20793771316494"
"368000","280.70792482366977","280.70792482366977","280.70792482366977","281.7350283272296","281.7350283272296","281.7350283272296","228.9905330522532","228.9905330522532","228.9905330522532","237.67305314419477","237.67305314419477","237.67305314419477","198.96203625588365","198.96203625588365","198.96203625588365","295.7001457552706","295.7001457552706","295.7001457552706","172.50536201953508","172.50536201953508","172.50536201953508","217.3952331862435","217.3952331862435","217.3952331862435","179.9474950655136","179.9474950655136","179.9474950655136","240.44617730069405","240.44617730069405","240.44617730069405"
"372000","272.2255936985718","272.2255936985718","272.2255936985718","222.53415525711011","222.53415525711011","222.53415525711011","237.96835100733443","237.96835100733443","237.96835100733443","228.83640113588976","228.83640113588976","228.83640113588976","220.18941608674209","220.18941608674209","220.18941608674209","293.5463539605971","293.5463539605971","293.5463539605971","179.10573857715661","179.10573857715661","179.10573857715661","216.2807704932522","216.2807704932522","216.2807704932522","195.33483654135708","195.33483654135708","195.33483654135708","210.75266954202735","210.75266954202735","210.75266954202735"
"376000","252.7763833210707","252.7763833210707","252.7763833210707","215.62832999199767","215.62832999199767","215.62832999199767","243.7976375971454","243.7976375971454","243.7976375971454","197.37569662015528","197.37569662015528","197.37569662015528","212.06629575581763","212.06629575581763","212.06629575581763","291.08688946815664","291.08688946815664","291.08688946815664","176.97860489166538","176.97860489166538","176.97860489166538","219.12934400592093","219.12934400592093","219.12934400592093","181.16518308703482","181.16518308703482","181.16518308703482","201.77638055338613","201.77638055338613","201.77638055338613"
"380000","234.8594468477474","234.8594468477474","234.8594468477474","278.1908621865302","278.1908621865302","278.1908621865302","252.57491786587534","252.57491786587534","252.57491786587534","204.85328518926605","204.85328518926605","204.85328518926605","212.20016630849204","212.20016630849204","212.20016630849204","305.87568450151434","305.87568450151434","305.87568450151434","171.8281408166109","171.8281408166109","171.8281408166109","187.8222882004919","187.8222882004919","187.8222882004919","178.4925246504591","178.4925246504591","178.4925246504591","200.95299096000247","200.95299096000247","200.95299096000247"
"384000","298.1173103736696","298.1173103736696","298.1173103736696","299.5553213237284","299.5553213237284","299.5553213237284","220.09131918215135","220.09131918215135","220.09131918215135","216.141169954747","216.141169954747","216.141169954747","180.5781577300893","180.5781577300893","180.5781577300893","315.8917876320517","315.8917876320517","315.8917876320517","154.27911278025508","154.27911278025508","154.27911278025508","126.91298917846404","126.91298917846404","126.91298917846404","171.48295456021987","171.48295456021987","171.48295456021987","197.29923233114576","197.29923233114576","197.29923233114576"
"388000","272.297483808893","272.297483808893","272.297483808893","289.3318595059815","289.3318595059815","289.3318595059815","205.224143391906","205.224143391906","205.224143391906","175.8970978868234","175.8970978868234","175.8970978868234","190.96566255717093","190.96566255717093","190.96566255717093","309.5990105100261","309.5990105100261","309.5990105100261","167.8724647159242","167.8724647159242","167.8724647159242","232.8189296098529","232.8189296098529","232.8189296098529","177.984192447613","177.984192447613","177.984192447613","183.00248229673565","183.00248229673565","183.00248229673565"
"392000","253.3256301192733","253.3256301192733","253.3256301192733","307.71627400229124","307.71627400229124","307.71627400229124","210.204153947439","210.204153947439","210.204153947439","274.2716522261218","274.2716522261218","274.2716522261218","197.68343590732132","197.68343590732132","197.68343590732132","293.6611661758831","293.6611661758831","293.6611661758831","176.04404268552847","176.04404268552847","176.04404268552847","233.24473953356338","233.24473953356338","233.24473953356338","135.83540788394006","135.83540788394006","135.83540788394006","169.05204942133747","169.05204942133747","169.05204942133747"
"396000","320.201128664124","320.201128664124","320.201128664124","265.8764883696899","265.8764883696899","265.8764883696899","213.9561160156796","213.9561160156796","213.9561160156796","197.38869217546343","197.38869217546343","197.38869217546343","230.1916480836424","230.1916480836424","230.1916480836424","265.2725691143104","265.2725691143104","265.2725691143104","180.85212043559403","180.85212043559403","180.85212043559403","265.1170926917747","265.1170926917747","265.1170926917747","208.67689925954545","208.67689925954545","208.67689925954545","164.20092664257052","164.20092664257052","164.20092664257052"
"400000","295.5762670027645","295.5762670027645","295.5762670027645","285.72434790903844","285.72434790903844","285.72434790903844","217.52761653573125","217.52761653573125","217.52761653573125","145.81926876695283","145.81926876695283","145.81926876695283","228.52973515154494","228.52973515154494","228.52973515154494","263.60034591700554","263.60034591700554","263.60034591700554","182.89923644853596","182.89923644853596","182.89923644853596","291.30025414118876","291.30025414118876","291.30025414118876","199.41412347444063","199.41412347444063","199.41412347444063","175.5818321154521","175.5818321154521","175.5818321154521"