"Step","DQN_None_Bridge_100 - eval/avg_reward","DQN_None_Bridge_100 - eval/avg_reward__MIN","DQN_None_Bridge_100 - eval/avg_reward__MAX","DQN_None_Bridge_90 - eval/avg_reward","DQN_None_Bridge_90 - eval/avg_reward__MIN","DQN_None_Bridge_90 - eval/avg_reward__MAX","DQN_None_Bridge_80 - eval/avg_reward","DQN_None_Bridge_80 - eval/avg_reward__MIN","DQN_None_Bridge_80 - eval/avg_reward__MAX","DQN_None_Bridge_70 - eval/avg_reward","DQN_None_Bridge_70 - eval/avg_reward__MIN","DQN_None_Bridge_70 - eval/avg_reward__MAX","DQN_None_Bridge_60 - eval/avg_reward","DQN_None_Bridge_60 - eval/avg_reward__MIN","DQN_None_Bridge_60 - eval/avg_reward__MAX","DQN_None_Bridge_50 - eval/avg_reward","DQN_None_Bridge_50 - eval/avg_reward__MIN","DQN_None_Bridge_50 - eval/avg_reward__MAX","DQN_None_Bridge_40 - eval/avg_reward","DQN_None_Bridge_40 - eval/avg_reward__MIN","DQN_None_Bridge_40 - eval/avg_reward__MAX","DQN_None_Bridge_30 - eval/avg_reward","DQN_None_Bridge_30 - eval/avg_reward__MIN","DQN_None_Bridge_30 - eval/avg_reward__MAX","DQN_None_Bridge_20 - eval/avg_reward","DQN_None_Bridge_20 - eval/avg_reward__MIN","DQN_None_Bridge_20 - eval/avg_reward__MAX","DQN_None_Bridge_10 - eval/avg_reward","DQN_None_Bridge_10 - eval/avg_reward__MIN","DQN_None_Bridge_10 - eval/avg_reward__MAX"
"0","-100","-100","-100","-100","-100","-100","-100","-100","-100","-100","-100","-100","-100","-100","-100","-100","-100","-100","-100","-100","-100","-100","-100","-100","-100","-100","-100","-100","-100","-100"
"500","-100","-100","-100","-100","-100","-100","-100","-100","-100","-100","-100","-100","-100","-100","-100","-100","-100","-100","-100","-100","-100","-100","-100","-100","-100","-100","-100","-100","-100","-100"
"1000","-100","-100","-100","-100","-100","-100","-100","-100","-100","-100","-100","-100","-100","-100","-100","-100","-100","-100","-100","-100","-100","-100","-100","-100","-100","-100","-100","-100","-100","-100"
"1500","-100","-100","-100","-100","-100","-100","-100","-100","-100","-100","-100","-100","-100","-100","-100","-100","-100","-100","-100","-100","-100","-100","-100","-100","-100","-100","-100","-100","-100","-100"
"2000","-100","-100","-100","-100","-100","-100","-100","-100","-100","-100","-100","-100","-100","-100","-100","-100","-100","-100","-100","-100","-100","-100","-100","-100","-100","-100","-100","-100","-100","-100"
"2500","-100","-100","-100","-100","-100","-100","-100","-100","-100","-100","-100","-100","-100","-100","-100","-100","-100","-100","-100","-100","-100","-100","-100","-100","-100","-100","-100","-100","-100","-100"
"3000","-100","-100","-100","-100","-100","-100","-100","-100","-100","-100","-100","-100","-100","-100","-100","-100","-100","-100","-100","-100","-100","-100","-100","-100","-100","-100","-100","-100","-100","-100"
"3500","-100","-100","-100","-100","-100","-100","-100","-100","-100","-100","-100","-100","-100","-100","-100","-100","-100","-100","-100","-100","-100","-100","-100","-100","-100","-100","-100","-100","-100","-100"
"4000","-100","-100","-100","-100","-100","-100","-100","-100","-100","-100","-100","-100","-100","-100","-100","-100","-100","-100","-100","-100","-100","-100","-100","-100","-100","-100","-100","-100","-100","-100"
"4500","-100","-100","-100","-100","-100","-100","-100","-100","-100","-100","-100","-100","-100","-100","-100","-100","-100","-100","-100","-100","-100","-100","-100","-100","-100","-100","-100","-100","-100","-100"
"5000","-100","-100","-100","-100","-100","-100","-100","-100","-100","-100","-100","-100","-100","-100","-100","-100","-100","-100","-100","-100","-100","-100","-100","-100","-100","-100","-100","-100","-100","-100"
"5500","-100","-100","-100","-100","-100","-100","-100","-100","-100","-100","-100","-100","-100","-100","-100","-100","-100","-100","-100","-100","-100","-100","-100","-100","-100","-100","-100","-100","-100","-100"
"6000","-100","-100","-100","-100","-100","-100","-100","-100","-100","-100","-100","-100","-100","-100","-100","-100","-100","-100","-100","-100","-100","-100","-100","-100","-100","-100","-100","-100","-100","-100"
"6500","-100","-100","-100","-100","-100","-100","-100","-100","-100","-100","-100","-100","-100","-100","-100","-100","-100","-100","-100","-100","-100","-100","-100","-100","-100","-100","-100","-100","-100","-100"
"7000","-100","-100","-100","-100","-100","-100","-100","-100","-100","-100","-100","-100","-100","-100","-100","-100","-100","-100","-100","-100","-100","-100","-100","-100","-100","-100","-100","-100","-100","-100"
"7500","-100","-100","-100","-100","-100","-100","-100","-100","-100","-100","-100","-100","-100","-100","-100","-100","-100","-100","-100","-100","-100","-100","-100","-100","-100","-100","-100","-100","-100","-100"
"8000","-100","-100","-100","-100","-100","-100","-100","-100","-100","-100","-100","-100","-100","-100","-100","-100","-100","-100","-100","-100","-100","-100","-100","-100","-100","-100","-100","-100","-100","-100"
"8500","-100","-100","-100","-100","-100","-100","-100","-100","-100","-100","-100","-100","-100","-100","-100","-100","-100","-100","-100","-100","-100","-100","-100","-100","-100","-100","-100","-100","-100","-100"
"9000","-100","-100","-100","-100","-100","-100","-100","-100","-100","-100","-100","-100","-100","-100","-100","-100","-100","-100","-100","-100","-100","-100","-100","-100","-100","-100","-100","-100","-100","-100"
"9500","-100","-100","-100","-100","-100","-100","-100","-100","-100","-100","-100","-100","-100","-100","-100","-100","-100","-100","-100","-100","-100","-100","-100","-100","-100","-100","-100","-100","-100","-100"
"10000","-100","-100","-100","-100","-100","-100","-100","-100","-100","-100","-100","-100","-100","-100","-100","-100","-100","-100","-100","-100","-100","-100","-100","-100","-100","-100","-100","-100","-100","-100"
"10500","-100","-100","-100","-100","-100","-100","-100","-100","-100","-100","-100","-100","-100","-100","-100","-100","-100","-100","-100","-100","-100","-100","-100","-100","-100","-100","-100","-100","-100","-100"
"11000","-100","-100","-100","-100","-100","-100","-100","-100","-100","-100","-100","-100","-100","-100","-100","-100","-100","-100","-100","-100","-100","-100","-100","-100","-100","-100","-100","-13","-13","-13"
"11500","-100","-100","-100","-100","-100","-100","-100","-100","-100","-100","-100","-100","-100","-100","-100","-100","-100","-100","-100","-100","-100","-100","-100","-100","-100","-100","-100","-13","-13","-13"
"12000","-100","-100","-100","-100","-100","-100","-100","-100","-100","-100","-100","-100","-13","-13","-13","-100","-100","-100","-100","-100","-100","-100","-100","-100","-15","-15","-15","-13","-13","-13"
"12500","-100","-100","-100","-100","-100","-100","-100","-100","-100","-100","-100","-100","-15","-15","-15","-112","-112","-112","-100","-100","-100","-100","-100","-100","-13","-13","-13","-13","-13","-13"
"13000","-100","-100","-100","-100","-100","-100","-100","-100","-100","-100","-100","-100","-13","-13","-13","-112","-112","-112","-100","-100","-100","-100","-100","-100","-13","-13","-13","-13","-13","-13"
"13500","-100","-100","-100","-100","-100","-100","-110","-110","-110","-100","-100","-100","-13","-13","-13","-100","-100","-100","-100","-100","-100","-100","-100","-100","-13","-13","-13","-13","-13","-13"
"14000","-100","-100","-100","-100","-100","-100","-100","-100","-100","-100","-100","-100","-13","-13","-13","-112","-112","-112","-100","-100","-100","-100","-100","-100","-13","-13","-13","-13","-13","-13"
"14500","-100","-100","-100","-100","-100","-100","-100","-100","-100","-100","-100","-100","-13","-13","-13","-100","-100","-100","-100","-100","-100","-100","-100","-100","-13","-13","-13","-13","-13","-13"
"15000","-100","-100","-100","-100","-100","-100","-112","-112","-112","-100","-100","-100","-13","-13","-13","-13","-13","-13","-13","-13","-13","-100","-100","-100","-13","-13","-13","-13","-13","-13"
"15500","-100","-100","-100","-100","-100","-100","-112","-112","-112","-100","-100","-100","-13","-13","-13","-13","-13","-13","-13","-13","-13","-100","-100","-100","-13","-13","-13","-13","-13","-13"
"16000","-100","-100","-100","-13","-13","-13","-112","-112","-112","-100","-100","-100","-13","-13","-13","-13","-13","-13","-13","-13","-13","-100","-100","-100","-13","-13","-13","-13","-13","-13"
"16500","-100","-100","-100","-13","-13","-13","-100","-100","-100","-13","-13","-13","-13","-13","-13","-13","-13","-13","-100","-100","-100","-100","-100","-100","-13","-13","-13","-13","-13","-13"
"17000","-100","-100","-100","-13","-13","-13","-100","-100","-100","-13","-13","-13","-13","-13","-13","-13","-13","-13","-13","-13","-13","-100","-100","-100","-13","-13","-13","-13","-13","-13"
"17500","-100","-100","-100","-13","-13","-13","-100","-100","-100","-13","-13","-13","-13","-13","-13","-13","-13","-13","-13","-13","-13","-100","-100","-100","-13","-13","-13","-13","-13","-13"
"18000","-100","-100","-100","-13","-13","-13","-100","-100","-100","-13","-13","-13","-13","-13","-13","-13","-13","-13","-13","-13","-13","-100","-100","-100","-13","-13","-13","-13","-13","-13"
"18500","-100","-100","-100","-13","-13","-13","-111","-111","-111","-13","-13","-13","-13","-13","-13","-13","-13","-13","-13","-13","-13","-112","-112","-112","-13","-13","-13","-13","-13","-13"
"19000","-100","-100","-100","-13","-13","-13","-13","-13","-13","-13","-13","-13","-13","-13","-13","-13","-13","-13","-13","-13","-13","-112","-112","-112","-13","-13","-13","-13","-13","-13"
"19500","-100","-100","-100","-13","-13","-13","-13","-13","-13","-100","-100","-100","-13","-13","-13","-13","-13","-13","-13","-13","-13","-13","-13","-13","-13","-13","-13","-13","-13","-13"
"20000","-100","-100","-100","-13","-13","-13","-13","-13","-13","-100","-100","-100","-13","-13","-13","-13","-13","-13","-13","-13","-13","-13","-13","-13","-13","-13","-13","-13","-13","-13"
"20500","-100","-100","-100","-13","-13","-13","-13","-13","-13","-100","-100","-100","-13","-13","-13","-13","-13","-13","-13","-13","-13","-13","-13","-13","-13","-13","-13","-13","-13","-13"
"21000","-15","-15","-15","-13","-13","-13","-13","-13","-13","-13","-13","-13","-13","-13","-13","-13","-13","-13","-13","-13","-13","-13","-13","-13","-13","-13","-13","-13","-13","-13"
"21500","-13","-13","-13","-13","-13","-13","-13","-13","-13","-13","-13","-13","-13","-13","-13","-13","-13","-13","-13","-13","-13","-13","-13","-13","-13","-13","-13","-13","-13","-13"
"22000","-13","-13","-13","-13","-13","-13","-15","-15","-15","-13","-13","-13","-13","-13","-13","-13","-13","-13","-13","-13","-13","-13","-13","-13","-13","-13","-13","-13","-13","-13"
"22500","-13","-13","-13","-13","-13","-13","-13","-13","-13","-13","-13","-13","-13","-13","-13","-13","-13","-13","-13","-13","-13","-13","-13","-13","-13","-13","-13","-13","-13","-13"
"23000","-13","-13","-13","-13","-13","-13","-13","-13","-13","-13","-13","-13","-13","-13","-13","-13","-13","-13","-13","-13","-13","-13","-13","-13","-13","-13","-13","-13","-13","-13"
"23500","-100","-100","-100","-13","-13","-13","-13","-13","-13","-13","-13","-13","-13","-13","-13","-13","-13","-13","-13","-13","-13","-13","-13","-13","-13","-13","-13","-13","-13","-13"
"24000","-13","-13","-13","-13","-13","-13","-13","-13","-13","-13","-13","-13","-13","-13","-13","-13","-13","-13","-13","-13","-13","-13","-13","-13","-13","-13","-13","-13","-13","-13"
"24500","-13","-13","-13","-13","-13","-13","-13","-13","-13","-13","-13","-13","-13","-13","-13","-13","-13","-13","-13","-13","-13","-13","-13","-13","-13","-13","-13","-13","-13","-13"
"25000","-13","-13","-13","-13","-13","-13","-13","-13","-13","-13","-13","-13","-13","-13","-13","-13","-13","-13","-13","-13","-13","-13","-13","-13","-13","-13","-13","-13","-13","-13"
"25500","-13","-13","-13","-13","-13","-13","-13","-13","-13","-13","-13","-13","-13","-13","-13","-13","-13","-13","-13","-13","-13","-13","-13","-13","-13","-13","-13","-13","-13","-13"
"26000","-13","-13","-13","-13","-13","-13","-13","-13","-13","-13","-13","-13","-13","-13","-13","-13","-13","-13","-13","-13","-13","-13","-13","-13","-13","-13","-13","-13","-13","-13"
"26500","-13","-13","-13","-13","-13","-13","-13","-13","-13","-13","-13","-13","-13","-13","-13","-13","-13","-13","-13","-13","-13","-13","-13","-13","-13","-13","-13","-13","-13","-13"
"27000","-13","-13","-13","-13","-13","-13","-13","-13","-13","-13","-13","-13","-13","-13","-13","-13","-13","-13","-13","-13","-13","-13","-13","-13","-13","-13","-13","-13","-13","-13"
"27500","-13","-13","-13","-13","-13","-13","-13","-13","-13","-13","-13","-13","-13","-13","-13","-13","-13","-13","-13","-13","-13","-13","-13","-13","-13","-13","-13","-13","-13","-13"
"28000","-13","-13","-13","-13","-13","-13","-13","-13","-13","-13","-13","-13","-13","-13","-13","-13","-13","-13","-13","-13","-13","-13","-13","-13","-13","-13","-13","-13","-13","-13"
"28500","-13","-13","-13","-13","-13","-13","-13","-13","-13","-13","-13","-13","-13","-13","-13","-13","-13","-13","-13","-13","-13","-13","-13","-13","-13","-13","-13","-13","-13","-13"
"29000","-13","-13","-13","-13","-13","-13","-13","-13","-13","-13","-13","-13","-13","-13","-13","-13","-13","-13","-13","-13","-13","-13","-13","-13","-13","-13","-13","-13","-13","-13"
"29500","-13","-13","-13","-13","-13","-13","-13","-13","-13","-13","-13","-13","-13","-13","-13","-13","-13","-13","-13","-13","-13","-13","-13","-13","-13","-13","-13","-13","-13","-13"
"30000","-13","-13","-13","-13","-13","-13","-13","-13","-13","-13","-13","-13","-13","-13","-13","-13","-13","-13","-13","-13","-13","-13","-13","-13","-13","-13","-13","-13","-13","-13"
"30500","-13","-13","-13","-13","-13","-13","-13","-13","-13","-13","-13","-13","-13","-13","-13","-13","-13","-13","-13","-13","-13","-13","-13","-13","-13","-13","-13","-13","-13","-13"
"31000","-13","-13","-13","-13","-13","-13","-13","-13","-13","-13","-13","-13","-13","-13","-13","-13","-13","-13","-13","-13","-13","-13","-13","-13","-13","-13","-13","-13","-13","-13"
"31500","-13","-13","-13","-13","-13","-13","-13","-13","-13","-13","-13","-13","-13","-13","-13","-13","-13","-13","-13","-13","-13","-13","-13","-13","-13","-13","-13","-13","-13","-13"
"32000","-13","-13","-13","-13","-13","-13","-13","-13","-13","-13","-13","-13","-13","-13","-13","-13","-13","-13","-13","-13","-13","-13","-13","-13","-13","-13","-13","-13","-13","-13"
"32500","-13","-13","-13","-13","-13","-13","-13","-13","-13","-13","-13","-13","-13","-13","-13","-13","-13","-13","-13","-13","-13","-13","-13","-13","-13","-13","-13","-13","-13","-13"
"33000","-13","-13","-13","-13","-13","-13","-13","-13","-13","-13","-13","-13","-13","-13","-13","-13","-13","-13","-13","-13","-13","-13","-13","-13","-13","-13","-13","-13","-13","-13"
"33500","-13","-13","-13","-13","-13","-13","-13","-13","-13","-13","-13","-13","-13","-13","-13","-13","-13","-13","-13","-13","-13","-13","-13","-13","-13","-13","-13","-13","-13","-13"
"34000","-13","-13","-13","-13","-13","-13","-13","-13","-13","-13","-13","-13","-13","-13","-13","-13","-13","-13","-13","-13","-13","-13","-13","-13","-13","-13","-13","-13","-13","-13"
"34500","-13","-13","-13","-13","-13","-13","-13","-13","-13","-13","-13","-13","-13","-13","-13","-13","-13","-13","-13","-13","-13","-13","-13","-13","-13","-13","-13","-13","-13","-13"
"35000","-13","-13","-13","-13","-13","-13","-13","-13","-13","-13","-13","-13","-13","-13","-13","-13","-13","-13","-13","-13","-13","-13","-13","-13","-13","-13","-13","-13","-13","-13"
"35500","-13","-13","-13","-13","-13","-13","-13","-13","-13","-13","-13","-13","-13","-13","-13","-13","-13","-13","-13","-13","-13","-13","-13","-13","-13","-13","-13","-13","-13","-13"
"36000","-13","-13","-13","-13","-13","-13","-13","-13","-13","-13","-13","-13","-13","-13","-13","-13","-13","-13","-13","-13","-13","-13","-13","-13","-13","-13","-13","-13","-13","-13"
"36500","-13","-13","-13","-13","-13","-13","-13","-13","-13","-13","-13","-13","-13","-13","-13","-13","-13","-13","-13","-13","-13","-13","-13","-13","-13","-13","-13","-13","-13","-13"
"37000","-13","-13","-13","-13","-13","-13","-13","-13","-13","-13","-13","-13","-13","-13","-13","-13","-13","-13","-13","-13","-13","-13","-13","-13","-13","-13","-13","-13","-13","-13"
"37500","-13","-13","-13","-13","-13","-13","-13","-13","-13","-13","-13","-13","-13","-13","-13","-13","-13","-13","-13","-13","-13","-13","-13","-13","-13","-13","-13","-13","-13","-13"
"38000","-13","-13","-13","-13","-13","-13","-13","-13","-13","-13","-13","-13","-13","-13","-13","-13","-13","-13","-13","-13","-13","-13","-13","-13","-13","-13","-13","-13","-13","-13"
"38500","-13","-13","-13","-13","-13","-13","-13","-13","-13","-13","-13","-13","-13","-13","-13","-13","-13","-13","-13","-13","-13","-13","-13","-13","-13","-13","-13","-13","-13","-13"
"39000","-13","-13","-13","-13","-13","-13","-13","-13","-13","-13","-13","-13","-13","-13","-13","-13","-13","-13","-13","-13","-13","-13","-13","-13","-13","-13","-13","-13","-13","-13"
"39500","-13","-13","-13","-13","-13","-13","-13","-13","-13","-13","-13","-13","-13","-13","-13","-13","-13","-13","-13","-13","-13","-13","-13","-13","-13","-13","-13","-13","-13","-13"
"40000","-13","-13","-13","-13","-13","-13","-13","-13","-13","-13","-13","-13","-13","-13","-13","-13","-13","-13","-13","-13","-13","-13","-13","-13","-13","-13","-13","-13","-13","-13"
"40500","-13","-13","-13","-13","-13","-13","-13","-13","-13","-13","-13","-13","-13","-13","-13","-13","-13","-13","-13","-13","-13","-13","-13","-13","-13","-13","-13","-13","-13","-13"
"41000","-13","-13","-13","-13","-13","-13","-13","-13","-13","-13","-13","-13","-13","-13","-13","-13","-13","-13","-13","-13","-13","-13","-13","-13","-13","-13","-13","-13","-13","-13"
"41500","-13","-13","-13","-13","-13","-13","-13","-13","-13","-13","-13","-13","-13","-13","-13","-13","-13","-13","-13","-13","-13","-13","-13","-13","-13","-13","-13","-13","-13","-13"
"42000","-13","-13","-13","-13","-13","-13","-13","-13","-13","-13","-13","-13","-13","-13","-13","-13","-13","-13","-13","-13","-13","-13","-13","-13","-13","-13","-13","-13","-13","-13"
"42500","-13","-13","-13","-13","-13","-13","-13","-13","-13","-13","-13","-13","-13","-13","-13","-13","-13","-13","-13","-13","-13","-13","-13","-13","-13","-13","-13","-13","-13","-13"
"43000","-13","-13","-13","-13","-13","-13","-13","-13","-13","-13","-13","-13","-13","-13","-13","-13","-13","-13","-13","-13","-13","-13","-13","-13","-13","-13","-13","-13","-13","-13"
"43500","-13","-13","-13","-13","-13","-13","-13","-13","-13","-13","-13","-13","-13","-13","-13","-13","-13","-13","-13","-13","-13","-13","-13","-13","-13","-13","-13","-13","-13","-13"
"44000","-13","-13","-13","-13","-13","-13","-13","-13","-13","-13","-13","-13","-13","-13","-13","-13","-13","-13","-13","-13","-13","-13","-13","-13","-13","-13","-13","-13","-13","-13"
"44500","-13","-13","-13","-13","-13","-13","-13","-13","-13","-13","-13","-13","-13","-13","-13","-13","-13","-13","-13","-13","-13","-13","-13","-13","-13","-13","-13","-13","-13","-13"
"45000","-13","-13","-13","-13","-13","-13","-13","-13","-13","-13","-13","-13","-13","-13","-13","-13","-13","-13","-13","-13","-13","-13","-13","-13","-13","-13","-13","-13","-13","-13"
"45500","-13","-13","-13","-13","-13","-13","-13","-13","-13","-13","-13","-13","-13","-13","-13","-13","-13","-13","-13","-13","-13","-13","-13","-13","-13","-13","-13","-13","-13","-13"
"46000","-13","-13","-13","-13","-13","-13","-13","-13","-13","-13","-13","-13","-13","-13","-13","-13","-13","-13","-13","-13","-13","-13","-13","-13","-13","-13","-13","-13","-13","-13"
"46500","-13","-13","-13","-13","-13","-13","-13","-13","-13","-13","-13","-13","-13","-13","-13","-13","-13","-13","-13","-13","-13","-13","-13","-13","-13","-13","-13","-13","-13","-13"
"47000","-13","-13","-13","-13","-13","-13","-13","-13","-13","-13","-13","-13","-13","-13","-13","-13","-13","-13","-13","-13","-13","-13","-13","-13","-13","-13","-13","-13","-13","-13"
"47500","-13","-13","-13","-13","-13","-13","-13","-13","-13","-13","-13","-13","-13","-13","-13","-13","-13","-13","-13","-13","-13","-13","-13","-13","-13","-13","-13","-13","-13","-13"
"48000","-13","-13","-13","-13","-13","-13","-13","-13","-13","-13","-13","-13","-13","-13","-13","-13","-13","-13","-13","-13","-13","-13","-13","-13","-13","-13","-13","-13","-13","-13"
"48500","-13","-13","-13","-13","-13","-13","-13","-13","-13","-13","-13","-13","-13","-13","-13","-13","-13","-13","-13","-13","-13","-13","-13","-13","-13","-13","-13","-13","-13","-13"
"49000","-13","-13","-13","-13","-13","-13","-13","-13","-13","-13","-13","-13","-13","-13","-13","-13","-13","-13","-13","-13","-13","-13","-13","-13","-13","-13","-13","-13","-13","-13"
"49500","-13","-13","-13","-13","-13","-13","-13","-13","-13","-13","-13","-13","-13","-13","-13","-13","-13","-13","-13","-13","-13","-13","-13","-13","-13","-13","-13","-13","-13","-13"
"50000","-13","-13","-13","-13","-13","-13","-13","-13","-13","-13","-13","-13","-13","-13","-13","-13","-13","-13","-13","-13","-13","-13","-13","-13","-13","-13","-13","-13","-13","-13"