"Step","DQN_EQL_Bridge_100 - eval/avg_reward","DQN_EQL_Bridge_100 - eval/avg_reward__MIN","DQN_EQL_Bridge_100 - eval/avg_reward__MAX","DQN_EQL_Bridge_90 - eval/avg_reward","DQN_EQL_Bridge_90 - eval/avg_reward__MIN","DQN_EQL_Bridge_90 - eval/avg_reward__MAX","DQN_EQL_Bridge_80 - eval/avg_reward","DQN_EQL_Bridge_80 - eval/avg_reward__MIN","DQN_EQL_Bridge_80 - eval/avg_reward__MAX","DQN_EQL_Bridge_70 - eval/avg_reward","DQN_EQL_Bridge_70 - eval/avg_reward__MIN","DQN_EQL_Bridge_70 - eval/avg_reward__MAX","DQN_EQL_Bridge_60 - eval/avg_reward","DQN_EQL_Bridge_60 - eval/avg_reward__MIN","DQN_EQL_Bridge_60 - eval/avg_reward__MAX","DQN_EQL_Bridge_50 - eval/avg_reward","DQN_EQL_Bridge_50 - eval/avg_reward__MIN","DQN_EQL_Bridge_50 - eval/avg_reward__MAX","DQN_EQL_Bridge_40 - eval/avg_reward","DQN_EQL_Bridge_40 - eval/avg_reward__MIN","DQN_EQL_Bridge_40 - eval/avg_reward__MAX","DQN_EQL_Bridge_30 - eval/avg_reward","DQN_EQL_Bridge_30 - eval/avg_reward__MIN","DQN_EQL_Bridge_30 - eval/avg_reward__MAX","DQN_EQL_Bridge_20 - eval/avg_reward","DQN_EQL_Bridge_20 - eval/avg_reward__MIN","DQN_EQL_Bridge_20 - eval/avg_reward__MAX","DQN_EQL_Bridge_10 - eval/avg_reward","DQN_EQL_Bridge_10 - eval/avg_reward__MIN","DQN_EQL_Bridge_10 - eval/avg_reward__MAX"
"0","-100","-100","-100","-100","-100","-100","-100","-100","-100","-100","-100","-100","-100","-100","-100","-100","-100","-100","-100","-100","-100","-100","-100","-100","-100","-100","-100","-100","-100","-100"
"500","-100","-100","-100","-100","-100","-100","-100","-100","-100","-100","-100","-100","-100","-100","-100","-100","-100","-100","-100","-100","-100","-100","-100","-100","-100","-100","-100","-100","-100","-100"
"1000","-100","-100","-100","-100","-100","-100","-100","-100","-100","-100","-100","-100","-100","-100","-100","-100","-100","-100","-100","-100","-100","-100","-100","-100","-100","-100","-100","-100","-100","-100"
"1500","-100","-100","-100","-100","-100","-100","-100","-100","-100","-100","-100","-100","-100","-100","-100","-100","-100","-100","-100","-100","-100","-100","-100","-100","-100","-100","-100","-100","-100","-100"
"2000","-100","-100","-100","-100","-100","-100","-100","-100","-100","-100","-100","-100","-100","-100","-100","-100","-100","-100","-100","-100","-100","-100","-100","-100","-100","-100","-100","-100","-100","-100"
"2500","-100","-100","-100","-100","-100","-100","-100","-100","-100","-105","-105","-105","-105","-105","-105","-102","-102","-102","-100","-100","-100","-102","-102","-102","-100","-100","-100","-100","-100","-100"
"3000","-100","-100","-100","-100","-100","-100","-100","-100","-100","-106","-106","-106","-100","-100","-100","-100","-100","-100","-100","-100","-100","-106","-106","-106","-100","-100","-100","-107","-107","-107"
"3500","-107","-107","-107","-100","-100","-100","-100","-100","-100","-104","-104","-104","-102","-102","-102","-100","-100","-100","-101","-101","-101","-106","-106","-106","-107","-107","-107","-107","-107","-107"
"4000","-107","-107","-107","-100","-100","-100","-100","-100","-100","-102","-102","-102","-100","-100","-100","-13","-13","-13","-105","-105","-105","-104","-104","-104","-107","-107","-107","-107","-107","-107"
"4500","-15","-15","-15","-100","-100","-100","-13","-13","-13","-102","-102","-102","-15","-15","-15","-15","-15","-15","-105","-105","-105","-13","-13","-13","-107","-107","-107","-101","-101","-101"
"5000","-15","-15","-15","-100","-100","-100","-106","-106","-106","-101","-101","-101","-13","-13","-13","-13","-13","-13","-13","-13","-13","-101","-101","-101","-107","-107","-107","-101","-101","-101"
"5500","-15","-15","-15","-108","-108","-108","-13","-13","-13","-101","-101","-101","-13","-13","-13","-101","-101","-101","-13","-13","-13","-101","-101","-101","-101","-101","-101","-13","-13","-13"
"6000","-101","-101","-101","-105","-105","-105","-15","-15","-15","-13","-13","-13","-13","-13","-13","-101","-101","-101","-13","-13","-13","-13","-13","-13","-13","-13","-13","-102","-102","-102"
"6500","-13","-13","-13","-102","-102","-102","-13","-13","-13","-13","-13","-13","-13","-13","-13","-101","-101","-101","-15","-15","-15","-13","-13","-13","-13","-13","-13","-13","-13","-13"
"7000","-102","-102","-102","-13","-13","-13","-15","-15","-15","-102","-102","-102","-101","-101","-101","-101","-101","-101","-101","-101","-101","-101","-101","-101","-101","-101","-101","-13","-13","-13"
"7500","-101","-101","-101","-101","-101","-101","-13","-13","-13","-13","-13","-13","-101","-101","-101","-101","-101","-101","-101","-101","-101","-102","-102","-102","-13","-13","-13","-102","-102","-102"
"8000","-101","-101","-101","-101","-101","-101","-13","-13","-13","-13","-13","-13","-101","-101","-101","-101","-101","-101","-102","-102","-102","-102","-102","-102","-13","-13","-13","-101","-101","-101"
"8500","-101","-101","-101","-13","-13","-13","-13","-13","-13","-101","-101","-101","-101","-101","-101","-101","-101","-101","-102","-102","-102","-101","-101","-101","-13","-13","-13","-13","-13","-13"
"9000","-101","-101","-101","-101","-101","-101","-14","-14","-14","-101","-101","-101","-13","-13","-13","-101","-101","-101","-101","-101","-101","-113","-113","-113","-101","-101","-101","-102","-102","-102"
"9500","-100","-100","-100","-13","-13","-13","-13","-13","-13","-101","-101","-101","-102","-102","-102","-102","-102","-102","-101","-101","-101","-13","-13","-13","-101","-101","-101","-101","-101","-101"
"10000","-101","-101","-101","-101","-101","-101","-13","-13","-13","-101","-101","-101","-13","-13","-13","-100","-100","-100","-101","-101","-101","-101","-101","-101","-101","-101","-101","-101","-101","-101"
"10500","-101","-101","-101","-13","-13","-13","-13","-13","-13","-101","-101","-101","-102","-102","-102","-100","-100","-100","-13","-13","-13","-101","-101","-101","-101","-101","-101","-101","-101","-101"
"11000","-101","-101","-101","-101","-101","-101","-13","-13","-13","-101","-101","-101","-102","-102","-102","-101","-101","-101","-101","-101","-101","-100","-100","-100","-102","-102","-102","-101","-101","-101"
"11500","-101","-101","-101","-13","-13","-13","-13","-13","-13","-13","-13","-13","-102","-102","-102","-101","-101","-101","-13","-13","-13","-101","-101","-101","-15","-15","-15","-101","-101","-101"
"12000","-101","-101","-101","-102","-102","-102","-13","-13","-13","-101","-101","-101","-13","-13","-13","-101","-101","-101","-13","-13","-13","-102","-102","-102","-101","-101","-101","-13","-13","-13"
"12500","-101","-101","-101","-101","-101","-101","-13","-13","-13","-101","-101","-101","-13","-13","-13","-101","-101","-101","-101","-101","-101","-101","-101","-101","-13","-13","-13","-101","-101","-101"
"13000","-13","-13","-13","-101","-101","-101","-13","-13","-13","-101","-101","-101","-101","-101","-101","-13","-13","-13","-101","-101","-101","-101","-101","-101","-13","-13","-13","-101","-101","-101"
"13500","-101","-101","-101","-101","-101","-101","-16","-16","-16","-13","-13","-13","-102","-102","-102","-13","-13","-13","-101","-101","-101","-100","-100","-100","-101","-101","-101","-13","-13","-13"
"14000","-101","-101","-101","-13","-13","-13","-101","-101","-101","-101","-101","-101","-101","-101","-101","-102","-102","-102","-101","-101","-101","-111","-111","-111","-101","-101","-101","-13","-13","-13"
"14500","-101","-101","-101","-101","-101","-101","-101","-101","-101","-101","-101","-101","-101","-101","-101","-14","-14","-14","-101","-101","-101","-101","-101","-101","-102","-102","-102","-101","-101","-101"
"15000","-101","-101","-101","-102","-102","-102","-13","-13","-13","-101","-101","-101","-14","-14","-14","-101","-101","-101","-101","-101","-101","-101","-101","-101","-101","-101","-101","-101","-101","-101"
"15500","-101","-101","-101","-101","-101","-101","-101","-101","-101","-101","-101","-101","-102","-102","-102","-101","-101","-101","-102","-102","-102","-111","-111","-111","-101","-101","-101","-101","-101","-101"
"16000","-14","-14","-14","-101","-101","-101","-101","-101","-101","-13","-13","-13","-102","-102","-102","-100","-100","-100","-13","-13","-13","-102","-102","-102","-13","-13","-13","-101","-101","-101"
"16500","-13","-13","-13","-13","-13","-13","-13","-13","-13","-13","-13","-13","-14","-14","-14","-100","-100","-100","-13","-13","-13","-101","-101","-101","-13","-13","-13","-101","-101","-101"
"17000","-101","-101","-101","-102","-102","-102","-13","-13","-13","-102","-102","-102","-101","-101","-101","-100","-100","-100","-13","-13","-13","-101","-101","-101","-102","-102","-102","-102","-102","-102"
"17500","-102","-102","-102","-13","-13","-13","-101","-101","-101","-101","-101","-101","-13","-13","-13","-101","-101","-101","-13","-13","-13","-101","-101","-101","-101","-101","-101","-101","-101","-101"
"18000","-102","-102","-102","-13","-13","-13","-101","-101","-101","-102","-102","-102","-13","-13","-13","-100","-100","-100","-101","-101","-101","-13","-13","-13","-13","-13","-13","-102","-102","-102"
"18500","-101","-101","-101","-101","-101","-101","-13","-13","-13","-13","-13","-13","-102","-102","-102","-13","-13","-13","-101","-101","-101","-13","-13","-13","-13","-13","-13","-102","-102","-102"
"19000","-102","-102","-102","-101","-101","-101","-101","-101","-101","-13","-13","-13","-101","-101","-101","-101","-101","-101","-13","-13","-13","-101","-101","-101","-101","-101","-101","-101","-101","-101"
"19500","-102","-102","-102","-101","-101","-101","-13","-13","-13","-101","-101","-101","-102","-102","-102","-102","-102","-102","-13","-13","-13","-13","-13","-13","-101","-101","-101","-101","-101","-101"
"20000","-13","-13","-13","-13","-13","-13","-101","-101","-101","-101","-101","-101","-102","-102","-102","-13","-13","-13","-101","-101","-101","-102","-102","-102","-102","-102","-102","-101","-101","-101"
"20500","-101","-101","-101","-101","-101","-101","-101","-101","-101","-13","-13","-13","-101","-101","-101","-101","-101","-101","-102","-102","-102","-101","-101","-101","-101","-101","-101","-13","-13","-13"
"21000","-101","-101","-101","-101","-101","-101","-13","-13","-13","-13","-13","-13","-13","-13","-13","-13","-13","-13","-101","-101","-101","-101","-101","-101","-13","-13","-13","-101","-101","-101"
"21500","-13","-13","-13","-101","-101","-101","-102","-102","-102","-102","-102","-102","-101","-101","-101","-101","-101","-101","-13","-13","-13","-13","-13","-13","-102","-102","-102","-101","-101","-101"
"22000","-13","-13","-13","-101","-101","-101","-102","-102","-102","-101","-101","-101","-13","-13","-13","-101","-101","-101","-101","-101","-101","-13","-13","-13","-13","-13","-13","-101","-101","-101"
"22500","-101","-101","-101","-101","-101","-101","-102","-102","-102","-101","-101","-101","-101","-101","-101","-13","-13","-13","-13","-13","-13","-102","-102","-102","-13","-13","-13","-102","-102","-102"
"23000","-101","-101","-101","-13","-13","-13","-101","-101","-101","-101","-101","-101","-101","-101","-101","-13","-13","-13","-102","-102","-102","-13","-13","-13","-101","-101","-101","-101","-101","-101"
"23500","-101","-101","-101","-101","-101","-101","-101","-101","-101","-102","-102","-102","-13","-13","-13","-102","-102","-102","-13","-13","-13","-13","-13","-13","-101","-101","-101","-13","-13","-13"
"24000","-101","-101","-101","-101","-101","-101","-101","-101","-101","-13","-13","-13","-101","-101","-101","-101","-101","-101","-101","-101","-101","-13","-13","-13","-101","-101","-101","-13","-13","-13"
"24500","-102","-102","-102","-101","-101","-101","-13","-13","-13","-102","-102","-102","-13","-13","-13","-101","-101","-101","-101","-101","-101","-13","-13","-13","-101","-101","-101","-101","-101","-101"
"25000","-101","-101","-101","-101","-101","-101","-101","-101","-101","-101","-101","-101","-101","-101","-101","-101","-101","-101","-101","-101","-101","-13","-13","-13","-102","-102","-102","-102","-102","-102"
"25500","-13","-13","-13","-102","-102","-102","-101","-101","-101","-101","-101","-101","-101","-101","-101","-102","-102","-102","-13","-13","-13","-101","-101","-101","-101","-101","-101","-101","-101","-101"
"26000","-101","-101","-101","-13","-13","-13","-13","-13","-13","-101","-101","-101","-101","-101","-101","-101","-101","-101","-102","-102","-102","-13","-13","-13","-101","-101","-101","-13","-13","-13"
"26500","-102","-102","-102","-101","-101","-101","-101","-101","-101","-102","-102","-102","-101","-101","-101","-101","-101","-101","-101","-101","-101","-102","-102","-102","-101","-101","-101","-102","-102","-102"
"27000","-102","-102","-102","-13","-13","-13","-101","-101","-101","-101","-101","-101","-102","-102","-102","-101","-101","-101","-101","-101","-101","-101","-101","-101","-13","-13","-13","-13","-13","-13"
"27500","-13","-13","-13","-13","-13","-13","-13","-13","-13","-13","-13","-13","-13","-13","-13","-13","-13","-13","-101","-101","-101","-13","-13","-13","-102","-102","-102","-102","-102","-102"
"28000","-101","-101","-101","-101","-101","-101","-13","-13","-13","-101","-101","-101","-13","-13","-13","-13","-13","-13","-101","-101","-101","-13","-13","-13","-102","-102","-102","-101","-101","-101"
"28500","-13","-13","-13","-102","-102","-102","-101","-101","-101","-101","-101","-101","-13","-13","-13","-13","-13","-13","-13","-13","-13","-102","-102","-102","-101","-101","-101","-101","-101","-101"
"29000","-101","-101","-101","-13","-13","-13","-13","-13","-13","-13","-13","-13","-102","-102","-102","-13","-13","-13","-101","-101","-101","-13","-13","-13","-101","-101","-101","-101","-101","-101"
"29500","-101","-101","-101","-101","-101","-101","-13","-13","-13","-102","-102","-102","-101","-101","-101","-13","-13","-13","-102","-102","-102","-13","-13","-13","-101","-101","-101","-13","-13","-13"
"30000","-13","-13","-13","-101","-101","-101","-101","-101","-101","-13","-13","-13","-102","-102","-102","-101","-101","-101","-102","-102","-102","-101","-101","-101","-13","-13","-13","-101","-101","-101"
"30500","-13","-13","-13","-101","-101","-101","-13","-13","-13","-101","-101","-101","-101","-101","-101","-101","-101","-101","-13","-13","-13","-13","-13","-13","-102","-102","-102","-101","-101","-101"
"31000","-13","-13","-13","-102","-102","-102","-13","-13","-13","-101","-101","-101","-13","-13","-13","-101","-101","-101","-13","-13","-13","-101","-101","-101","-102","-102","-102","-101","-101","-101"
"31500","-13","-13","-13","-13","-13","-13","-102","-102","-102","-13","-13","-13","-101","-101","-101","-13","-13","-13","-13","-13","-13","-101","-101","-101","-101","-101","-101","-101","-101","-101"
"32000","-101","-101","-101","-101","-101","-101","-101","-101","-101","-101","-101","-101","-102","-102","-102","-101","-101","-101","-101","-101","-101","-101","-101","-101","-13","-13","-13","-101","-101","-101"
"32500","-101","-101","-101","-13","-13","-13","-101","-101","-101","-101","-101","-101","-101","-101","-101","-101","-101","-101","-101","-101","-101","-101","-101","-101","-13","-13","-13","-13","-13","-13"
"33000","-101","-101","-101","-102","-102","-102","-13","-13","-13","-101","-101","-101","-101","-101","-101","-13","-13","-13","-101","-101","-101","-101","-101","-101","-101","-101","-101","-102","-102","-102"
"33500","-101","-101","-101","-101","-101","-101","-13","-13","-13","-101","-101","-101","-101","-101","-101","-101","-101","-101","-13","-13","-13","-13","-13","-13","-101","-101","-101","-101","-101","-101"
"34000","-13","-13","-13","-13","-13","-13","-13","-13","-13","-101","-101","-101","-101","-101","-101","-13","-13","-13","-101","-101","-101","-13","-13","-13","-13","-13","-13","-102","-102","-102"
"34500","-102","-102","-102","-102","-102","-102","-13","-13","-13","-13","-13","-13","-13","-13","-13","-101","-101","-101","-101","-101","-101","-13","-13","-13","-13","-13","-13","-101","-101","-101"
"35000","-13","-13","-13","-13","-13","-13","-101","-101","-101","-13","-13","-13","-101","-101","-101","-13","-13","-13","-101","-101","-101","-13","-13","-13","-101","-101","-101","-101","-101","-101"
"35500","-13","-13","-13","-101","-101","-101","-13","-13","-13","-102","-102","-102","-13","-13","-13","-13","-13","-13","-101","-101","-101","-101","-101","-101","-101","-101","-101","-101","-101","-101"
"36000","-102","-102","-102","-13","-13","-13","-102","-102","-102","-102","-102","-102","-101","-101","-101","-13","-13","-13","-101","-101","-101","-101","-101","-101","-102","-102","-102","-101","-101","-101"
"36500","-102","-102","-102","-13","-13","-13","-101","-101","-101","-13","-13","-13","-101","-101","-101","-102","-102","-102","-101","-101","-101","-101","-101","-101","-101","-101","-101","-13","-13","-13"
"37000","-101","-101","-101","-13","-13","-13","-101","-101","-101","-102","-102","-102","-101","-101","-101","-13","-13","-13","-101","-101","-101","-13","-13","-13","-13","-13","-13","-102","-102","-102"
"37500","-101","-101","-101","-13","-13","-13","-13","-13","-13","-101","-101","-101","-13","-13","-13","-13","-13","-13","-13","-13","-13","-101","-101","-101","-13","-13","-13","-13","-13","-13"
"38000","-101","-101","-101","-13","-13","-13","-101","-101","-101","-102","-102","-102","-101","-101","-101","-101","-101","-101","-101","-101","-101","-101","-101","-101","-13","-13","-13","-101","-101","-101"
"38500","-102","-102","-102","-13","-13","-13","-102","-102","-102","-13","-13","-13","-101","-101","-101","-13","-13","-13","-101","-101","-101","-13","-13","-13","-13","-13","-13","-101","-101","-101"
"39000","-13","-13","-13","-13","-13","-13","-13","-13","-13","-101","-101","-101","-13","-13","-13","-101","-101","-101","-101","-101","-101","-102","-102","-102","-101","-101","-101","-101","-101","-101"
"39500","-101","-101","-101","-13","-13","-13","-102","-102","-102","-13","-13","-13","-101","-101","-101","-102","-102","-102","-101","-101","-101","-13","-13","-13","-101","-101","-101","-13","-13","-13"
"40000","-101","-101","-101","-13","-13","-13","-101","-101","-101","-13","-13","-13","-101","-101","-101","-101","-101","-101","-101","-101","-101","-101","-101","-101","-13","-13","-13","-13","-13","-13"
"40500","-13","-13","-13","-13","-13","-13","-101","-101","-101","-101","-101","-101","-102","-102","-102","-101","-101","-101","-13","-13","-13","-101","-101","-101","-101","-101","-101","-101","-101","-101"
"41000","-13","-13","-13","-13","-13","-13","-102","-102","-102","-101","-101","-101","-101","-101","-101","-102","-102","-102","-13","-13","-13","-101","-101","-101","-13","-13","-13","-101","-101","-101"
"41500","-13","-13","-13","-13","-13","-13","-102","-102","-102","-13","-13","-13","-101","-101","-101","-13","-13","-13","-101","-101","-101","-13","-13","-13","-13","-13","-13","-101","-101","-101"
"42000","-13","-13","-13","-13","-13","-13","-101","-101","-101","-13","-13","-13","-101","-101","-101","-101","-101","-101","-101","-101","-101","-13","-13","-13","-13","-13","-13","-13","-13","-13"
"42500","-13","-13","-13","-13","-13","-13","-13","-13","-13","-101","-101","-101","-13","-13","-13","-13","-13","-13","-13","-13","-13","-13","-13","-13","-13","-13","-13","-13","-13","-13"
"43000","-13","-13","-13","-13","-13","-13","-13","-13","-13","-101","-101","-101","-13","-13","-13","-101","-101","-101","-101","-101","-101","-101","-101","-101","-13","-13","-13","-101","-101","-101"
"43500","-13","-13","-13","-13","-13","-13","-13","-13","-13","-13","-13","-13","-13","-13","-13","-101","-101","-101","-101","-101","-101","-102","-102","-102","-13","-13","-13","-13","-13","-13"
"44000","-13","-13","-13","-13","-13","-13","-13","-13","-13","-13","-13","-13","-102","-102","-102","-101","-101","-101","-101","-101","-101","-13","-13","-13","-13","-13","-13","-102","-102","-102"
"44500","-13","-13","-13","-13","-13","-13","-13","-13","-13","-13","-13","-13","-13","-13","-13","-101","-101","-101","-13","-13","-13","-13","-13","-13","-101","-101","-101","-102","-102","-102"
"45000","-13","-13","-13","-13","-13","-13","-13","-13","-13","-13","-13","-13","-102","-102","-102","-13","-13","-13","-101","-101","-101","-101","-101","-101","-13","-13","-13","-13","-13","-13"
"45500","-13","-13","-13","-13","-13","-13","-13","-13","-13","-13","-13","-13","-101","-101","-101","-101","-101","-101","-101","-101","-101","-13","-13","-13","-101","-101","-101","-13","-13","-13"
"46000","-13","-13","-13","-13","-13","-13","-13","-13","-13","-13","-13","-13","-102","-102","-102","-101","-101","-101","-101","-101","-101","-13","-13","-13","-101","-101","-101","-13","-13","-13"
"46500","-13","-13","-13","-13","-13","-13","-13","-13","-13","-13","-13","-13","-13","-13","-13","-13","-13","-13","-13","-13","-13","-13","-13","-13","-13","-13","-13","-101","-101","-101"
"47000","-13","-13","-13","-13","-13","-13","-13","-13","-13","-101","-101","-101","-13","-13","-13","-101","-101","-101","-13","-13","-13","-13","-13","-13","-101","-101","-101","-102","-102","-102"
"47500","-13","-13","-13","-13","-13","-13","-13","-13","-13","-13","-13","-13","-101","-101","-101","-13","-13","-13","-13","-13","-13","-102","-102","-102","-13","-13","-13","-13","-13","-13"
"48000","-13","-13","-13","-13","-13","-13","-13","-13","-13","-101","-101","-101","-101","-101","-101","-13","-13","-13","-101","-101","-101","-101","-101","-101","-13","-13","-13","-102","-102","-102"
"48500","-13","-13","-13","-13","-13","-13","-13","-13","-13","-102","-102","-102","-101","-101","-101","-13","-13","-13","-101","-101","-101","-102","-102","-102","-13","-13","-13","-13","-13","-13"
"49000","-13","-13","-13","-13","-13","-13","-13","-13","-13","-101","-101","-101","-101","-101","-101","-102","-102","-102","-13","-13","-13","-101","-101","-101","-101","-101","-101","-13","-13","-13"
"49500","-13","-13","-13","-13","-13","-13","-13","-13","-13","-13","-13","-13","-101","-101","-101","-13","-13","-13","-13","-13","-13","-101","-101","-101","-102","-102","-102","-13","-13","-13"
"50000","-13","-13","-13","-13","-13","-13","-13","-13","-13","-101","-101","-101","-102","-102","-102","-13","-13","-13","-13","-13","-13","-101","-101","-101","-13","-13","-13","-101","-101","-101"