"Step","Group: UTE - eval/avg_reward","Group: UTE - eval/avg_reward__MIN","Group: UTE - eval/avg_reward__MAX","Group: TempoRL - eval/avg_reward","Group: TempoRL - eval/avg_reward__MIN","Group: TempoRL - eval/avg_reward__MAX","Group: EQL_geo - eval/avg_reward","Group: EQL_geo - eval/avg_reward__MIN","Group: EQL_geo - eval/avg_reward__MAX","Group: EQL - eval/avg_reward","Group: EQL - eval/avg_reward__MIN","Group: EQL - eval/avg_reward__MAX","Group: DDPG - eval/avg_reward","Group: DDPG - eval/avg_reward__MIN","Group: DDPG - eval/avg_reward__MAX"
"0","-1345.6058744690904","-1497.7731029019437","-1153.0128476951738","-1345.7120048970537","-1516.6107126585766","-1203.2852723368026","-1345.7120048970537","-1516.6107126585766","-1203.2852723368026","-1345.7120048970537","-1516.6107126585766","-1203.2852723368026","-1351.2246408057715","-1480.4681560780632","-1154.0095024908212"
"300","-1344.5641995321228","-1489.1828888314335","-1152.8545769079715","-1345.7120048970537","-1516.6107126585766","-1203.2852723368026","-1345.7120048970537","-1516.6107126585766","-1203.2852723368026","-1345.7120048970537","-1516.6107126585766","-1203.2852723368026","-1351.2246408057715","-1480.4681560780632","-1154.0095024908212"
"600","-1348.109160649467","-1486.4248872779337","-1165.1003255296598","-1345.7120048970537","-1516.6107126585766","-1203.2852723368026","-1345.7120048970537","-1516.6107126585766","-1203.2852723368026","-1345.7120048970537","-1516.6107126585766","-1203.2852723368026","-1351.2246408057715","-1480.4681560780632","-1154.0095024908212"
"900","-1348.9904041085679","-1482.2995102489938","-1166.8626125530634","-1345.7120048970537","-1516.6107126585766","-1203.2852723368026","-1345.7120048970537","-1516.6107126585766","-1203.2852723368026","-1345.7120048970537","-1516.6107126585766","-1203.2852723368026","-1351.2246408057715","-1480.4681560780632","-1154.0095024908212"
"1200","-1539.8527266041692","-1694.6465024214394","-1380.56263614324","-1572.877137099191","-1633.2238505707028","-1478.6411176310162","-1609.0188740910846","-1776.2132159258676","-1478.5898169734774","-1628.6727565174074","-1791.2887236580154","-1504.5877156217302","-1623.0504161097695","-1838.234258832935","-1501.9399842001972"
"1500","-1504.1300720298293","-1648.0614354633854","-1455.1534300092214","-1488.7384288665246","-1535.5393444817842","-1427.7472328099195","-1519.8976874757725","-1745.328563650494","-1458.0016077016228","-1541.791349613754","-1626.3300931057852","-1471.2691762593531","-1490.3270178573375","-1541.433719955816","-1434.9014121513083"
"1800","-1387.309385493448","-1499.1372834545691","-1208.8555718871298","-1436.6202579257972","-1590.088924908107","-1312.4028383611183","-1413.4684726479602","-1466.794828220944","-1288.5780205564433","-1436.873795279993","-1506.4799929801682","-1349.0881538121873","-1409.548160229011","-1471.269826309691","-1225.9041953077194"
"2100","-1229.0376720699592","-1301.4454728098476","-1165.8813274472789","-1266.282942944073","-1325.963602293082","-1205.928354045735","-1285.1300696167534","-1372.6865003514254","-1150.0750134912323","-1238.1253826816758","-1341.7175355198954","-1165.3173417927514","-1262.768158058821","-1421.5446033629714","-1129.9930125265448"
"2400","-1133.8053623338506","-1273.7266294603642","-945.0007346516956","-1099.144240396669","-1256.389128165724","-915.6566555905862","-1102.348475620484","-1187.647943945055","-921.3967863712893","-1010.8190431815377","-1194.1206973363828","-718.0345279909462","-1081.4593996585968","-1225.082886650613","-920.6179334001139"
"2700","-948.8136832153702","-1222.5853070466499","-759.9782500171948","-1001.8774184702013","-1225.5529876211979","-802.7785532097023","-896.9839149677721","-1056.3231681047778","-623.2453632594854","-1003.8070711472179","-1391.697979135483","-543.5790983427217","-804.9627545984047","-1002.3949624669042","-533.6804872847106"
"3000","-776.4112586750401","-1042.8704445954108","-168.05971861446864","-759.4444177313294","-969.7801811644729","-182.4252915886555","-615.217371101709","-1102.6266619367013","-325.29350698285435","-659.8830090873752","-1054.9846945193058","-328.7034854213772","-722.8565950267689","-1249.6181114852805","-186.60344522374868"
"3300","-480.7638923918279","-924.3690520300339","-161.29004299941795","-514.6358455245391","-701.1595086391261","-224.31710911705127","-397.323431001358","-720.2980694994269","-155.0463346990826","-600.7022877549729","-1239.1186967827139","-192.2911919880065","-483.2792519814355","-1136.3427951389644","-185.11089453209348"
"3600","-287.3987428522393","-481.2021827803034","-158.86046423983228","-293.14660506301607","-399.27769886729095","-153.24548710692792","-404.4690197065149","-874.085073679103","-153.95802820988894","-497.74769675816043","-865.5340135344707","-180.4123197482167","-450.223374720431","-1158.7014870490884","-153.4207735051187"
"3900","-279.6728182194034","-611.6305148033027","-129.87095184569526","-255.06228735776216","-914.7119540669333","-125.13652088499319","-366.3195956686715","-1100.4916015676752","-126.04796867590441","-319.8041580762791","-893.0871135471883","-178.9613846982916","-324.05606269008496","-714.1228174808997","-132.7969970702811"
"4200","-218.2407725482758","-408.3701765559166","-125.59139432698377","-166.11940512066678","-220.43394813088534","-123.52276346227197","-296.18376551953986","-1207.3988337199985","-127.60714849228452","-333.9594721445168","-743.3946262252853","-129.61374033670592","-247.89355557627636","-573.0535284431395","-126.47537520975266"
"4500","-197.00651856429144","-348.64697802365487","-123.46955951163326","-186.72220961667975","-413.3732972420682","-122.12384704011313","-200.4380284012551","-362.2219856042242","-123.27583208693443","-223.49423558531453","-390.40218671203786","-124.17334135780837","-302.7192775475239","-743.718327437977","-125.21592142471172"
"4800","-196.21136736111873","-404.6241596051514","-123.79789096619098","-166.06420618167084","-237.5188982094707","-120.75788031714232","-152.10758353842664","-211.09553999274763","-120.72252791869855","-201.9693443181825","-618.0931818323999","-121.4777694816137","-225.4919651708783","-584.6353248321232","-125.19486191682395"
"5100","-247.88729446180915","-510.04457492058236","-124.27600632795267","-179.95751581717943","-326.9535526142514","-120.58311840997355","-190.47241077488894","-376.52646432994305","-121.22388354473942","-191.5885506197159","-364.46347803866206","-123.4057500597432","-191.1819980745783","-555.6800379345088","-120.16243296474379"
"5400","-203.46992246144197","-385.86760487612185","-150.82485336495415","-197.14774595598044","-405.9942433326673","-121.29918694816665","-190.01261100119638","-406.23221522084805","-121.77826124706273","-178.84005361267432","-376.9793468858124","-118.94293329439282","-208.85946271453267","-747.392134365097","-118.97722216509324"
"5700","-215.56904672187684","-324.9738216536772","-122.62856811708168","-218.38706868970993","-496.7816709771829","-120.16175383417003","-190.43672976418446","-354.9092100552784","-123.23471519230377","-149.67341265222626","-206.56027898201924","-121.44566669641893","-206.32294849401129","-581.882665770878","-118.84305035554237"
"6000","-223.99070970810095","-357.5643770059181","-120.63640192559924","-246.18623300147047","-563.8886482382401","-120.64290255360216","-164.06575393010644","-218.26348858984034","-120.47856797971124","-151.12022890911112","-201.74338736428973","-118.5263397235392","-156.24700339545888","-234.78571895692522","-118.97184956793762"
"6300","-211.0549052863662","-645.9735518214072","-121.90308678682575","-285.12745805710045","-623.693673435451","-119.68399026322234","-277.9748440812092","-729.7914829917033","-130.71122570139116","-153.98173144905792","-208.21190752599446","-120.59861562471747","-186.4612106199458","-546.5750461930579","-119.47230432550141"
"6600","-205.0390337478027","-428.08291223308333","-124.90826034161744","-254.55693799541078","-548.4224930186149","-121.72991064852359","-184.52605149084465","-473.613982488859","-120.34655884253812","-151.7810006143778","-205.30939120629228","-121.32230511641917","-150.04806583438133","-204.60913244077855","-119.85686412645755"
"6900","-249.93155787506504","-748.2650993375521","-120.88610674849456","-217.3966637433793","-482.69516165490614","-118.31216538507798","-153.71537870964892","-201.04262894304975","-124.2499379047232","-149.58699698125452","-205.34395599793908","-120.90606015571684","-188.17983760699684","-548.8181948501215","-120.31849300914453"
"7200","-171.63023386983292","-298.913833823609","-124.07996581202751","-257.8118334740393","-492.5370675819804","-120.18417542385535","-177.30949449594831","-285.37988421193825","-123.5676681883524","-150.02530658420272","-208.2238371728789","-120.1809608167473","-153.93088488794123","-218.013311150341","-120.54248986433961"
"7500","-185.08907202812892","-321.0260420221137","-122.48466841588956","-285.5701247149594","-614.6379279499532","-122.17138097345519","-158.48743586752676","-214.60689326483651","-126.4333408759599","-152.34035957884663","-206.1104950027564","-120.26876383110134","-186.01362241457852","-514.6712112478323","-120.83041603713248"
"7800","-199.60038030852348","-330.48591566848296","-125.01014354414797","-261.8064495633565","-508.2097286923733","-123.43022392726076","-158.99508334307095","-208.50803553094474","-126.98509075712646","-165.7088644873469","-298.7661353249863","-120.16733450965742","-152.75349948748024","-221.62339165924124","-120.69406084351195"
"8100","-164.85396823755138","-222.54537426347147","-122.79786591935667","-264.38748079058985","-554.6099845219335","-124.09607182090708","-156.175448975724","-214.3333265400904","-126.56600228524015","-151.56581490772163","-207.31286592412727","-120.48645357697815","-153.18944402679608","-215.7876783357529","-120.84747779676688"
"8400","-177.1511977414832","-228.51451421968986","-122.05366731391373","-256.62453658354895","-529.149683822234","-126.44547693796058","-163.33557007878386","-235.15972630702694","-128.95115743115068","-154.32037288009332","-203.48671476297503","-120.38222839801976","-165.63209159658683","-272.78564992324004","-122.50447028850017"
"8700","-155.99599067072205","-205.28620649212507","-122.8706858974909","-261.19743240443404","-529.168746927643","-128.2617167644014","-156.1846034725531","-210.80189990773732","-124.17299337805113","-151.90004854708343","-205.5314019631341","-120.87006091944349","-154.0012472578752","-220.19843817564274","-120.50673529034695"
"9000","-183.81549731456988","-271.4428678711298","-122.18206926988469","-291.84054654122025","-451.9810828541762","-128.99528693878088","-163.41271226909083","-222.57003445830023","-124.71674564032011","-153.28282030057008","-204.15939880442892","-120.48460225842427","-153.77554458683676","-208.55751466139478","-120.08251456222982"
"9300","-192.4631091417138","-540.9984179561777","-120.99200572491763","-320.5109141563427","-634.8231283803286","-144.5289996113318","-162.15303787862112","-254.4674205264302","-123.22327433593156","-150.4534637021292","-204.60682615859386","-120.81093055693432","-151.5192498942542","-205.65540925273007","-119.89072483853934"
"9600","-163.67599799233545","-227.26223746852065","-120.3994504818883","-248.33625185786588","-395.99560808798003","-124.27083330396624","-153.09807124644811","-206.67629886695622","-119.38038293480122","-150.65674000672362","-205.74013214766774","-119.63941535097017","-193.2715110448543","-601.0000913067935","-119.12219377818556"
"9900","-160.0010924962995","-228.74463747868262","-121.91170500553048","-319.07278290199906","-497.6045477060114","-124.46225286634963","-160.77175753641004","-248.80389859645433","-120.53649083025577","-150.67519540341542","-204.50242542675264","-120.03158145429465","-151.43397040893916","-203.94259233660222","-119.37158836523778"
"10200","-185.5912253002443","-480.515851689688","-120.50096377316984","-266.2908677962208","-472.83348487537603","-155.21816959701363","-155.13540640041694","-204.99623793358228","-120.44972899794455","-151.3909506354994","-205.40024148517531","-120.75559704379069","-151.13318284668753","-203.40861707420117","-119.1345931018136"
"10500","-168.16261625760404","-250.76471961837575","-121.7120620505568","-250.887435606466","-401.9831338085371","-125.09356805974676","-158.77198677864135","-206.37240148762447","-121.1801964418361","-150.95236195085192","-206.66560502005692","-121.27092067951803","-171.08119200212744","-324.3397548719216","-119.13857998595435"
"10800","-166.81087704334996","-213.6563578179643","-121.30756603706136","-306.27979330974443","-522.4453600945706","-148.460652441133","-159.71097817359492","-258.7301937311274","-123.6278500529259","-149.9307138399338","-204.7481950664545","-120.86522245656715","-150.76291354291567","-202.9054119025372","-120.53629757111769"
"11100","-184.06835965905267","-329.2986032484152","-122.23628320230455","-314.05013178673755","-544.5612733984847","-171.7469994875541","-152.62491880353326","-204.39131212323886","-121.21585011725271","-150.3559264584012","-205.61976288560672","-121.18955046614872","-150.45355247723214","-203.6866098315061","-118.62560895539477"
"11400","-202.4500854107184","-453.26428819630803","-120.08253148628077","-278.7452008132142","-530.1460900890179","-125.4970576664884","-154.89203810647706","-204.38958179765933","-123.09120309213645","-149.6883511702793","-204.97297042102878","-120.8182132427387","-150.55607630437757","-203.45195942005725","-118.64842834335134"
"11700","-168.70736768471838","-277.090158786211","-121.13881190242549","-276.82309315404115","-538.7131217006261","-126.15600568067399","-158.64897240143588","-230.43101065766632","-122.94681276389151","-150.3192872587769","-205.90881762949343","-120.42051387433268","-150.06682512471983","-202.09650247668404","-121.02170167286104"
"12000","-179.79581577135818","-253.99913829672988","-123.15326977322857","-264.2442134929433","-569.2467216643477","-125.00761603845051","-161.39268508718268","-204.75276981514767","-124.11068566841172","-153.17581397232033","-206.4055220977995","-120.59843222970085","-151.77214120829927","-204.30111813624984","-121.70889597665071"
"12300","-182.44155889339052","-327.59728002345","-120.96327822621849","-238.39970512597142","-567.6466058442187","-143.86351607861013","-187.44821190455582","-471.9620572134675","-123.02130923171906","-149.81948926774834","-206.73307745631683","-120.15286876150633","-162.7113726501106","-260.06597348098626","-123.2251218434789"
"12600","-162.5632928106889","-251.11179213514274","-120.15190095633011","-222.6080826372958","-435.2701071545428","-122.18468432889495","-154.31191726921617","-205.76174150520797","-123.40413452021585","-152.3317840605723","-207.75373246563794","-120.0421785436761","-152.76294700530178","-217.72415561451953","-121.8722310130488"
"12900","-180.47007879849963","-339.3739491515813","-120.1972800343045","-232.76243579775118","-539.3264961662437","-119.80537026252537","-168.9838506214473","-317.9866236134078","-120.59834158714064","-149.76851092967988","-204.91967925891245","-119.8134899358025","-151.56821559519935","-206.38208380877668","-121.0528237014942"
"13200","-165.60888676823143","-223.4637623395191","-120.64870319608474","-211.17686117994427","-373.19455385678225","-118.8676494253499","-175.19278939741696","-399.45651257023405","-120.42678316052536","-150.01490607260075","-204.8015340204065","-120.53833772165338","-152.4877036139516","-216.6140198054809","-121.81373974609014"
"13500","-172.10691682308783","-297.81110875277636","-124.89727405371119","-256.89099504204705","-443.4229655743737","-146.16840471939418","-184.2708340840562","-353.0737157304796","-121.0282858334856","-149.58344408720606","-205.68672679398423","-120.49491305357313","-150.75718228752265","-202.37452221902498","-120.66287505858915"
"13800","-174.55550459176624","-334.61742480502744","-120.1669084555474","-249.2940312276991","-448.6573610239785","-132.04888803431305","-180.75909381879364","-431.12178840963963","-123.60112299009839","-151.8970877324461","-206.71360387250988","-120.60630988648293","-152.3499050999289","-218.07186413351093","-122.38743639247157"
"14100","-160.91174000874648","-248.7118956022367","-121.40065266682723","-246.80998200769733","-567.9927350838693","-120.74380212834365","-179.29571252728502","-305.2040698236857","-120.43353822685765","-150.42144068941013","-207.48515288754476","-121.51129456592795","-169.1852206953086","-318.0077860023","-119.65140005374136"
"14400","-198.31598477412808","-500.28620499302326","-120.18234433525895","-218.63414800912196","-483.6040050053369","-133.8731913322912","-170.65428934191067","-294.72731162955944","-123.10994139785552","-152.39934040204136","-206.37765377111606","-120.95159365503014","-151.15522656690126","-203.17860856135155","-119.52784385742771"
"14700","-170.31897800096712","-297.3603497994562","-123.35454411484962","-176.46641968873263","-227.63031106926374","-118.81901993828042","-180.7606840641623","-399.8999700092294","-123.70790262335659","-150.32474747561568","-206.95112665135053","-121.29709159810497","-152.86959531594772","-218.26761968480508","-118.80673290126518"
"15000","-163.7346677620926","-251.60882973694257","-122.3536645900858","-220.64290995642028","-417.6269684650516","-128.90589158449083","-166.9807740600663","-300.12505698569913","-121.22404423555085","-153.8197696245806","-232.99510855284393","-121.2130445948552","-170.73989709720553","-327.65798274244503","-120.38396855694296"
"15300","-160.99737528219381","-237.3944073860442","-122.11998763211348","-238.68155209291731","-453.7376649742252","-119.73242096740626","-178.92678642813505","-377.4827928809914","-119.81136378478439","-149.95054460609603","-207.23290416015783","-121.25389959173879","-152.2000462115294","-216.53950719160002","-118.77994266825291"
"15600","-178.86234084433525","-323.58611934404036","-124.12087244714905","-222.83694712402462","-402.0546566261945","-120.00574714109207","-152.57226452804824","-203.9855060676336","-120.73348509775107","-150.6590699966887","-207.43395536949902","-120.752798040452","-152.5981819112538","-221.63447031147453","-118.94864820673816"
"15900","-156.74938072574562","-203.075854453382","-121.52625327053565","-224.70566051416137","-440.67738796327177","-118.70664499895994","-179.0384498672285","-303.2423817673865","-121.58710483041048","-158.57961135081268","-225.25081816298842","-120.12053997662186","-151.91970865047693","-221.10739229485768","-120.089966745565"
"16200","-180.3693072636471","-399.951868172983","-121.86357154038919","-243.88129517491376","-353.25382777743124","-145.09301880072863","-165.01965431233606","-303.34454910725054","-120.92022330319988","-156.6370227440009","-224.9884130726276","-120.2950586100422","-150.9903470308064","-208.94550708227627","-119.87866914881931"
"16500","-175.75100648485338","-387.8358714260001","-123.697180826149","-279.2692763928431","-505.28400594579887","-146.17734861173489","-152.3974710207698","-204.23885820031734","-122.98906018327754","-150.14926691583773","-207.04217773414507","-120.8148581048981","-151.93031423588252","-221.59477258976204","-120.01058318936491"
"16800","-162.90071841527327","-256.4354366290298","-122.59334520017637","-250.76129809059012","-493.16711647510647","-128.52324813906716","-160.18767929687684","-207.27959468518924","-120.2760841219964","-151.37510840714953","-206.6921939377575","-121.21161511914465","-150.4751700048167","-216.84970297415916","-119.36996842088615"
"17100","-168.53124434842857","-280.35145393487807","-124.11399615748078","-243.4095644662596","-551.2757027426253","-119.9991193344634","-153.99292785567033","-205.76320632861112","-120.97644506348702","-152.79145376456793","-207.66291259995722","-121.1711355607124","-150.23234146444887","-213.43191725187808","-119.49060874784178"
"17400","-152.18286714588413","-202.1620656192103","-122.18689623275668","-267.64648003527975","-402.91818970953454","-118.76394517030508","-160.3852536304237","-248.70572516375123","-122.93619954562807","-150.2198164037135","-208.67442407140288","-120.98293151041847","-151.74950413180187","-223.59164034568556","-119.61818131833971"
"17700","-160.9973038206859","-218.83591743996575","-122.60617851420902","-237.7898994637725","-367.24521565111206","-120.63369130338658","-155.5561307063547","-202.7760649707987","-122.81245434233877","-150.3606937436596","-207.81892265452262","-120.86615877073318","-152.75618011590572","-224.90725543571997","-122.21710240548559"
"18000","-184.7306806796717","-405.89925721584234","-121.59069180160475","-255.94619418775082","-389.3127481737263","-120.98040320300511","-156.23699580945677","-205.57061694422129","-123.94765719578497","-150.15463648307903","-207.4875155949252","-120.37301376442944","-153.04773582188886","-219.28041886241058","-120.66671835982461"
"18300","-152.12098514388686","-204.0030904244372","-122.76624907501773","-223.65481971658565","-307.91968052716055","-145.05174332533858","-155.41109917368118","-207.00022701800145","-123.07703068193538","-149.36342208685878","-206.50295618178976","-120.77924541656816","-151.02131608594613","-218.64629282401748","-119.96808074967403"
"18600","-157.23531891023825","-202.21577351852093","-122.01730862431705","-221.74356291377475","-412.7634937965455","-131.83906826811807","-161.3408149983057","-224.50622310575926","-121.57078002174816","-152.36100704178443","-202.93238171298012","-121.04379523440244","-150.9032134842638","-219.4092045791459","-120.80489511281455"
"18900","-154.48698313569747","-223.10504588989428","-121.0826459046225","-228.08669157359745","-412.45180665728424","-120.76503774246649","-161.8324658509997","-208.75463639234567","-124.9506992110415","-150.22463488524895","-205.56198547697576","-120.3699679605048","-170.7847740438451","-392.23389898211724","-120.52079765390909"
"19200","-152.54810935539697","-207.88112654595867","-119.9016703324947","-225.53039692171257","-456.9400643334467","-122.58344206926802","-152.77941498527085","-207.13718721914734","-122.66618365984205","-150.14135096819103","-205.71908329749144","-121.30674444842361","-150.42353427445465","-218.15109251688256","-120.36921790070744"
"19500","-160.90272260377478","-206.02373542921595","-121.39323910225376","-240.39990678624903","-497.8086684887477","-131.2753210595406","-156.4789878328394","-209.0581445184382","-123.95753348977026","-150.4481619555971","-206.23895877227505","-121.73297625922037","-149.97456297487574","-211.60983996254936","-120.66419869852552"
"19800","-164.97360704853352","-241.64153897511568","-121.16466729154278","-198.49121848141587","-250.20742139263567","-123.21759708942639","-163.65896296334742","-208.13306237670275","-133.33943343091403","-150.2342876104512","-206.88136406861318","-119.3999685645686","-150.19579582115125","-209.93757874777097","-120.5536320310013"
"20100","-149.76027685349842","-201.56114188184375","-121.63285709911506","-216.54233395235605","-369.101331550482","-122.98461025762867","-152.69698476642037","-204.16499394844647","-123.18577162212655","-151.1746488681419","-207.7591496748145","-120.43363832567914","-150.4043299919518","-218.89475889069814","-119.92895016570814"
"20400","-149.14775456908978","-201.6840610338321","-121.72862511988919","-216.5281238011571","-383.59780385684553","-130.6649611035654","-158.67131401969172","-210.2007106513076","-123.01216149586344","-151.10119892191216","-203.5050263648715","-120.48251832598892","-149.3246662479059","-210.9672640006549","-119.7587957516597"
"20700","-154.29552325234866","-201.95592935285282","-121.97303774127053","-214.22066276778614","-434.42978112199626","-121.15571158200336","-172.84046684640848","-240.2409592635966","-124.52153552898596","-151.3215586339555","-206.27462443561694","-120.1092730280873","-152.76064939363488","-209.9722750859152","-119.88199454980949"
"21000","-176.339001694751","-324.87000919418335","-120.46150906026044","-216.29850743987407","-577.8145968253951","-121.25511676242752","-160.50251234946762","-208.97593554600797","-122.78997027844227","-153.2685640726508","-204.32312487322343","-120.46933833732214","-148.3515203599477","-197.1510044015078","-120.24367225617694"
"21300","-151.92875183767788","-200.23792830282076","-122.23294008728453","-217.3596061909687","-424.9874799361386","-121.70469625726214","-159.84997609846135","-207.43664263987444","-122.68293319639459","-150.71067227677585","-204.86975355985965","-120.36616359513819","-149.04765556514374","-199.5447002100746","-120.50802865079706"
"21600","-156.38894679121984","-222.18858847274655","-120.25718861069561","-213.6746354413884","-438.59311201319423","-122.00702891053353","-156.79896026627833","-205.81849752619206","-128.91221346070304","-157.0103062527198","-203.91844317575985","-121.48146166581898","-148.75733270694946","-198.5383168083039","-120.65994163706685"
"21900","-151.59585445921203","-204.93239681176811","-121.10963755280918","-228.0032296748373","-478.525450033766","-143.33589677658554","-158.87599681208917","-225.02667881135045","-122.02990546472714","-151.6973057990478","-205.9485860867529","-119.80931323845644","-148.46552305834604","-200.13020448695656","-119.80970846639283"
"22200","-148.39251308482426","-201.01257602202094","-120.42578750056009","-229.38877699275304","-438.5288993598703","-122.32115093848071","-151.6682283215868","-205.09987139569708","-121.25692107462571","-150.89543267290463","-205.9704563568239","-121.50019787995022","-149.36195331541057","-199.6861564137182","-122.50597984518531"
"22500","-148.5253542154576","-201.98502665265386","-121.36512849966934","-225.91557112087918","-487.6494661555653","-122.35306995888217","-154.52017421960718","-206.42877782903187","-121.38226534678117","-153.22708138860972","-208.79412652316705","-121.78641522574608","-148.88977540890443","-201.40157235210253","-120.09356169363105"
"22800","-153.16088751353357","-201.51220894950538","-120.87117311815084","-220.71493573395097","-405.3555172437952","-120.54900636672521","-156.19092474937224","-205.2024339779095","-122.19808801367901","-151.0407393750417","-205.7192589663082","-121.47339083233763","-148.56812466550258","-198.92629628549793","-119.83682375688315"
"23100","-148.30983973969364","-203.09534504129695","-120.3329531126968","-203.15407134635836","-472.26919713111994","-121.11957048070762","-155.69395442112165","-217.68425304758193","-121.07800046721158","-150.87112321978023","-204.93039071001604","-120.99722594472223","-148.78612982731187","-199.59887008598554","-121.2514488140891"
"23400","-153.03199654723227","-202.47922730484464","-120.52074239885465","-214.18007874887627","-359.51495292913233","-120.59171114542292","-149.5339305542389","-201.51486364312302","-121.33162822269928","-150.936820349774","-204.7798400628773","-121.25764994389723","-149.11503683554267","-200.97151828263452","-123.01087285574685"
"23700","-159.13216174423394","-202.63818933319698","-120.25293306113319","-219.42665825817343","-369.62778664802676","-121.25215751457873","-151.8726103482828","-204.01766424860517","-121.00865004568061","-150.83333923281162","-203.95033958465135","-121.25757912853177","-149.57746303583025","-201.14014870519787","-122.72129471601673"
"24000","-155.75754606507684","-201.778905832466","-120.37645182790455","-210.84518014999338","-480.60611963959707","-121.78258075537401","-150.2487449035015","-204.07483811651252","-121.87426463303791","-151.2377998224589","-203.68387120847575","-120.91569823528755","-149.59113147401882","-201.00548063664445","-123.67329255496733"
"24300","-153.53004393429762","-201.3624633234858","-119.89403269677898","-204.85159547562358","-559.4059398831896","-122.32468699523079","-152.1373556180903","-203.1826425244687","-120.41281218418325","-150.7285425838332","-205.67845850596103","-120.862952019456","-149.2445847026708","-201.14076460079454","-125.15252345657343"
"24600","-152.99079572802458","-201.81344295738853","-120.56671043003257","-218.58918836322155","-545.5068133605208","-120.9794603153877","-152.2854485503441","-202.302590324683","-121.41175859792652","-150.14913761721095","-204.8187166347932","-120.9688819797645","-149.3624641481859","-200.96359311772866","-125.29872523426675"
"24900","-147.86107657786525","-200.93523902217004","-120.02200485235353","-214.56976136996724","-419.9546358727416","-120.6701651039435","-152.288885574684","-202.26358620684414","-123.04049246979139","-150.63613441169872","-203.73506579393785","-120.45874103766687","-149.80746655419475","-202.75878419441446","-124.19101825927585"
"25200","-155.38730939039667","-200.8139472042203","-120.19660431514254","-220.11258658614815","-534.534582197218","-122.44069724123794","-152.85042815096497","-205.90867046188046","-120.85841960893313","-150.33999861287458","-203.29826079491426","-122.31915429992458","-149.36599946808565","-200.36403851743293","-124.67121188071523"
"25500","-150.55148067929008","-202.07305547328184","-119.51447386935445","-233.19797652496285","-604.9058367242835","-131.55238971055377","-152.49766132499985","-205.0277705752338","-120.68314047753395","-155.7824031443507","-223.09933831106272","-121.3292541778153","-149.5121628107655","-201.82057970893374","-124.19548387910132"
"25800","-155.65616142772893","-201.6653754505101","-119.468364560895","-198.68251166276298","-388.44407857750167","-121.89341182249925","-155.6395556836116","-225.7050148705119","-122.68720139672932","-152.40390488071162","-206.21299896713109","-121.15226330032218","-149.00004385797237","-201.81469624273274","-123.15795324468952"
"26100","-167.98997227038845","-275.9449319947551","-119.38484074585794","-234.46045989114936","-472.87276848778293","-121.95795926770593","-150.16949064464364","-206.18832596669648","-120.67941167324219","-150.1925268512373","-206.33726961901365","-122.0088394380524","-149.15484837812852","-203.38807341470678","-123.20724037203004"
"26400","-155.31713018295574","-200.65771631631998","-119.11833391135133","-190.17080712349343","-394.0047898436394","-120.9090509790329","-158.27198460193674","-252.60216936158344","-120.88791652077221","-150.1008613678699","-205.28274817680904","-122.09060782170359","-151.96276719331019","-203.85668353182444","-122.44766256842738"
"26700","-175.7150008910415","-277.03945202444464","-119.34754914102277","-183.76688771609932","-294.0936649922151","-120.92206071362621","-149.93326336553378","-206.23163018267596","-120.46160786175594","-152.26291210474403","-203.00162900901063","-121.83742753675494","-149.28995168588077","-205.26641718497257","-121.95980782384281"
"27000","-160.63104626682508","-252.25579152265328","-120.33527258588492","-227.83230216330395","-503.8381269423081","-122.18814433150824","-150.59790869786568","-203.13763409958528","-121.46843914901426","-152.6143228448043","-201.82167601361274","-122.09157779044055","-149.28966392597366","-205.63415348504094","-121.54153637606098"
"27300","-170.38040720080616","-299.27119623196114","-120.40641464080227","-208.68477843895334","-481.2737368071242","-121.09488426412504","-154.9009106805111","-206.16685685733736","-120.81681694344184","-149.91948299065882","-204.3343141059094","-122.16395422536785","-148.99072173810515","-203.40724360359673","-120.48290803516504"
"27600","-165.5755079771175","-303.30039149379473","-120.14348205815043","-192.60352322804616","-449.68484656834744","-121.04060128236242","-159.79096098380438","-274.63565532911406","-121.8290738961806","-150.28261337166379","-205.13375486867193","-122.48237165484434","-149.36417459646222","-205.05557517966903","-122.1377756480089"
"27900","-163.04866174017133","-251.14108611504898","-120.07754426645738","-216.5343246715202","-508.06867460228096","-122.24708324659032","-162.47390879183644","-250.45774056809324","-120.73062725764746","-150.50651187703986","-204.13209129150138","-122.12866797296388","-148.57080445195203","-204.1068455916634","-119.87076345894434"
"28200","-168.1402888764961","-303.25665536354524","-120.74099453204147","-241.13176686134588","-565.0447390299356","-121.36985628586758","-173.92216103491867","-385.38858892268263","-122.51390479171383","-153.10057879931793","-202.49846709644382","-122.33714966980043","-148.79320458838816","-203.81722308710394","-119.67369599828456"
"28500","-199.18271090491862","-432.7438872114768","-119.84482737060026","-239.22424983230513","-470.60455123576196","-121.21951015817857","-158.21799153188394","-228.1593982867293","-120.2482519151765","-150.7102022178719","-203.55780141441613","-122.1672452474638","-148.90488675891362","-205.55481473228687","-119.58080120925347"
"28800","-165.6220980144031","-275.56639893399495","-120.02768190282639","-236.96867212722222","-511.591861324922","-120.80253524016948","-168.6161088853972","-354.74231115699206","-121.17227363396402","-150.5826261024268","-204.02090205135073","-122.18855407243318","-148.80217072186343","-204.8604148199911","-119.82179147899492"
"29100","-161.31465255690512","-253.3633434935919","-121.38139186262792","-232.77034344537242","-466.0431263866514","-120.82737029423382","-176.0744171687541","-426.47324473090475","-120.335209787244","-150.57386842564745","-204.72779633903062","-122.17568246567846","-148.4147747211112","-203.0059011380361","-119.77784895316631"
"29400","-166.19630283779776","-303.70727249470445","-120.48352416251691","-220.1644570755747","-542.3240793426228","-121.08221515799092","-153.1136167623856","-204.25414423328374","-120.54594488286605","-150.5255468916243","-204.01706611446235","-121.9502112565394","-148.12741248574184","-201.15558900368134","-119.58185076421746"
"29700","-164.19196707671003","-230.9994463769121","-120.76039010652251","-203.35541465791644","-477.9714046664029","-120.75363438252953","-164.1505808123831","-309.233910981026","-120.49761540252521","-150.1405408244396","-203.27595573156069","-121.49274795310275","-148.63273154601896","-203.98374110088884","-119.69938319025005"
"30000","-160.82857335026094","-254.24712201609537","-120.1988685032178","-230.8372947586151","-636.7242449631998","-120.24735398645596","-164.3539421018808","-301.70738026455865","-121.31710739605626","-152.50272054420975","-203.79681484961546","-121.53611070288134","-148.35662572405005","-203.85800568157393","-120.34400423992501"