"Step","DDPG_EQL_FetchReachDense-v4_9 - eval/avg_reward","DDPG_EQL_FetchReachDense-v4_9 - eval/avg_reward__MIN","DDPG_EQL_FetchReachDense-v4_9 - eval/avg_reward__MAX","DDPG_EQL_FetchReachDense-v4_8 - eval/avg_reward","DDPG_EQL_FetchReachDense-v4_8 - eval/avg_reward__MIN","DDPG_EQL_FetchReachDense-v4_8 - eval/avg_reward__MAX","DDPG_EQL_FetchReachDense-v4_7 - eval/avg_reward","DDPG_EQL_FetchReachDense-v4_7 - eval/avg_reward__MIN","DDPG_EQL_FetchReachDense-v4_7 - eval/avg_reward__MAX","DDPG_EQL_FetchReachDense-v4_6 - eval/avg_reward","DDPG_EQL_FetchReachDense-v4_6 - eval/avg_reward__MIN","DDPG_EQL_FetchReachDense-v4_6 - eval/avg_reward__MAX","DDPG_EQL_FetchReachDense-v4_5 - eval/avg_reward","DDPG_EQL_FetchReachDense-v4_5 - eval/avg_reward__MIN","DDPG_EQL_FetchReachDense-v4_5 - eval/avg_reward__MAX","DDPG_EQL_FetchReachDense-v4_4 - eval/avg_reward","DDPG_EQL_FetchReachDense-v4_4 - eval/avg_reward__MIN","DDPG_EQL_FetchReachDense-v4_4 - eval/avg_reward__MAX","DDPG_EQL_FetchReachDense-v4_3 - eval/avg_reward","DDPG_EQL_FetchReachDense-v4_3 - eval/avg_reward__MIN","DDPG_EQL_FetchReachDense-v4_3 - eval/avg_reward__MAX","DDPG_EQL_FetchReachDense-v4_2 - eval/avg_reward","DDPG_EQL_FetchReachDense-v4_2 - eval/avg_reward__MIN","DDPG_EQL_FetchReachDense-v4_2 - eval/avg_reward__MAX","DDPG_EQL_FetchReachDense-v4_1 - eval/avg_reward","DDPG_EQL_FetchReachDense-v4_1 - eval/avg_reward__MIN","DDPG_EQL_FetchReachDense-v4_1 - eval/avg_reward__MAX","DDPG_EQL_FetchReachDense-v4_0 - eval/avg_reward","DDPG_EQL_FetchReachDense-v4_0 - eval/avg_reward__MIN","DDPG_EQL_FetchReachDense-v4_0 - eval/avg_reward__MAX"
"0","-7.671810886359692","-7.671810886359692","-7.671810886359692","-9.139160234667552","-9.139160234667552","-9.139160234667552","-9.137211679887539","-9.137211679887539","-9.137211679887539","-12.403093904713952","-12.403093904713952","-12.403093904713952","-8.001051337587187","-8.001051337587187","-8.001051337587187","-8.631314585276273","-8.631314585276273","-8.631314585276273","-10.465739808313748","-10.465739808313748","-10.465739808313748","-9.796524533825387","-9.796524533825387","-9.796524533825387","-11.51415108380978","-11.51415108380978","-11.51415108380978","-9.652403841391166","-9.652403841391166","-9.652403841391166"
"500","-7.671810886359692","-7.671810886359692","-7.671810886359692","-9.139160234667552","-9.139160234667552","-9.139160234667552","-9.137211679887539","-9.137211679887539","-9.137211679887539","-12.403093904713952","-12.403093904713952","-12.403093904713952","-8.001051337587187","-8.001051337587187","-8.001051337587187","-8.631314585276273","-8.631314585276273","-8.631314585276273","-10.465739808313748","-10.465739808313748","-10.465739808313748","-9.796524533825387","-9.796524533825387","-9.796524533825387","-11.51415108380978","-11.51415108380978","-11.51415108380978","-9.652403841391166","-9.652403841391166","-9.652403841391166"
"1000","-7.671810886359692","-7.671810886359692","-7.671810886359692","-9.139160234667552","-9.139160234667552","-9.139160234667552","-9.137211679887539","-9.137211679887539","-9.137211679887539","-12.403093904713952","-12.403093904713952","-12.403093904713952","-8.001051337587187","-8.001051337587187","-8.001051337587187","-8.631314585276273","-8.631314585276273","-8.631314585276273","-10.465739808313748","-10.465739808313748","-10.465739808313748","-9.796524533825387","-9.796524533825387","-9.796524533825387","-11.541526637700045","-11.541526637700045","-11.541526637700045","-9.652403841391166","-9.652403841391166","-9.652403841391166"
"1500","-35.701979510855786","-35.701979510855786","-35.701979510855786","-18.76520283815909","-18.76520283815909","-18.76520283815909","-10.299915359839037","-10.299915359839037","-10.299915359839037","-30.067480923602535","-30.067480923602535","-30.067480923602535","-21.059233274603724","-21.059233274603724","-21.059233274603724","-13.230970602611611","-13.230970602611611","-13.230970602611611","-9.31692285644079","-9.31692285644079","-9.31692285644079","-18.946080257885974","-18.946080257885974","-18.946080257885974","-23.074375909731632","-23.074375909731632","-23.074375909731632","-16.347902627306937","-16.347902627306937","-16.347902627306937"
"2000","-35.70243277653445","-35.70243277653445","-35.70243277653445","-11.73060130172639","-11.73060130172639","-11.73060130172639","-6.829736901390414","-6.829736901390414","-6.829736901390414","-13.60250448905914","-13.60250448905914","-13.60250448905914","-12.635407761743775","-12.635407761743775","-12.635407761743775","-19.239511660006848","-19.239511660006848","-19.239511660006848","-7.269044494998971","-7.269044494998971","-7.269044494998971","-15.946855031829518","-15.946855031829518","-15.946855031829518","-12.418867584619154","-12.418867584619154","-12.418867584619154","-15.752373943715337","-15.752373943715337","-15.752373943715337"
"2500","-35.70244127108218","-35.70244127108218","-35.70244127108218","-10.875241806482489","-10.875241806482489","-10.875241806482489","-14.899770378677943","-14.899770378677943","-14.899770378677943","-30.662271833144125","-30.662271833144125","-30.662271833144125","-11.944201983453604","-11.944201983453604","-11.944201983453604","-10.738235772529332","-10.738235772529332","-10.738235772529332","-10.38052474979652","-10.38052474979652","-10.38052474979652","-14.025676146334082","-14.025676146334082","-14.025676146334082","-7.681255591622227","-7.681255591622227","-7.681255591622227","-8.229549931645376","-8.229549931645376","-8.229549931645376"
"3000","-35.702442136101915","-35.702442136101915","-35.702442136101915","-7.185142631211147","-7.185142631211147","-7.185142631211147","-34.25896396717243","-34.25896396717243","-34.25896396717243","-8.441230447005385","-8.441230447005385","-8.441230447005385","-13.912284161442415","-13.912284161442415","-13.912284161442415","-6.886602137227072","-6.886602137227072","-6.886602137227072","-11.080989516433485","-11.080989516433485","-11.080989516433485","-12.596517104148848","-12.596517104148848","-12.596517104148848","-9.972535731380383","-9.972535731380383","-9.972535731380383","-12.555477649955826","-12.555477649955826","-12.555477649955826"
"3500","-35.70244230158973","-35.70244230158973","-35.70244230158973","-13.39653417840933","-13.39653417840933","-13.39653417840933","-7.870242362516035","-7.870242362516035","-7.870242362516035","-8.896639362821565","-8.896639362821565","-8.896639362821565","-6.968647245199182","-6.968647245199182","-6.968647245199182","-7.751403842748471","-7.751403842748471","-7.751403842748471","-5.7948694992829655","-5.7948694992829655","-5.7948694992829655","-6.168347724592879","-6.168347724592879","-6.168347724592879","-22.95105181957667","-22.95105181957667","-22.95105181957667","-12.238809138140743","-12.238809138140743","-12.238809138140743"
"4000","-35.70244247839738","-35.70244247839738","-35.70244247839738","-6.683040937227193","-6.683040937227193","-6.683040937227193","-10.812107905126016","-10.812107905126016","-10.812107905126016","-7.404616508716352","-7.404616508716352","-7.404616508716352","-7.541271185701234","-7.541271185701234","-7.541271185701234","-10.946003255716898","-10.946003255716898","-10.946003255716898","-6.389540014644384","-6.389540014644384","-6.389540014644384","-4.544062706486781","-4.544062706486781","-4.544062706486781","-9.201202978355932","-9.201202978355932","-9.201202978355932","-8.497134374304888","-8.497134374304888","-8.497134374304888"
"4500","-35.702443747342116","-35.702443747342116","-35.702443747342116","-6.247604772418574","-6.247604772418574","-6.247604772418574","-3.3304684711713506","-3.3304684711713506","-3.3304684711713506","-6.1989907720719915","-6.1989907720719915","-6.1989907720719915","-9.575829168376028","-9.575829168376028","-9.575829168376028","-5.142908802557772","-5.142908802557772","-5.142908802557772","-5.751431740349853","-5.751431740349853","-5.751431740349853","-6.281419907382525","-6.281419907382525","-6.281419907382525","-5.787258608353504","-5.787258608353504","-5.787258608353504","-7.441007971706289","-7.441007971706289","-7.441007971706289"
"5000","-42.739890311684874","-42.739890311684874","-42.739890311684874","-8.534548171219857","-8.534548171219857","-8.534548171219857","-5.590713827102755","-5.590713827102755","-5.590713827102755","-8.755502633008092","-8.755502633008092","-8.755502633008092","-9.960656585040516","-9.960656585040516","-9.960656585040516","-4.822413818692797","-4.822413818692797","-4.822413818692797","-4.786477893628638","-4.786477893628638","-4.786477893628638","-8.174295429104294","-8.174295429104294","-8.174295429104294","-5.277139362449664","-5.277139362449664","-5.277139362449664","-6.115742290282519","-6.115742290282519","-6.115742290282519"
"5500","-33.32530689270626","-33.32530689270626","-33.32530689270626","-7.861522861177586","-7.861522861177586","-7.861522861177586","-5.481947226339585","-5.481947226339585","-5.481947226339585","-14.646175435014346","-14.646175435014346","-14.646175435014346","-7.565561816647147","-7.565561816647147","-7.565561816647147","-3.673163202336224","-3.673163202336224","-3.673163202336224","-5.791817560801699","-5.791817560801699","-5.791817560801699","-7.840354944361157","-7.840354944361157","-7.840354944361157","-5.137629176321801","-5.137629176321801","-5.137629176321801","-4.597535250440131","-4.597535250440131","-4.597535250440131"
"6000","-40.66118402223408","-40.66118402223408","-40.66118402223408","-5.205821112941017","-5.205821112941017","-5.205821112941017","-3.792194110604462","-3.792194110604462","-3.792194110604462","-5.64692910697635","-5.64692910697635","-5.64692910697635","-3.9203714710594055","-3.9203714710594055","-3.9203714710594055","-3.9409726162349727","-3.9409726162349727","-3.9409726162349727","-5.584190576864243","-5.584190576864243","-5.584190576864243","-4.756831142134315","-4.756831142134315","-4.756831142134315","-5.897420971380896","-5.897420971380896","-5.897420971380896","-5.650872702553151","-5.650872702553151","-5.650872702553151"
"6500","-28.82640509042441","-28.82640509042441","-28.82640509042441","-4.959847961247116","-4.959847961247116","-4.959847961247116","-3.351603777257869","-3.351603777257869","-3.351603777257869","-8.257433844986183","-8.257433844986183","-8.257433844986183","-3.316336627779195","-3.316336627779195","-3.316336627779195","-4.2724015685452965","-4.2724015685452965","-4.2724015685452965","-3.0797644047496724","-3.0797644047496724","-3.0797644047496724","-4.569544133284219","-4.569544133284219","-4.569544133284219","-4.360803397630456","-4.360803397630456","-4.360803397630456","-5.054413416022722","-5.054413416022722","-5.054413416022722"
"7000","-26.240203902859047","-26.240203902859047","-26.240203902859047","-4.394543934336987","-4.394543934336987","-4.394543934336987","-2.405696320049434","-2.405696320049434","-2.405696320049434","-3.998786551558723","-3.998786551558723","-3.998786551558723","-2.5679241097979917","-2.5679241097979917","-2.5679241097979917","-3.195238833900423","-3.195238833900423","-3.195238833900423","-2.7333307244611795","-2.7333307244611795","-2.7333307244611795","-7.096915313200926","-7.096915313200926","-7.096915313200926","-4.652337408310518","-4.652337408310518","-4.652337408310518","-4.665550630558817","-4.665550630558817","-4.665550630558817"
"7500","-10.128593217507513","-10.128593217507513","-10.128593217507513","-3.982956659745503","-3.982956659745503","-3.982956659745503","-2.4872393453915116","-2.4872393453915116","-2.4872393453915116","-3.7573537797363743","-3.7573537797363743","-3.7573537797363743","-3.55027013418592","-3.55027013418592","-3.55027013418592","-3.4210649295973483","-3.4210649295973483","-3.4210649295973483","-2.7081548896409746","-2.7081548896409746","-2.7081548896409746","-3.4804748531719083","-3.4804748531719083","-3.4804748531719083","-4.9842866154565995","-4.9842866154565995","-4.9842866154565995","-5.348617960073623","-5.348617960073623","-5.348617960073623"
"8000","-11.965388693746934","-11.965388693746934","-11.965388693746934","-2.1630395698509783","-2.1630395698509783","-2.1630395698509783","-4.186777778610763","-4.186777778610763","-4.186777778610763","-6.556632047098179","-6.556632047098179","-6.556632047098179","-4.444328994552864","-4.444328994552864","-4.444328994552864","-4.874854351803935","-4.874854351803935","-4.874854351803935","-2.682980828720915","-2.682980828720915","-2.682980828720915","-2.901639757792991","-2.901639757792991","-2.901639757792991","-2.6565199839605413","-2.6565199839605413","-2.6565199839605413","-5.702112829321992","-5.702112829321992","-5.702112829321992"
"8500","-12.32008230651363","-12.32008230651363","-12.32008230651363","-2.28844795003051","-2.28844795003051","-2.28844795003051","-2.8510712571280075","-2.8510712571280075","-2.8510712571280075","-4.160199484354771","-4.160199484354771","-4.160199484354771","-3.578880756668487","-3.578880756668487","-3.578880756668487","-3.852194080038017","-3.852194080038017","-3.852194080038017","-4.097412518239347","-4.097412518239347","-4.097412518239347","-2.532612624650282","-2.532612624650282","-2.532612624650282","-2.9718788694553733","-2.9718788694553733","-2.9718788694553733","-7.301935071994376","-7.301935071994376","-7.301935071994376"
"9000","-11.766377913910436","-11.766377913910436","-11.766377913910436","-2.661736609092375","-2.661736609092375","-2.661736609092375","-1.5447785503172669","-1.5447785503172669","-1.5447785503172669","-2.827995003710026","-2.827995003710026","-2.827995003710026","-4.702173993252119","-4.702173993252119","-4.702173993252119","-3.5128993132097213","-3.5128993132097213","-3.5128993132097213","-2.112917857952513","-2.112917857952513","-2.112917857952513","-2.7694341226310035","-2.7694341226310035","-2.7694341226310035","-2.5500343615356846","-2.5500343615356846","-2.5500343615356846","-8.04685162985539","-8.04685162985539","-8.04685162985539"
"9500","-36.449181600819756","-36.449181600819756","-36.449181600819756","-3.9519310856212337","-3.9519310856212337","-3.9519310856212337","-2.3100038724967753","-2.3100038724967753","-2.3100038724967753","-3.5568987478049117","-3.5568987478049117","-3.5568987478049117","-2.022297586624915","-2.022297586624915","-2.022297586624915","-2.6431062430495853","-2.6431062430495853","-2.6431062430495853","-2.2894925078833155","-2.2894925078833155","-2.2894925078833155","-2.9099858290837575","-2.9099858290837575","-2.9099858290837575","-4.081552658458768","-4.081552658458768","-4.081552658458768","-2.458717187288766","-2.458717187288766","-2.458717187288766"
"10000","-19.10764919480553","-19.10764919480553","-19.10764919480553","-1.7221322282923883","-1.7221322282923883","-1.7221322282923883","-3.111964641116599","-3.111964641116599","-3.111964641116599","-3.4905080649516558","-3.4905080649516558","-3.4905080649516558","-2.2011103222833723","-2.2011103222833723","-2.2011103222833723","-2.521567892093392","-2.521567892093392","-2.521567892093392","-2.8985045528289435","-2.8985045528289435","-2.8985045528289435","-2.024728535938668","-2.024728535938668","-2.024728535938668","-3.8088667256171163","-3.8088667256171163","-3.8088667256171163","-3.838351923077822","-3.838351923077822","-3.838351923077822"
"10500","-10.650255585901157","-10.650255585901157","-10.650255585901157","-2.564543035515057","-2.564543035515057","-2.564543035515057","-2.065366859741318","-2.065366859741318","-2.065366859741318","-4.766423865159618","-4.766423865159618","-4.766423865159618","-2.141543589928186","-2.141543589928186","-2.141543589928186","-2.0494127103966986","-2.0494127103966986","-2.0494127103966986","-3.308050281918388","-3.308050281918388","-3.308050281918388","-3.812594571540454","-3.812594571540454","-3.812594571540454","-1.9446585680635409","-1.9446585680635409","-1.9446585680635409","-6.165910790571789","-6.165910790571789","-6.165910790571789"
"11000","-16.714923192373977","-16.714923192373977","-16.714923192373977","-1.794794462069762","-1.794794462069762","-1.794794462069762","-2.9143461712732717","-2.9143461712732717","-2.9143461712732717","-3.9834298199395684","-3.9834298199395684","-3.9834298199395684","-3.141807461559435","-3.141807461559435","-3.141807461559435","-3.7064547702650215","-3.7064547702650215","-3.7064547702650215","-3.7099441697869495","-3.7099441697869495","-3.7099441697869495","-1.8064133978915464","-1.8064133978915464","-1.8064133978915464","-3.2536701601494236","-3.2536701601494236","-3.2536701601494236","-3.056627860532479","-3.056627860532479","-3.056627860532479"
"11500","-12.10850479647397","-12.10850479647397","-12.10850479647397","-1.936617681850196","-1.936617681850196","-1.936617681850196","-3.266955686141311","-3.266955686141311","-3.266955686141311","-3.0049944470413084","-3.0049944470413084","-3.0049944470413084","-2.8065679839570947","-2.8065679839570947","-2.8065679839570947","-2.709366063067443","-2.709366063067443","-2.709366063067443","-2.1786491087628286","-2.1786491087628286","-2.1786491087628286","-2.1039870147628568","-2.1039870147628568","-2.1039870147628568","-1.9072688752996079","-1.9072688752996079","-1.9072688752996079","-3.9198788056276728","-3.9198788056276728","-3.9198788056276728"
"12000","-7.621086771960407","-7.621086771960407","-7.621086771960407","-1.876622932421571","-1.876622932421571","-1.876622932421571","-2.1199225448953185","-2.1199225448953185","-2.1199225448953185","-3.897345682793054","-3.897345682793054","-3.897345682793054","-3.9405891930393926","-3.9405891930393926","-3.9405891930393926","-3.9155007315585912","-3.9155007315585912","-3.9155007315585912","-1.661443545265962","-1.661443545265962","-1.661443545265962","-5.118884220762447","-5.118884220762447","-5.118884220762447","-2.292034652583108","-2.292034652583108","-2.292034652583108","-3.9442397202331976","-3.9442397202331976","-3.9442397202331976"
"12500","-8.79327245376085","-8.79327245376085","-8.79327245376085","-2.9969698169023835","-2.9969698169023835","-2.9969698169023835","-1.7494802570861485","-1.7494802570861485","-1.7494802570861485","-3.622041843683655","-3.622041843683655","-3.622041843683655","-2.73640787513894","-2.73640787513894","-2.73640787513894","-3.0605663521613353","-3.0605663521613353","-3.0605663521613353","-10.470120911430014","-10.470120911430014","-10.470120911430014","-1.8941146500263528","-1.8941146500263528","-1.8941146500263528","-2.4417914118075617","-2.4417914118075617","-2.4417914118075617","-2.7883286046478255","-2.7883286046478255","-2.7883286046478255"
"13000","-7.163665772588878","-7.163665772588878","-7.163665772588878","-3.0617212920759576","-3.0617212920759576","-3.0617212920759576","-2.978219046422267","-2.978219046422267","-2.978219046422267","-4.1135877367753","-4.1135877367753","-4.1135877367753","-3.918572296344955","-3.918572296344955","-3.918572296344955","-3.955817802071679","-3.955817802071679","-3.955817802071679","-2.023409444889789","-2.023409444889789","-2.023409444889789","-2.367594410303947","-2.367594410303947","-2.367594410303947","-4.764129091767927","-4.764129091767927","-4.764129091767927","-4.392790340726604","-4.392790340726604","-4.392790340726604"
"13500","-7.433320613668971","-7.433320613668971","-7.433320613668971","-2.169985513156447","-2.169985513156447","-2.169985513156447","-1.8332656847269448","-1.8332656847269448","-1.8332656847269448","-5.041805851866448","-5.041805851866448","-5.041805851866448","-2.836623696411732","-2.836623696411732","-2.836623696411732","-3.4624475043777343","-3.4624475043777343","-3.4624475043777343","-1.7614947376735326","-1.7614947376735326","-1.7614947376735326","-4.521658948505129","-4.521658948505129","-4.521658948505129","-2.6844864647073114","-2.6844864647073114","-2.6844864647073114","-4.3534405275073205","-4.3534405275073205","-4.3534405275073205"
"14000","-6.4185913411500435","-6.4185913411500435","-6.4185913411500435","-2.2257758474213545","-2.2257758474213545","-2.2257758474213545","-2.3482603774589683","-2.3482603774589683","-2.3482603774589683","-3.0598293938599173","-3.0598293938599173","-3.0598293938599173","-4.233889196559831","-4.233889196559831","-4.233889196559831","-4.800572334851305","-4.800572334851305","-4.800572334851305","-2.033977486936405","-2.033977486936405","-2.033977486936405","-1.70429162350598","-1.70429162350598","-1.70429162350598","-3.1914205465831023","-3.1914205465831023","-3.1914205465831023","-1.8348576874504108","-1.8348576874504108","-1.8348576874504108"
"14500","-6.913030688799945","-6.913030688799945","-6.913030688799945","-2.948868065478036","-2.948868065478036","-2.948868065478036","-1.4187491396568745","-1.4187491396568745","-1.4187491396568745","-4.21692509781394","-4.21692509781394","-4.21692509781394","-2.4169549843109817","-2.4169549843109817","-2.4169549843109817","-2.23730887507774","-2.23730887507774","-2.23730887507774","-1.6506047474202419","-1.6506047474202419","-1.6506047474202419","-2.446301395961149","-2.446301395961149","-2.446301395961149","-2.0994222088706618","-2.0994222088706618","-2.0994222088706618","-2.094416293723496","-2.094416293723496","-2.094416293723496"
"15000","-5.973328797001811","-5.973328797001811","-5.973328797001811","-3.304930551060572","-3.304930551060572","-3.304930551060572","-2.6102005921239706","-2.6102005921239706","-2.6102005921239706","-2.3911146480446184","-2.3911146480446184","-2.3911146480446184","-3.980970002689852","-3.980970002689852","-3.980970002689852","-3.2504139090253097","-3.2504139090253097","-3.2504139090253097","-1.7325320493698624","-1.7325320493698624","-1.7325320493698624","-2.8516315506841785","-2.8516315506841785","-2.8516315506841785","-2.5437295176390102","-2.5437295176390102","-2.5437295176390102","-4.044019248374669","-4.044019248374669","-4.044019248374669"
"15500","-8.367455097194004","-8.367455097194004","-8.367455097194004","-1.8697973363926372","-1.8697973363926372","-1.8697973363926372","-1.786909263436561","-1.786909263436561","-1.786909263436561","-2.190570465847777","-2.190570465847777","-2.190570465847777","-2.4096470088005266","-2.4096470088005266","-2.4096470088005266","-1.7355929760578401","-1.7355929760578401","-1.7355929760578401","-2.08610003315762","-2.08610003315762","-2.08610003315762","-2.7597872444211897","-2.7597872444211897","-2.7597872444211897","-3.841807681248837","-3.841807681248837","-3.841807681248837","-4.063517388468824","-4.063517388468824","-4.063517388468824"
"16000","-4.684092764858608","-4.684092764858608","-4.684092764858608","-2.544566297453877","-2.544566297453877","-2.544566297453877","-1.3103087424927304","-1.3103087424927304","-1.3103087424927304","-4.91517021594928","-4.91517021594928","-4.91517021594928","-2.378892792420576","-2.378892792420576","-2.378892792420576","-2.4317199487183063","-2.4317199487183063","-2.4317199487183063","-1.984879220707284","-1.984879220707284","-1.984879220707284","-1.7422550318064947","-1.7422550318064947","-1.7422550318064947","-2.0417465948344904","-2.0417465948344904","-2.0417465948344904","-3.9880468326881955","-3.9880468326881955","-3.9880468326881955"
"16500","-4.170695695637649","-4.170695695637649","-4.170695695637649","-2.8183289278006898","-2.8183289278006898","-2.8183289278006898","-2.760536811928762","-2.760536811928762","-2.760536811928762","-3.693236716249962","-3.693236716249962","-3.693236716249962","-2.2568104702595186","-2.2568104702595186","-2.2568104702595186","-1.7314962737226438","-1.7314962737226438","-1.7314962737226438","-2.150612932110481","-2.150612932110481","-2.150612932110481","-2.6080059100848763","-2.6080059100848763","-2.6080059100848763","-5.404875043067468","-5.404875043067468","-5.404875043067468","-5.615931680522128","-5.615931680522128","-5.615931680522128"
"17000","-4.1327689730850174","-4.1327689730850174","-4.1327689730850174","-1.73793650513914","-1.73793650513914","-1.73793650513914","-1.387271904849957","-1.387271904849957","-1.387271904849957","-2.443340714275326","-2.443340714275326","-2.443340714275326","-2.9470346797357805","-2.9470346797357805","-2.9470346797357805","-2.3947959041904685","-2.3947959041904685","-2.3947959041904685","-2.275799205579031","-2.275799205579031","-2.275799205579031","-1.3747065640667049","-1.3747065640667049","-1.3747065640667049","-1.718300561479507","-1.718300561479507","-1.718300561479507","-4.875290398024336","-4.875290398024336","-4.875290398024336"
"17500","-4.696438838915817","-4.696438838915817","-4.696438838915817","-4.076167824918814","-4.076167824918814","-4.076167824918814","-1.3647539270385807","-1.3647539270385807","-1.3647539270385807","-2.0980058020064245","-2.0980058020064245","-2.0980058020064245","-3.8462831603130594","-3.8462831603130594","-3.8462831603130594","-3.2310385322347983","-3.2310385322347983","-3.2310385322347983","-1.832844474328479","-1.832844474328479","-1.832844474328479","-1.984185615108969","-1.984185615108969","-1.984185615108969","-1.7261337616834922","-1.7261337616834922","-1.7261337616834922","-2.6802170011503135","-2.6802170011503135","-2.6802170011503135"
"18000","-4.635460581755011","-4.635460581755011","-4.635460581755011","-2.047191067695625","-2.047191067695625","-2.047191067695625","-1.3712175986223947","-1.3712175986223947","-1.3712175986223947","-2.1728796876901595","-2.1728796876901595","-2.1728796876901595","-2.5929195900257467","-2.5929195900257467","-2.5929195900257467","-3.5157637584862202","-3.5157637584862202","-3.5157637584862202","-1.906905218301707","-1.906905218301707","-1.906905218301707","-3.7737098746669835","-3.7737098746669835","-3.7737098746669835","-2.060200238193283","-2.060200238193283","-2.060200238193283","-2.1861679810286097","-2.1861679810286097","-2.1861679810286097"
"18500","-5.162451514477677","-5.162451514477677","-5.162451514477677","-1.73018363100297","-1.73018363100297","-1.73018363100297","-1.4751823528179302","-1.4751823528179302","-1.4751823528179302","-2.4530832814249393","-2.4530832814249393","-2.4530832814249393","-2.6369264745624648","-2.6369264745624648","-2.6369264745624648","-2.1523017409525513","-2.1523017409525513","-2.1523017409525513","-1.6558164325477136","-1.6558164325477136","-1.6558164325477136","-2.0403364690955628","-2.0403364690955628","-2.0403364690955628","-1.8783013775468482","-1.8783013775468482","-1.8783013775468482","-3.4072199802328704","-3.4072199802328704","-3.4072199802328704"
"19000","-4.438557142211811","-4.438557142211811","-4.438557142211811","-1.772743848678879","-1.772743848678879","-1.772743848678879","-1.7292126704632835","-1.7292126704632835","-1.7292126704632835","-2.346331210016402","-2.346331210016402","-2.346331210016402","-3.2280191781829735","-3.2280191781829735","-3.2280191781829735","-2.683467258546899","-2.683467258546899","-2.683467258546899","-3.298753108418386","-3.298753108418386","-3.298753108418386","-1.8918411756653164","-1.8918411756653164","-1.8918411756653164","-2.222844855307259","-2.222844855307259","-2.222844855307259","-3.7064230159346834","-3.7064230159346834","-3.7064230159346834"
"19500","-4.2800881042950305","-4.2800881042950305","-4.2800881042950305","-1.3701067886763327","-1.3701067886763327","-1.3701067886763327","-1.759272412245227","-1.759272412245227","-1.759272412245227","-2.373495962011244","-2.373495962011244","-2.373495962011244","-2.6081676664358158","-2.6081676664358158","-2.6081676664358158","-2.360317019706778","-2.360317019706778","-2.360317019706778","-2.0903421893944722","-2.0903421893944722","-2.0903421893944722","-1.6167182346517432","-1.6167182346517432","-1.6167182346517432","-2.575989759629556","-2.575989759629556","-2.575989759629556","-2.297171569958008","-2.297171569958008","-2.297171569958008"
"20000","-2.783877617782238","-2.783877617782238","-2.783877617782238","-1.8441206055032826","-1.8441206055032826","-1.8441206055032826","-1.7425621232748683","-1.7425621232748683","-1.7425621232748683","-1.8965166318392659","-1.8965166318392659","-1.8965166318392659","-1.8092035563060886","-1.8092035563060886","-1.8092035563060886","-3.141680663719904","-3.141680663719904","-3.141680663719904","-1.0374296103921754","-1.0374296103921754","-1.0374296103921754","-1.8367842117370543","-1.8367842117370543","-1.8367842117370543","-1.899199527916362","-1.899199527916362","-1.899199527916362","-2.889981654556377","-2.889981654556377","-2.889981654556377"
"20500","-3.2705276729107005","-3.2705276729107005","-3.2705276729107005","-1.4907797246024834","-1.4907797246024834","-1.4907797246024834","-1.785775006776007","-1.785775006776007","-1.785775006776007","-3.6763717512668728","-3.6763717512668728","-3.6763717512668728","-2.5498304651440646","-2.5498304651440646","-2.5498304651440646","-1.942602660073473","-1.942602660073473","-1.942602660073473","-1.7211075209463296","-1.7211075209463296","-1.7211075209463296","-1.853862891226801","-1.853862891226801","-1.853862891226801","-1.8260070703545304","-1.8260070703545304","-1.8260070703545304","-1.951468170452865","-1.951468170452865","-1.951468170452865"
"21000","-3.2892691659673696","-3.2892691659673696","-3.2892691659673696","-1.7050125356761066","-1.7050125356761066","-1.7050125356761066","-1.8209473307383839","-1.8209473307383839","-1.8209473307383839","-1.9693425567264515","-1.9693425567264515","-1.9693425567264515","-1.8681233003311188","-1.8681233003311188","-1.8681233003311188","-2.605309804902923","-2.605309804902923","-2.605309804902923","-2.384787122265813","-2.384787122265813","-2.384787122265813","-1.672015461174691","-1.672015461174691","-1.672015461174691","-2.0270704113662603","-2.0270704113662603","-2.0270704113662603","-2.3803664539903053","-2.3803664539903053","-2.3803664539903053"
"21500","-2.8995702697296033","-2.8995702697296033","-2.8995702697296033","-1.4803642219150277","-1.4803642219150277","-1.4803642219150277","-1.6986748770337112","-1.6986748770337112","-1.6986748770337112","-2.0644126376346867","-2.0644126376346867","-2.0644126376346867","-1.72439019237815","-1.72439019237815","-1.72439019237815","-1.992907549200257","-1.992907549200257","-1.992907549200257","-1.5589998004645662","-1.5589998004645662","-1.5589998004645662","-1.4332033662024055","-1.4332033662024055","-1.4332033662024055","-2.7635537748486025","-2.7635537748486025","-2.7635537748486025","-3.1629028603241145","-3.1629028603241145","-3.1629028603241145"
"22000","-2.8145552634531374","-2.8145552634531374","-2.8145552634531374","-1.3567410462826284","-1.3567410462826284","-1.3567410462826284","-1.597389547761546","-1.597389547761546","-1.597389547761546","-1.9967861611335966","-1.9967861611335966","-1.9967861611335966","-1.5434489483251237","-1.5434489483251237","-1.5434489483251237","-2.4026546450272575","-2.4026546450272575","-2.4026546450272575","-2.3388348893900663","-2.3388348893900663","-2.3388348893900663","-1.4636432061292974","-1.4636432061292974","-1.4636432061292974","-2.394688876682882","-2.394688876682882","-2.394688876682882","-2.0254297890732635","-2.0254297890732635","-2.0254297890732635"
"22500","-2.463635702409507","-2.463635702409507","-2.463635702409507","-1.7183461348140299","-1.7183461348140299","-1.7183461348140299","-2.034514343530555","-2.034514343530555","-2.034514343530555","-1.5761499056228523","-1.5761499056228523","-1.5761499056228523","-1.6799275485656473","-1.6799275485656473","-1.6799275485656473","-2.1681131573564505","-2.1681131573564505","-2.1681131573564505","-2.114676522297163","-2.114676522297163","-2.114676522297163","-1.3978231248983557","-1.3978231248983557","-1.3978231248983557","-2.1061758350611797","-2.1061758350611797","-2.1061758350611797","-5.549176639421272","-5.549176639421272","-5.549176639421272"
"23000","-2.5682048873052765","-2.5682048873052765","-2.5682048873052765","-1.461762184455612","-1.461762184455612","-1.461762184455612","-1.7930627977277402","-1.7930627977277402","-1.7930627977277402","-2.4530244402841843","-2.4530244402841843","-2.4530244402841843","-2.90462732341521","-2.90462732341521","-2.90462732341521","-2.5987951748906744","-2.5987951748906744","-2.5987951748906744","-1.03248293125767","-1.03248293125767","-1.03248293125767","-2.618353721421431","-2.618353721421431","-2.618353721421431","-2.094901876644294","-2.094901876644294","-2.094901876644294","-2.575549533439202","-2.575549533439202","-2.575549533439202"
"23500","-2.480325247739651","-2.480325247739651","-2.480325247739651","-1.7629127309849042","-1.7629127309849042","-1.7629127309849042","-2.1805251971707955","-2.1805251971707955","-2.1805251971707955","-1.740535644378183","-1.740535644378183","-1.740535644378183","-1.779699827668832","-1.779699827668832","-1.779699827668832","-2.113106209655642","-2.113106209655642","-2.113106209655642","-1.980447884609258","-1.980447884609258","-1.980447884609258","-1.1053392377164397","-1.1053392377164397","-1.1053392377164397","-1.6956008585456377","-1.6956008585456377","-1.6956008585456377","-1.977526636892548","-1.977526636892548","-1.977526636892548"
"24000","-4.021712507537005","-4.021712507537005","-4.021712507537005","-1.5658241879494788","-1.5658241879494788","-1.5658241879494788","-2.660209086338385","-2.660209086338385","-2.660209086338385","-1.7142946530185998","-1.7142946530185998","-1.7142946530185998","-1.7712569192676377","-1.7712569192676377","-1.7712569192676377","-1.6273476088931118","-1.6273476088931118","-1.6273476088931118","-1.1642268410906742","-1.1642268410906742","-1.1642268410906742","-2.2060435414701014","-2.2060435414701014","-2.2060435414701014","-2.188911835195321","-2.188911835195321","-2.188911835195321","-2.1748244500549587","-2.1748244500549587","-2.1748244500549587"
"24500","-2.5391339009822906","-2.5391339009822906","-2.5391339009822906","-2.643879314302492","-2.643879314302492","-2.643879314302492","-2.1661240911290784","-2.1661240911290784","-2.1661240911290784","-1.6464224716029765","-1.6464224716029765","-1.6464224716029765","-2.094105621081778","-2.094105621081778","-2.094105621081778","-3.092265927847772","-3.092265927847772","-3.092265927847772","-1.4102075726384427","-1.4102075726384427","-1.4102075726384427","-1.569028581923836","-1.569028581923836","-1.569028581923836","-3.2110216832410456","-3.2110216832410456","-3.2110216832410456","-1.8532700907346804","-1.8532700907346804","-1.8532700907346804"
"25000","-2.5495455893779635","-2.5495455893779635","-2.5495455893779635","-1.739793909397018","-1.739793909397018","-1.739793909397018","-1.8330592630777645","-1.8330592630777645","-1.8330592630777645","-2.0542198608627587","-2.0542198608627587","-2.0542198608627587","-1.6125649945047882","-1.6125649945047882","-1.6125649945047882","-1.8059758828315409","-1.8059758828315409","-1.8059758828315409","-1.2897809725880742","-1.2897809725880742","-1.2897809725880742","-1.6616333185382046","-1.6616333185382046","-1.6616333185382046","-1.6403655540849882","-1.6403655540849882","-1.6403655540849882","-4.271510422017312","-4.271510422017312","-4.271510422017312"
"25500","-2.8683600483211134","-2.8683600483211134","-2.8683600483211134","-2.0515700818791887","-2.0515700818791887","-2.0515700818791887","-1.1486017498724246","-1.1486017498724246","-1.1486017498724246","-1.6837353459052544","-1.6837353459052544","-1.6837353459052544","-1.5933138154049051","-1.5933138154049051","-1.5933138154049051","-2.3224619127945063","-2.3224619127945063","-2.3224619127945063","-1.6268107692969296","-1.6268107692969296","-1.6268107692969296","-0.9683590962430962","-0.9683590962430962","-0.9683590962430962","-2.3839712131524156","-2.3839712131524156","-2.3839712131524156","-1.9308162305133378","-1.9308162305133378","-1.9308162305133378"
"26000","-2.3813178577760583","-2.3813178577760583","-2.3813178577760583","-2.389166722665578","-2.389166722665578","-2.389166722665578","-2.1864684563115224","-2.1864684563115224","-2.1864684563115224","-2.093772311273173","-2.093772311273173","-2.093772311273173","-1.9364368412787045","-1.9364368412787045","-1.9364368412787045","-2.034046993011617","-2.034046993011617","-2.034046993011617","-1.2928558759929718","-1.2928558759929718","-1.2928558759929718","-2.2887564657666424","-2.2887564657666424","-2.2887564657666424","-2.372655590296847","-2.372655590296847","-2.372655590296847","-2.4254446744877214","-2.4254446744877214","-2.4254446744877214"
"26500","-2.4410389674300013","-2.4410389674300013","-2.4410389674300013","-2.070073144701517","-2.070073144701517","-2.070073144701517","-1.5895781686665136","-1.5895781686665136","-1.5895781686665136","-1.2221033729974988","-1.2221033729974988","-1.2221033729974988","-1.7566834965439333","-1.7566834965439333","-1.7566834965439333","-2.066596627925996","-2.066596627925996","-2.066596627925996","-1.8684372808326408","-1.8684372808326408","-1.8684372808326408","-2.1331480397549156","-2.1331480397549156","-2.1331480397549156","-2.2158669257752672","-2.2158669257752672","-2.2158669257752672","-2.6440387220503334","-2.6440387220503334","-2.6440387220503334"
"27000","-2.726980691575715","-2.726980691575715","-2.726980691575715","-1.5248314244094294","-1.5248314244094294","-1.5248314244094294","-1.9002976278772798","-1.9002976278772798","-1.9002976278772798","-2.4458873781513772","-2.4458873781513772","-2.4458873781513772","-1.551561027684054","-1.551561027684054","-1.551561027684054","-1.5928529041345862","-1.5928529041345862","-1.5928529041345862","-2.026636137901777","-2.026636137901777","-2.026636137901777","-1.2418752215839752","-1.2418752215839752","-1.2418752215839752","-1.5037696373752758","-1.5037696373752758","-1.5037696373752758","-1.7060292582075676","-1.7060292582075676","-1.7060292582075676"
"27500","-2.282212334339282","-2.282212334339282","-2.282212334339282","-1.9505040138678846","-1.9505040138678846","-1.9505040138678846","-1.599368892283655","-1.599368892283655","-1.599368892283655","-2.876109835797019","-2.876109835797019","-2.876109835797019","-1.6877348457993968","-1.6877348457993968","-1.6877348457993968","-1.789989747849757","-1.789989747849757","-1.789989747849757","-1.3114518503135646","-1.3114518503135646","-1.3114518503135646","-1.9857362506599536","-1.9857362506599536","-1.9857362506599536","-3.1779029737926106","-3.1779029737926106","-3.1779029737926106","-1.9942678688599844","-1.9942678688599844","-1.9942678688599844"
"28000","-2.38760765371688","-2.38760765371688","-2.38760765371688","-1.401386366207663","-1.401386366207663","-1.401386366207663","-1.2399878277060803","-1.2399878277060803","-1.2399878277060803","-1.699250373715984","-1.699250373715984","-1.699250373715984","-2.264300606924281","-2.264300606924281","-2.264300606924281","-2.137484265062483","-2.137484265062483","-2.137484265062483","-0.9403963458793833","-0.9403963458793833","-0.9403963458793833","-1.118843833047384","-1.118843833047384","-1.118843833047384","-2.372620490253227","-2.372620490253227","-2.372620490253227","-2.1917029073064023","-2.1917029073064023","-2.1917029073064023"
"28500","-2.727011389956483","-2.727011389956483","-2.727011389956483","-1.447774062887785","-1.447774062887785","-1.447774062887785","-1.0128523970102545","-1.0128523970102545","-1.0128523970102545","-1.5280331522471857","-1.5280331522471857","-1.5280331522471857","-1.8346058895848967","-1.8346058895848967","-1.8346058895848967","-1.9090262719286872","-1.9090262719286872","-1.9090262719286872","-1.5629373972560858","-1.5629373972560858","-1.5629373972560858","-1.7893805009558061","-1.7893805009558061","-1.7893805009558061","-1.9890895197711764","-1.9890895197711764","-1.9890895197711764","-1.6632175315390487","-1.6632175315390487","-1.6632175315390487"
"29000","-2.1805036364309283","-2.1805036364309283","-2.1805036364309283","-1.653850593074429","-1.653850593074429","-1.653850593074429","-1.34546626263272","-1.34546626263272","-1.34546626263272","-1.7627357285432403","-1.7627357285432403","-1.7627357285432403","-1.765245767804458","-1.765245767804458","-1.765245767804458","-2.5122785510064003","-2.5122785510064003","-2.5122785510064003","-0.9105624408573834","-0.9105624408573834","-0.9105624408573834","-1.0836966282247003","-1.0836966282247003","-1.0836966282247003","-1.3405940725147318","-1.3405940725147318","-1.3405940725147318","-1.8706618604669536","-1.8706618604669536","-1.8706618604669536"
"29500","-2.0633361735515625","-2.0633361735515625","-2.0633361735515625","-2.80509564133222","-2.80509564133222","-2.80509564133222","-0.871760291028257","-0.871760291028257","-0.871760291028257","-2.1733440185858406","-2.1733440185858406","-2.1733440185858406","-1.8885652118895038","-1.8885652118895038","-1.8885652118895038","-1.7012085695358075","-1.7012085695358075","-1.7012085695358075","-1.1013499960591548","-1.1013499960591548","-1.1013499960591548","-2.455051316656065","-2.455051316656065","-2.455051316656065","-1.4986436079210883","-1.4986436079210883","-1.4986436079210883","-1.7925962737310708","-1.7925962737310708","-1.7925962737310708"
"30000","-2.8387728739910814","-2.8387728739910814","-2.8387728739910814","-2.0779443678748875","-2.0779443678748875","-2.0779443678748875","-1.238925384597583","-1.238925384597583","-1.238925384597583","-1.8146067346821098","-1.8146067346821098","-1.8146067346821098","-1.588840594130674","-1.588840594130674","-1.588840594130674","-2.0447114539229623","-2.0447114539229623","-2.0447114539229623","-1.3811722245851605","-1.3811722245851605","-1.3811722245851605","-1.6729226725947406","-1.6729226725947406","-1.6729226725947406","-1.6927097154821724","-1.6927097154821724","-1.6927097154821724","-1.8759730569546629","-1.8759730569546629","-1.8759730569546629"
"30500","-2.301080370889609","-2.301080370889609","-2.301080370889609","-1.5719328240738242","-1.5719328240738242","-1.5719328240738242","-1.0633161006448781","-1.0633161006448781","-1.0633161006448781","-1.5018632500318914","-1.5018632500318914","-1.5018632500318914","-1.4270263889085049","-1.4270263889085049","-1.4270263889085049","-2.4261373449562216","-2.4261373449562216","-2.4261373449562216","-0.8328879075349851","-0.8328879075349851","-0.8328879075349851","-2.1617273540617243","-2.1617273540617243","-2.1617273540617243","-1.3755370553290713","-1.3755370553290713","-1.3755370553290713","-1.8120528263013633","-1.8120528263013633","-1.8120528263013633"
"31000","-2.329814437283017","-2.329814437283017","-2.329814437283017","-1.0222579778514451","-1.0222579778514451","-1.0222579778514451","-1.2169518943816553","-1.2169518943816553","-1.2169518943816553","-1.3932065731393874","-1.3932065731393874","-1.3932065731393874","-1.666109796773141","-1.666109796773141","-1.666109796773141","-1.7102128400346133","-1.7102128400346133","-1.7102128400346133","-1.1021060247379029","-1.1021060247379029","-1.1021060247379029","-0.8627988505576234","-0.8627988505576234","-0.8627988505576234","-1.768042969977938","-1.768042969977938","-1.768042969977938","-1.6435509213578683","-1.6435509213578683","-1.6435509213578683"
"31500","-2.067903926729719","-2.067903926729719","-2.067903926729719","-1.659071453500842","-1.659071453500842","-1.659071453500842","-1.2648148408855024","-1.2648148408855024","-1.2648148408855024","-1.216755667034293","-1.216755667034293","-1.216755667034293","-1.5839546329352898","-1.5839546329352898","-1.5839546329352898","-1.6731169357507425","-1.6731169357507425","-1.6731169357507425","-1.312006732407389","-1.312006732407389","-1.312006732407389","-1.0061364967629234","-1.0061364967629234","-1.0061364967629234","-1.6990918246001763","-1.6990918246001763","-1.6990918246001763","-2.7629490521020594","-2.7629490521020594","-2.7629490521020594"
"32000","-1.7972318969865888","-1.7972318969865888","-1.7972318969865888","-1.178950978493543","-1.178950978493543","-1.178950978493543","-1.8006858035775166","-1.8006858035775166","-1.8006858035775166","-1.6242702141598866","-1.6242702141598866","-1.6242702141598866","-1.662270145723498","-1.662270145723498","-1.662270145723498","-2.307824654845634","-2.307824654845634","-2.307824654845634","-1.2512172789907408","-1.2512172789907408","-1.2512172789907408","-1.550195824502492","-1.550195824502492","-1.550195824502492","-1.3942641558084308","-1.3942641558084308","-1.3942641558084308","-1.8423141521736806","-1.8423141521736806","-1.8423141521736806"
"32500","-2.3982480073961967","-2.3982480073961967","-2.3982480073961967","-1.3163045805424871","-1.3163045805424871","-1.3163045805424871","-1.421510443427193","-1.421510443427193","-1.421510443427193","-1.569991198711005","-1.569991198711005","-1.569991198711005","-1.4727244538388633","-1.4727244538388633","-1.4727244538388633","-1.3897724588810205","-1.3897724588810205","-1.3897724588810205","-0.960064213718201","-0.960064213718201","-0.960064213718201","-1.7345891138391916","-1.7345891138391916","-1.7345891138391916","-1.613983904601558","-1.613983904601558","-1.613983904601558","-1.8745840969881928","-1.8745840969881928","-1.8745840969881928"
"33000","-2.176484348783177","-2.176484348783177","-2.176484348783177","-1.4670304157250658","-1.4670304157250658","-1.4670304157250658","-1.4408107874062295","-1.4408107874062295","-1.4408107874062295","-1.8854931428952537","-1.8854931428952537","-1.8854931428952537","-1.0652723064460727","-1.0652723064460727","-1.0652723064460727","-1.2773675864821312","-1.2773675864821312","-1.2773675864821312","-1.5613472164496578","-1.5613472164496578","-1.5613472164496578","-0.8182984653014808","-0.8182984653014808","-0.8182984653014808","-2.0080900914828095","-2.0080900914828095","-2.0080900914828095","-1.363521813519998","-1.363521813519998","-1.363521813519998"
"33500","-1.782965301448711","-1.782965301448711","-1.782965301448711","-1.5019261947038496","-1.5019261947038496","-1.5019261947038496","-1.288712996358569","-1.288712996358569","-1.288712996358569","-1.378711758311122","-1.378711758311122","-1.378711758311122","-1.1807002725951392","-1.1807002725951392","-1.1807002725951392","-1.8092891527856891","-1.8092891527856891","-1.8092891527856891","-0.6464548166414463","-0.6464548166414463","-0.6464548166414463","-1.8048750052236286","-1.8048750052236286","-1.8048750052236286","-2.7566024310897017","-2.7566024310897017","-2.7566024310897017","-1.383932639947436","-1.383932639947436","-1.383932639947436"
"34000","-2.0031426344284475","-2.0031426344284475","-2.0031426344284475","-1.3023556703596184","-1.3023556703596184","-1.3023556703596184","-1.2012548359672919","-1.2012548359672919","-1.2012548359672919","-1.6181189523427135","-1.6181189523427135","-1.6181189523427135","-1.0628719639123063","-1.0628719639123063","-1.0628719639123063","-1.5603622457977548","-1.5603622457977548","-1.5603622457977548","-1.545496158277016","-1.545496158277016","-1.545496158277016","-1.342734990109624","-1.342734990109624","-1.342734990109624","-1.6347125874630606","-1.6347125874630606","-1.6347125874630606","-1.7146138779562865","-1.7146138779562865","-1.7146138779562865"
"34500","-2.1655069000806364","-2.1655069000806364","-2.1655069000806364","-1.2477258335047612","-1.2477258335047612","-1.2477258335047612","-2.709696679108668","-2.709696679108668","-2.709696679108668","-1.6452643870332788","-1.6452643870332788","-1.6452643870332788","-1.4638448846246037","-1.4638448846246037","-1.4638448846246037","-1.4613455871018974","-1.4613455871018974","-1.4613455871018974","-0.7580799571206932","-0.7580799571206932","-0.7580799571206932","-0.7807518022683229","-0.7807518022683229","-0.7807518022683229","-2.0367153031391636","-2.0367153031391636","-2.0367153031391636","-1.9172543842664325","-1.9172543842664325","-1.9172543842664325"
"35000","-1.8179543454784592","-1.8179543454784592","-1.8179543454784592","-1.2313262053417828","-1.2313262053417828","-1.2313262053417828","-1.1417678748830766","-1.1417678748830766","-1.1417678748830766","-1.7928723379464337","-1.7928723379464337","-1.7928723379464337","-1.3516071974113406","-1.3516071974113406","-1.3516071974113406","-1.5082465301904504","-1.5082465301904504","-1.5082465301904504","-1.1309362545771853","-1.1309362545771853","-1.1309362545771853","-0.8865287379248972","-0.8865287379248972","-0.8865287379248972","-1.4934273091578478","-1.4934273091578478","-1.4934273091578478","-1.6065967267352146","-1.6065967267352146","-1.6065967267352146"
"35500","-2.055834083064668","-2.055834083064668","-2.055834083064668","-1.4120493543867096","-1.4120493543867096","-1.4120493543867096","-1.239478633128795","-1.239478633128795","-1.239478633128795","-1.9355569703300397","-1.9355569703300397","-1.9355569703300397","-1.1993928736939872","-1.1993928736939872","-1.1993928736939872","-1.7830321533858229","-1.7830321533858229","-1.7830321533858229","-1.6162329681803917","-1.6162329681803917","-1.6162329681803917","-0.9771593102815936","-0.9771593102815936","-0.9771593102815936","-1.1214573300690964","-1.1214573300690964","-1.1214573300690964","-1.5300127649442672","-1.5300127649442672","-1.5300127649442672"
"36000","-2.169667107576256","-2.169667107576256","-2.169667107576256","-2.072077912985667","-2.072077912985667","-2.072077912985667","-1.5014087568295864","-1.5014087568295864","-1.5014087568295864","-2.2162904683872204","-2.2162904683872204","-2.2162904683872204","-1.3015353382108479","-1.3015353382108479","-1.3015353382108479","-2.250105949301555","-2.250105949301555","-2.250105949301555","-0.9413613828585801","-0.9413613828585801","-0.9413613828585801","-0.8934980921659921","-0.8934980921659921","-0.8934980921659921","-1.4040791775144188","-1.4040791775144188","-1.4040791775144188","-1.9364042248708624","-1.9364042248708624","-1.9364042248708624"
"36500","-2.0531204040867546","-2.0531204040867546","-2.0531204040867546","-1.543696792780176","-1.543696792780176","-1.543696792780176","-1.5256117983733746","-1.5256117983733746","-1.5256117983733746","-1.3981404028229134","-1.3981404028229134","-1.3981404028229134","-1.0773699997011974","-1.0773699997011974","-1.0773699997011974","-1.5594464116820659","-1.5594464116820659","-1.5594464116820659","-1.2969027030622435","-1.2969027030622435","-1.2969027030622435","-1.502475578425249","-1.502475578425249","-1.502475578425249","-1.412434487346218","-1.412434487346218","-1.412434487346218","-1.5594116530488678","-1.5594116530488678","-1.5594116530488678"
"37000","-1.9842279855553062","-1.9842279855553062","-1.9842279855553062","-1.06080645248216","-1.06080645248216","-1.06080645248216","-1.6472472367733295","-1.6472472367733295","-1.6472472367733295","-2.099096928943017","-2.099096928943017","-2.099096928943017","-1.0478514528172496","-1.0478514528172496","-1.0478514528172496","-1.608503593012519","-1.608503593012519","-1.608503593012519","-0.8928585609627179","-0.8928585609627179","-0.8928585609627179","-1.4489166226613222","-1.4489166226613222","-1.4489166226613222","-1.3298693031123061","-1.3298693031123061","-1.3298693031123061","-1.757796130640471","-1.757796130640471","-1.757796130640471"
"37500","-1.825109341724809","-1.825109341724809","-1.825109341724809","-1.39695138724706","-1.39695138724706","-1.39695138724706","-1.1769159497251591","-1.1769159497251591","-1.1769159497251591","-1.570717209560693","-1.570717209560693","-1.570717209560693","-1.086249061791838","-1.086249061791838","-1.086249061791838","-1.5915481754464662","-1.5915481754464662","-1.5915481754464662","-0.7855521778483665","-0.7855521778483665","-0.7855521778483665","-1.5028780450464507","-1.5028780450464507","-1.5028780450464507","-1.4063298955080898","-1.4063298955080898","-1.4063298955080898","-2.001903600479339","-2.001903600479339","-2.001903600479339"
"38000","-2.078026449897042","-2.078026449897042","-2.078026449897042","-0.8593465240734022","-0.8593465240734022","-0.8593465240734022","-1.3831167277566103","-1.3831167277566103","-1.3831167277566103","-1.6084438549003501","-1.6084438549003501","-1.6084438549003501","-1.1135692049364416","-1.1135692049364416","-1.1135692049364416","-2.0128810121375245","-2.0128810121375245","-2.0128810121375245","-0.9224850705566144","-0.9224850705566144","-0.9224850705566144","-0.9911762431567144","-0.9911762431567144","-0.9911762431567144","-1.3977663467378192","-1.3977663467378192","-1.3977663467378192","-1.6715728789596116","-1.6715728789596116","-1.6715728789596116"
"38500","-2.022789711036654","-2.022789711036654","-2.022789711036654","-1.5342408720229275","-1.5342408720229275","-1.5342408720229275","-1.2998371199493646","-1.2998371199493646","-1.2998371199493646","-2.2102390106685665","-2.2102390106685665","-2.2102390106685665","-1.0771655441851304","-1.0771655441851304","-1.0771655441851304","-1.9776082104015853","-1.9776082104015853","-1.9776082104015853","-0.8042874002126549","-0.8042874002126549","-0.8042874002126549","-1.1103264972099494","-1.1103264972099494","-1.1103264972099494","-1.412691281084225","-1.412691281084225","-1.412691281084225","-2.1434012222222547","-2.1434012222222547","-2.1434012222222547"
"39000","-2.0791878855786368","-2.0791878855786368","-2.0791878855786368","-1.1523813525433733","-1.1523813525433733","-1.1523813525433733","-1.4044575554261525","-1.4044575554261525","-1.4044575554261525","-1.793046002579062","-1.793046002579062","-1.793046002579062","-0.9458813281795212","-0.9458813281795212","-0.9458813281795212","-1.666639102872899","-1.666639102872899","-1.666639102872899","-0.6234296912663078","-0.6234296912663078","-0.6234296912663078","-1.0182410110090125","-1.0182410110090125","-1.0182410110090125","-1.582720191156195","-1.582720191156195","-1.582720191156195","-1.5889347867276131","-1.5889347867276131","-1.5889347867276131"
"39500","-2.107535284605374","-2.107535284605374","-2.107535284605374","-1.0379800568308164","-1.0379800568308164","-1.0379800568308164","-0.9973293979824074","-0.9973293979824074","-0.9973293979824074","-1.3551179998298952","-1.3551179998298952","-1.3551179998298952","-1.0168070460110397","-1.0168070460110397","-1.0168070460110397","-2.0806651708461263","-2.0806651708461263","-2.0806651708461263","-0.6388486597778373","-0.6388486597778373","-0.6388486597778373","-1.0499645968709306","-1.0499645968709306","-1.0499645968709306","-1.354253803273048","-1.354253803273048","-1.354253803273048","-1.2075500887725865","-1.2075500887725865","-1.2075500887725865"
"40000","-2.173305946453361","-2.173305946453361","-2.173305946453361","-1.5526068837081153","-1.5526068837081153","-1.5526068837081153","-1.278894142002603","-1.278894142002603","-1.278894142002603","-1.8555130395591095","-1.8555130395591095","-1.8555130395591095","-1.2143191620116376","-1.2143191620116376","-1.2143191620116376","-1.6627755087696816","-1.6627755087696816","-1.6627755087696816","-0.8543792623535607","-0.8543792623535607","-0.8543792623535607","-0.9554706991650328","-0.9554706991650328","-0.9554706991650328","-1.3130883683530403","-1.3130883683530403","-1.3130883683530403","-2.057724428951105","-2.057724428951105","-2.057724428951105"
"40500","-1.94772905780959","-1.94772905780959","-1.94772905780959","-1.0062082024762258","-1.0062082024762258","-1.0062082024762258","-1.170541741958042","-1.170541741958042","-1.170541741958042","-1.6610227833091336","-1.6610227833091336","-1.6610227833091336","-1.0062563273158875","-1.0062563273158875","-1.0062563273158875","-1.3146169225350728","-1.3146169225350728","-1.3146169225350728","-0.7334826303920498","-0.7334826303920498","-0.7334826303920498","-0.8545641284673234","-0.8545641284673234","-0.8545641284673234","-1.088468256511794","-1.088468256511794","-1.088468256511794","-2.0786011623436305","-2.0786011623436305","-2.0786011623436305"
"41000","-2.0061834381109014","-2.0061834381109014","-2.0061834381109014","-1.11087188422485","-1.11087188422485","-1.11087188422485","-0.973766513170663","-0.973766513170663","-0.973766513170663","-2.3347369867180765","-2.3347369867180765","-2.3347369867180765","-0.9326958351062304","-0.9326958351062304","-0.9326958351062304","-1.5143172404934269","-1.5143172404934269","-1.5143172404934269","-0.8432273956855105","-0.8432273956855105","-0.8432273956855105","-0.7756513069753007","-0.7756513069753007","-0.7756513069753007","-1.4022849911939326","-1.4022849911939326","-1.4022849911939326","-1.9103395573100805","-1.9103395573100805","-1.9103395573100805"
"41500","-2.0509795809238263","-2.0509795809238263","-2.0509795809238263","-0.9100059914776614","-0.9100059914776614","-0.9100059914776614","-0.9957284473549339","-0.9957284473549339","-0.9957284473549339","-1.5908204489024107","-1.5908204489024107","-1.5908204489024107","-0.8388214904476314","-0.8388214904476314","-0.8388214904476314","-1.483982203564532","-1.483982203564532","-1.483982203564532","-0.7281959357457949","-0.7281959357457949","-0.7281959357457949","-1.3263151268495086","-1.3263151268495086","-1.3263151268495086","-1.0357770909466777","-1.0357770909466777","-1.0357770909466777","-1.9528241609472823","-1.9528241609472823","-1.9528241609472823"
"42000","-1.9499905542867269","-1.9499905542867269","-1.9499905542867269","-0.8714996177725849","-0.8714996177725849","-0.8714996177725849","-1.4449878781240915","-1.4449878781240915","-1.4449878781240915","-1.3626986436900972","-1.3626986436900972","-1.3626986436900972","-0.9560271678848397","-0.9560271678848397","-0.9560271678848397","-1.2886844456023139","-1.2886844456023139","-1.2886844456023139","-0.7234042202499872","-0.7234042202499872","-0.7234042202499872","-0.9984511109861265","-0.9984511109861265","-0.9984511109861265","-1.1632777727293824","-1.1632777727293824","-1.1632777727293824","-1.7627301438757133","-1.7627301438757133","-1.7627301438757133"
"42500","-1.8908951844705002","-1.8908951844705002","-1.8908951844705002","-0.6900840251856769","-0.6900840251856769","-0.6900840251856769","-1.559189180785058","-1.559189180785058","-1.559189180785058","-1.3194345042354656","-1.3194345042354656","-1.3194345042354656","-0.8838282972795966","-0.8838282972795966","-0.8838282972795966","-1.8658895150631392","-1.8658895150631392","-1.8658895150631392","-0.8287780435737014","-0.8287780435737014","-0.8287780435737014","-0.7777226461963077","-0.7777226461963077","-0.7777226461963077","-1.1737301433322966","-1.1737301433322966","-1.1737301433322966","-1.551174965827192","-1.551174965827192","-1.551174965827192"
"43000","-2.105685492007511","-2.105685492007511","-2.105685492007511","-0.863615259811073","-0.863615259811073","-0.863615259811073","-1.5433926786447532","-1.5433926786447532","-1.5433926786447532","-1.482519053044759","-1.482519053044759","-1.482519053044759","-0.9078800290701909","-0.9078800290701909","-0.9078800290701909","-1.8363627202041322","-1.8363627202041322","-1.8363627202041322","-0.8688753491136673","-0.8688753491136673","-0.8688753491136673","-0.9280917416102735","-0.9280917416102735","-0.9280917416102735","-1.076971574102834","-1.076971574102834","-1.076971574102834","-1.516471656030342","-1.516471656030342","-1.516471656030342"
"43500","-1.958796362154779","-1.958796362154779","-1.958796362154779","-0.8909290565733284","-0.8909290565733284","-0.8909290565733284","-1.2908567935704716","-1.2908567935704716","-1.2908567935704716","-1.2984958998724796","-1.2984958998724796","-1.2984958998724796","-0.9284407957594528","-0.9284407957594528","-0.9284407957594528","-2.0898080506309946","-2.0898080506309946","-2.0898080506309946","-0.8371988871086931","-0.8371988871086931","-0.8371988871086931","-1.1494518615069298","-1.1494518615069298","-1.1494518615069298","-1.2054721377451938","-1.2054721377451938","-1.2054721377451938","-1.4903978118977066","-1.4903978118977066","-1.4903978118977066"
"44000","-1.9872006762078585","-1.9872006762078585","-1.9872006762078585","-1.2124251916271707","-1.2124251916271707","-1.2124251916271707","-1.459456239715935","-1.459456239715935","-1.459456239715935","-1.4630305887447208","-1.4630305887447208","-1.4630305887447208","-0.8400364808623223","-0.8400364808623223","-0.8400364808623223","-1.8651670951831896","-1.8651670951831896","-1.8651670951831896","-0.6284423171342004","-0.6284423171342004","-0.6284423171342004","-0.8420292985650819","-0.8420292985650819","-0.8420292985650819","-1.1437076444958651","-1.1437076444958651","-1.1437076444958651","-1.9040139279905766","-1.9040139279905766","-1.9040139279905766"
"44500","-2.0793945711658375","-2.0793945711658375","-2.0793945711658375","-0.7963161119028492","-0.7963161119028492","-0.7963161119028492","-1.3615043426493336","-1.3615043426493336","-1.3615043426493336","-1.2699148820418065","-1.2699148820418065","-1.2699148820418065","-0.8173128235018486","-0.8173128235018486","-0.8173128235018486","-1.985693582956109","-1.985693582956109","-1.985693582956109","-0.6646167635956421","-0.6646167635956421","-0.6646167635956421","-0.8582785853520596","-0.8582785853520596","-0.8582785853520596","-1.1452002902031087","-1.1452002902031087","-1.1452002902031087","-1.8487588367113272","-1.8487588367113272","-1.8487588367113272"
"45000","-2.3158573994890674","-2.3158573994890674","-2.3158573994890674","-1.1960278627943408","-1.1960278627943408","-1.1960278627943408","-1.4955753265557459","-1.4955753265557459","-1.4955753265557459","-1.8797989501502894","-1.8797989501502894","-1.8797989501502894","-0.7966143215321683","-0.7966143215321683","-0.7966143215321683","-2.21799812393838","-2.21799812393838","-2.21799812393838","-0.5760453226373488","-0.5760453226373488","-0.5760453226373488","-0.9580049792542817","-0.9580049792542817","-0.9580049792542817","-1.045112231009011","-1.045112231009011","-1.045112231009011","-1.9488082616756113","-1.9488082616756113","-1.9488082616756113"
"45500","-2.2570485459482077","-2.2570485459482077","-2.2570485459482077","-0.761077841809432","-0.761077841809432","-0.761077841809432","-1.3405084145297352","-1.3405084145297352","-1.3405084145297352","-1.3557194480947903","-1.3557194480947903","-1.3557194480947903","-0.7545003184132492","-0.7545003184132492","-0.7545003184132492","-1.817888655104405","-1.817888655104405","-1.817888655104405","-0.5997158198034513","-0.5997158198034513","-0.5997158198034513","-1.0692875665173367","-1.0692875665173367","-1.0692875665173367","-1.0439085870484641","-1.0439085870484641","-1.0439085870484641","-1.5005420514275896","-1.5005420514275896","-1.5005420514275896"
"46000","-2.1573461914611176","-2.1573461914611176","-2.1573461914611176","-0.7875192907163916","-0.7875192907163916","-0.7875192907163916","-1.1615168730682581","-1.1615168730682581","-1.1615168730682581","-1.1387655905529261","-1.1387655905529261","-1.1387655905529261","-0.7625391897085051","-0.7625391897085051","-0.7625391897085051","-1.611096747830614","-1.611096747830614","-1.611096747830614","-1.1878387112499271","-1.1878387112499271","-1.1878387112499271","-1.0411065445464869","-1.0411065445464869","-1.0411065445464869","-1.0371566289355638","-1.0371566289355638","-1.0371566289355638","-1.5367659670179363","-1.5367659670179363","-1.5367659670179363"
"46500","-2.0598080086771717","-2.0598080086771717","-2.0598080086771717","-0.9842104185407059","-0.9842104185407059","-0.9842104185407059","-1.1483341026795713","-1.1483341026795713","-1.1483341026795713","-1.6502820908394493","-1.6502820908394493","-1.6502820908394493","-0.8519913793987175","-0.8519913793987175","-0.8519913793987175","-1.6679878644724213","-1.6679878644724213","-1.6679878644724213","-0.7138724377149035","-0.7138724377149035","-0.7138724377149035","-0.8331077688614874","-0.8331077688614874","-0.8331077688614874","-1.1582282115520806","-1.1582282115520806","-1.1582282115520806","-1.5030362085338553","-1.5030362085338553","-1.5030362085338553"
"47000","-2.1175940816528787","-2.1175940816528787","-2.1175940816528787","-1.153627309034219","-1.153627309034219","-1.153627309034219","-1.1404683295310183","-1.1404683295310183","-1.1404683295310183","-1.5668668458573038","-1.5668668458573038","-1.5668668458573038","-0.8962386471355975","-0.8962386471355975","-0.8962386471355975","-1.7479768436883822","-1.7479768436883822","-1.7479768436883822","-0.8334375295268401","-0.8334375295268401","-0.8334375295268401","-0.8910819539585463","-0.8910819539585463","-0.8910819539585463","-1.2233782972857117","-1.2233782972857117","-1.2233782972857117","-1.3083584435580042","-1.3083584435580042","-1.3083584435580042"
"47500","-2.2757046817798754","-2.2757046817798754","-2.2757046817798754","-0.9738949189643217","-0.9738949189643217","-0.9738949189643217","-0.9811853770292377","-0.9811853770292377","-0.9811853770292377","-1.250614601423859","-1.250614601423859","-1.250614601423859","-0.6781764226079943","-0.6781764226079943","-0.6781764226079943","-1.789482445879953","-1.789482445879953","-1.789482445879953","-0.718233200682288","-0.718233200682288","-0.718233200682288","-0.9873355796414135","-0.9873355796414135","-0.9873355796414135","-1.1826370703097568","-1.1826370703097568","-1.1826370703097568","-1.3118964697273932","-1.3118964697273932","-1.3118964697273932"
"48000","-2.2145786116886805","-2.2145786116886805","-2.2145786116886805","-0.7573564050872044","-0.7573564050872044","-0.7573564050872044","-0.9623747727907993","-0.9623747727907993","-0.9623747727907993","-1.4358808605969617","-1.4358808605969617","-1.4358808605969617","-0.8110766099292224","-0.8110766099292224","-0.8110766099292224","-1.4918474952122396","-1.4918474952122396","-1.4918474952122396","-0.7919713175250112","-0.7919713175250112","-0.7919713175250112","-0.9146232919467412","-0.9146232919467412","-0.9146232919467412","-1.071748526653364","-1.071748526653364","-1.071748526653364","-1.6763447372923082","-1.6763447372923082","-1.6763447372923082"
"48500","-2.2596029803998134","-2.2596029803998134","-2.2596029803998134","-0.8261346735187753","-0.8261346735187753","-0.8261346735187753","-0.9801090422192434","-0.9801090422192434","-0.9801090422192434","-1.1606848253501223","-1.1606848253501223","-1.1606848253501223","-0.8588163446120249","-0.8588163446120249","-0.8588163446120249","-1.6115719400162027","-1.6115719400162027","-1.6115719400162027","-0.7233971804721595","-0.7233971804721595","-0.7233971804721595","-0.9301180865391935","-0.9301180865391935","-0.9301180865391935","-1.1706804315945716","-1.1706804315945716","-1.1706804315945716","-1.3946613088401594","-1.3946613088401594","-1.3946613088401594"
"49000","-2.1603280233548965","-2.1603280233548965","-2.1603280233548965","-1.1860248204657822","-1.1860248204657822","-1.1860248204657822","-1.1104379496933592","-1.1104379496933592","-1.1104379496933592","-1.4168329984258528","-1.4168329984258528","-1.4168329984258528","-1.0031325688648745","-1.0031325688648745","-1.0031325688648745","-1.450693064917052","-1.450693064917052","-1.450693064917052","-0.9207770313580262","-0.9207770313580262","-0.9207770313580262","-0.9183754998987672","-0.9183754998987672","-0.9183754998987672","-1.089768253748268","-1.089768253748268","-1.089768253748268","-1.3081486195402268","-1.3081486195402268","-1.3081486195402268"
"49500","-2.1576278259638304","-2.1576278259638304","-2.1576278259638304","-0.9854804478048257","-0.9854804478048257","-0.9854804478048257","-1.004249601693909","-1.004249601693909","-1.004249601693909","-1.6091142907263822","-1.6091142907263822","-1.6091142907263822","-0.6855282759113417","-0.6855282759113417","-0.6855282759113417","-1.695505622634886","-1.695505622634886","-1.695505622634886","-0.8214607085011423","-0.8214607085011423","-0.8214607085011423","-0.9266330003129152","-0.9266330003129152","-0.9266330003129152","-1.0530666313672872","-1.0530666313672872","-1.0530666313672872","-1.359570383370871","-1.359570383370871","-1.359570383370871"
"50000","-2.1243279833373454","-2.1243279833373454","-2.1243279833373454","-0.7523778289935087","-0.7523778289935087","-0.7523778289935087","-1.5924223372052342","-1.5924223372052342","-1.5924223372052342","-1.4479595262796527","-1.4479595262796527","-1.4479595262796527","-0.7486083444295327","-0.7486083444295327","-0.7486083444295327","-1.5010185658196074","-1.5010185658196074","-1.5010185658196074","-0.8145954946493221","-0.8145954946493221","-0.8145954946493221","-1.0395819019034078","-1.0395819019034078","-1.0395819019034078","-1.0123990416007564","-1.0123990416007564","-1.0123990416007564","-1.2183288194724684","-1.2183288194724684","-1.2183288194724684"